მოდელები,min/სიმღლე,max/სიმაღლე,min/განი,max/განი ,რეინჯები,არარეკომენდირებული სიმღლე,ნომენკლატურა,some code,color,some code 2,უნიკალური კოდი,პროფილი გვერდითა,some code 3 = somecode 2,side profile,color,უნიკალური კოდი,შემკვრელი ზედა,profile top,code,color,უნიკალური კოდი,შემკვრელი ქვედა,profile bot,code,color,უნიკალური კოდი,ტიხარი,partition,code,color,უნიკალური კოდი,ნელი დაკეტვის მექანიზმი,უნიკალური კოდი
მირზაია ,1600,2600,500,1100,1600-2000,2600-2700,"პნლა275002 - გასაგორებელი კარი მირზაია, შავი, 1600-2000, გალუ4108",პნლა275002,შავი,გალუ4108,000041482,გალუ4108 - პროფილი. ნობელალუმინა XGJB-1058P ვწ. ორმხრივი გვერდი შავი,გალუ4108,პროფილი. ნობელალუმინა XGJB-1058P ვწ. ორმხრივი გვერდი,შავი,000015193,გალუ4349 - პროფილი. ნობელალუმინა XBF-013 თხ. ტიხარი/ზედა შემკვრელი შავი,პროფილი. ნობელალუმინა XBF-013 თხ. ტიხარი/ზედა შემკვრელი,გალუ4349,შავი,000016298,გალუ4337 - პროფილი. ნობელალუმინა XSEK-502 თხ. ქვედა შემკვრელი შავი,პროფილი. ნობელალუმინა XSEK-502 თხ. ქვედა შემკვრელი,გალუ4337,შავი,000016296,გალუ4349 - პროფილი. ნობელალუმინა XBF-013 თხ. ტიხარი/ზედა შემკვრელი შავი,პროფილი. ნობელალუმინა XBF-013 თხ. ტიხარი/ზედა შემკვრელი,გალუ4349,შავი,000016298,გმქნ4061 - შემაფერხებელიანი მიმმართველი ალუმინის ფასადის.  ნობელალუმინა HB01,000013473
მირზაია ,1600,2600,500,1100,2001-2600,2600-2700,"პნლა275020 - გასაგორებელი კარი მირზაია, შავი, 2001-2600, გალუ4108",პნლა275020,შავი,გალუ4108,000041500,გალუ4108 - პროფილი. ნობელალუმინა XGJB-1058P ვწ. ორმხრივი გვერდი შავი,გალუ4108,პროფილი. ნობელალუმინა XGJB-1058P ვწ. ორმხრივი გვერდი,შავი,000015193,გალუ4349 - პროფილი. ნობელალუმინა XBF-013 თხ. ტიხარი/ზედა შემკვრელი შავი,პროფილი. ნობელალუმინა XBF-013 თხ. ტიხარი/ზედა შემკვრელი,გალუ4349,შავი,000016298,გალუ4337 - პროფილი. ნობელალუმინა XSEK-502 თხ. ქვედა შემკვრელი შავი,პროფილი. ნობელალუმინა XSEK-502 თხ. ქვედა შემკვრელი,გალუ4337,შავი,000016296,გალუ4349 - პროფილი. ნობელალუმინა XBF-013 თხ. ტიხარი/ზედა შემკვრელი შავი,პროფილი. ნობელალუმინა XBF-013 თხ. ტიხარი/ზედა შემკვრელი,გალუ4349,შავი,000016298,გმქნ4061 - შემაფერხებელიანი მიმმართველი ალუმინის ფასადის.  ნობელალუმინა HB01,000013473
მირზაია ,1600,2600,500,1100,1600-2000,2600-2700,"პნლა275001 - გასაგორებელი კარი მირზაია, ინოქსი, 1600-2000, გალუ4108",პნლა275001,ინოქსი,გალუ4108,000041481,გალუ4108 - პროფილი. ნობელალუმინა XGJB-1058P ვწ. ორმხრივი გვერდი ინოქსი,გალუ4108,პროფილი. ნობელალუმინა XGJB-1058P ვწ. ორმხრივი გვერდი,ინოქსი,000015192,გალუ4349 - პროფილი. ნობელალუმინა XBF-013 თხ. ტიხარი/ზედა შემკვრელი ინოქსი,პროფილი. ნობელალუმინა XBF-013 თხ. ტიხარი/ზედა შემკვრელი,გალუ4349,ინოქსი,000016297,გალუ4337 - პროფილი. ნობელალუმინა XSEK-502 თხ. ქვედა შემკვრელი ინოქსი,პროფილი. ნობელალუმინა XSEK-502 თხ. ქვედა შემკვრელი,გალუ4337,ინოქსი,000016295,გალუ4349 - პროფილი. ნობელალუმინა XBF-013 თხ. ტიხარი/ზედა შემკვრელი ინოქსი,პროფილი. ნობელალუმინა XBF-013 თხ. ტიხარი/ზედა შემკვრელი,გალუ4349,ინოქსი,000016297,გმქნ4061 - შემაფერხებელიანი მიმმართველი ალუმინის ფასადის.  ნობელალუმინა HB01,000013473
მირზაია ,1600,2600,500,1100,2001-2600,2600-2700,"პნლა275019 - გასაგორებელი კარი მირზაია, ინოქსი, 2001-2600, გალუ4108",პნლა275019,ინოქსი,გალუ4108,000041499,გალუ4108 - პროფილი. ნობელალუმინა XGJB-1058P ვწ. ორმხრივი გვერდი ინოქსი,გალუ4108,პროფილი. ნობელალუმინა XGJB-1058P ვწ. ორმხრივი გვერდი,ინოქსი,000015192,გალუ4349 - პროფილი. ნობელალუმინა XBF-013 თხ. ტიხარი/ზედა შემკვრელი ინოქსი,პროფილი. ნობელალუმინა XBF-013 თხ. ტიხარი/ზედა შემკვრელი,გალუ4349,ინოქსი,000016297,გალუ4337 - პროფილი. ნობელალუმინა XSEK-502 თხ. ქვედა შემკვრელი ინოქსი,პროფილი. ნობელალუმინა XSEK-502 თხ. ქვედა შემკვრელი,გალუ4337,ინოქსი,000016295,გალუ4349 - პროფილი. ნობელალუმინა XBF-013 თხ. ტიხარი/ზედა შემკვრელი ინოქსი,პროფილი. ნობელალუმინა XBF-013 თხ. ტიხარი/ზედა შემკვრელი,გალუ4349,ინოქსი,000016297,გმქნ4061 - შემაფერხებელიანი მიმმართველი ალუმინის ფასადის.  ნობელალუმინა HB01,000013473
მირზაია ,1600,2600,500,1100,1600-2000,2600-2700,"პნლა275003 - გასაგორებელი კარი მირზაია, გრაფიტი, 1600-2000, გალუ4181",პნლა275003,ინოქსი,გალუ4181,000041483,გალუ4181 - პროფილი. ნობელალუმინა XGJB-1354 ორი დონე გვერდი გრაფიტი,გალუ4181,პროფილი. ნობელალუმინა XGJB-1354 ორი დონე გვერდი,გრაფიტი,000016301,გალუ4186 - პროფილი. ნობელალუმინა XGJB-1352 ორი დონე ზედა შემკვრელი გრაფიტი,პროფილი. ნობელალუმინა XGJB-1352 ორი დონე ზედა შემკვრელი,გალუ4186,გრაფიტი,000016303,გალუ4184 - პროფილი. ნობელალუმინა XGJB-1353 ორი დონე ქვედა შემკვრელი გრაფიტი,პროფილი. ნობელალუმინა XGJB-1353 ორი დონე ქვედა შემკვრელი,გალუ4184,გრაფიტი,000016302,გალუ4189 - პროფილი. ნობელალუმინა XGJB-1368P ორი დონე შიდა ტიხარი გრაფიტი,პროფილი. ნობელალუმინა XGJB-1368P ორი დონე შიდა ტიხარი,გალუ4189,გრაფიტი,000016304,გმქნ4061 - შემაფერხებელიანი მიმმართველი ალუმინის ფასადის.  ნობელალუმინა HB01,000013473
მირზაია ,1600,2600,500,1100,2001-2600,2600-2700,"პნლა275021 - გასაგორებელი კარი მირზაია, გრაფიტი, 2001-2600, გალუ4181",პნლა275021,ინოქსი,გალუ4181,000041501,გალუ4181 - პროფილი. ნობელალუმინა XGJB-1354 ორი დონე გვერდი გრაფიტი,გალუ4181,პროფილი. ნობელალუმინა XGJB-1354 ორი დონე გვერდი,გრაფიტი,000016301,გალუ4186 - პროფილი. ნობელალუმინა XGJB-1352 ორი დონე ზედა შემკვრელი გრაფიტი,პროფილი. ნობელალუმინა XGJB-1352 ორი დონე ზედა შემკვრელი,გალუ4186,გრაფიტი,000016303,გალუ4184 - პროფილი. ნობელალუმინა XGJB-1353 ორი დონე ქვედა შემკვრელი გრაფიტი,პროფილი. ნობელალუმინა XGJB-1353 ორი დონე ქვედა შემკვრელი,გალუ4184,გრაფიტი,000016302,გალუ4189 - პროფილი. ნობელალუმინა XGJB-1368P ორი დონე შიდა ტიხარი გრაფიტი,პროფილი. ნობელალუმინა XGJB-1368P ორი დონე შიდა ტიხარი,გალუ4189,გრაფიტი,000016304,გმქნ4061 - შემაფერხებელიანი მიმმართველი ალუმინის ფასადის.  ნობელალუმინა HB01,000013473
მირზაია ,1600,2600,500,1100,1600-2000,2600-2700,"პნლა275004 - გასაგორებელი კარი მირზაია, სილვერი, 1600-2000, გალუ4014",პნლა275004,ინოქსი,გალუ4014,000041484,გალუ4014 - პროფილი. ნობელალუმინა XBX-043P სწორი/ფიგურიანი გვერდი სილვერი,გალუ4014,პროფილი. ნობელალუმინა XBX-043P სწორი/ფიგურიანი გვერდი,სილვერი,000012321,გალუ4156 - პროფილი. ნობელალუმინა LXD-3025 თხ. ზედა შემკვრელი სილვერი,პროფილი. ნობელალუმინა LXD-3025 თხ. ზედა შემკვრელი,გალუ4156,სილვერი,000012323,გალუ4151 - პროფილი. ნობელალუმინა LXD-3027 თხ. ქვედა შემკვრელი სილვერი,პროფილი. ნობელალუმინა LXD-3027 თხ. ქვედა შემკვრელი,გალუ4151,სილვერი,000012322,გალუ4162 - პროფილი. ნობელალუმინა LXD-3026 თხ. შიდა ტიხარი სილვერი,პროფილი. ნობელალუმინა LXD-3026 თხ. შიდა ტიხარი,გალუ4162,სილვერი,000012324,გმქნ4061 - შემაფერხებელიანი მიმმართველი ალუმინის ფასადის.  ნობელალუმინა HB01,000013473
მირზაია ,1600,2600,500,1100,2001-2600,2600-2700,"პნლა275022 - გასაგორებელი კარი მირზაია, სილვერი, 2001-2600, გალუ4014",პნლა275022,ინოქსი,გალუ4014,000041502,გალუ4014 - პროფილი. ნობელალუმინა XBX-043P სწორი/ფიგურიანი გვერდი სილვერი,გალუ4014,პროფილი. ნობელალუმინა XBX-043P სწორი/ფიგურიანი გვერდი,სილვერი,000012321,გალუ4156 - პროფილი. ნობელალუმინა LXD-3025 თხ. ზედა შემკვრელი სილვერი,პროფილი. ნობელალუმინა LXD-3025 თხ. ზედა შემკვრელი,გალუ4156,სილვერი,000012323,გალუ4151 - პროფილი. ნობელალუმინა LXD-3027 თხ. ქვედა შემკვრელი სილვერი,პროფილი. ნობელალუმინა LXD-3027 თხ. ქვედა შემკვრელი,გალუ4151,სილვერი,000012322,გალუ4162 - პროფილი. ნობელალუმინა LXD-3026 თხ. შიდა ტიხარი სილვერი,პროფილი. ნობელალუმინა LXD-3026 თხ. შიდა ტიხარი,გალუ4162,სილვერი,000012324,გმქნ4061 - შემაფერხებელიანი მიმმართველი ალუმინის ფასადის.  ნობელალუმინა HB01,000013473
მირზაია ,1600,2600,500,1100,1600-2000,2600-2700,"პნლა275005 - გასაგორებელი კარი მირზაია, ინოქსი, 1600-2000, გალუ4014",პნლა275005,ინოქსი,გალუ4014,000041485,გალუ4014 - პროფილი. ნობელალუმინა XBX-043P სწორი/ფიგურიანი გვერდი ინოქსი,გალუ4014,პროფილი. ნობელალუმინა XBX-043P სწორი/ფიგურიანი გვერდი,ინოქსი,000016288,გალუ4349 - პროფილი. ნობელალუმინა XBF-013 თხ. ტიხარი/ზედა შემკვრელი ინოქსი,პროფილი. ნობელალუმინა XBF-013 თხ. ტიხარი/ზედა შემკვრელი,გალუ4349,ინოქსი,000016297,გალუ4337 - პროფილი. ნობელალუმინა XSEK-502 თხ. ქვედა შემკვრელი ინოქსი,პროფილი. ნობელალუმინა XSEK-502 თხ. ქვედა შემკვრელი,გალუ4337,ინოქსი,000016295,გალუ4349 - პროფილი. ნობელალუმინა XBF-013 თხ. ტიხარი/ზედა შემკვრელი ინოქსი,პროფილი. ნობელალუმინა XBF-013 თხ. ტიხარი/ზედა შემკვრელი,გალუ4349,ინოქსი,000016297,გმქნ4061 - შემაფერხებელიანი მიმმართველი ალუმინის ფასადის.  ნობელალუმინა HB01,000013473
მირზაია ,1600,2600,500,1100,2001-2600,2600-2700,"პნლა275023 - გასაგორებელი კარი მირზაია, ინოქსი, 2001-2600, გალუ4014",პნლა275023,ინოქსი,გალუ4014,000041503,გალუ4014 - პროფილი. ნობელალუმინა XBX-043P სწორი/ფიგურიანი გვერდი ინოქსი,გალუ4014,პროფილი. ნობელალუმინა XBX-043P სწორი/ფიგურიანი გვერდი,ინოქსი,000016288,გალუ4349 - პროფილი. ნობელალუმინა XBF-013 თხ. ტიხარი/ზედა შემკვრელი ინოქსი,პროფილი. ნობელალუმინა XBF-013 თხ. ტიხარი/ზედა შემკვრელი,გალუ4349,ინოქსი,000016297,გალუ4337 - პროფილი. ნობელალუმინა XSEK-502 თხ. ქვედა შემკვრელი ინოქსი,პროფილი. ნობელალუმინა XSEK-502 თხ. ქვედა შემკვრელი,გალუ4337,ინოქსი,000016295,გალუ4349 - პროფილი. ნობელალუმინა XBF-013 თხ. ტიხარი/ზედა შემკვრელი ინოქსი,პროფილი. ნობელალუმინა XBF-013 თხ. ტიხარი/ზედა შემკვრელი,გალუ4349,ინოქსი,000016297,გმქნ4061 - შემაფერხებელიანი მიმმართველი ალუმინის ფასადის.  ნობელალუმინა HB01,000013473
მირზაია ,1600,2600,500,1100,1600-2000,2600-2700,"პნლა275006 - გასაგორებელი კარი მირზაია, ინოქსი, 1600-2000, გალუ4206",პნლა275006,ინოქსი,გალუ4206,000041486,გალუ4206 - პროფილი. ნობელალუმინა XGJB-618P შტ. ფასადის გვერდი ინოქსი,გალუ4206,პროფილი. ნობელალუმინა XGJB-618P შტ. ფასადის გვერდი,ინოქსი,000016289,გალუ4226 - პროფილი. ნობელალუმინა XGJB-619P შტ. ზედა შემკვრელი ინოქსი,პროფილი. ნობელალუმინა XGJB-619P შტ. ზედა შემკვრელი,გალუ4226,ინოქსი,000016293,გალუ4221 - პროფილი. ნობელალუმინა XGJB-619AP შტ. ქვედა შემკვრელი ინოქსი,პროფილი. ნობელალუმინა XGJB-619AP შტ. ქვედა შემკვრელი,გალუ4221,ინოქსი,000016291,გალუ4226 - პროფილი. ნობელალუმინა XGJB-619P შტ. ზედა შემკვრელი ინოქსი,პროფილი. ნობელალუმინა XGJB-619P შტ. ზედა შემკვრელი,გალუ4226,ინოქსი,000016293,გმქნ4061 - შემაფერხებელიანი მიმმართველი ალუმინის ფასადის.  ნობელალუმინა HB01,000013473
მირზაია ,1600,2600,500,1100,2001-2600,2600-2700,"პნლა275024 - გასაგორებელი კარი მირზაია, ინოქსი, 2001-2600, გალუ4206",პნლა275024,ინოქსი,გალუ4206,000041504,გალუ4206 - პროფილი. ნობელალუმინა XGJB-618P შტ. ფასადის გვერდი ინოქსი,გალუ4206,პროფილი. ნობელალუმინა XGJB-618P შტ. ფასადის გვერდი,ინოქსი,000016289,გალუ4226 - პროფილი. ნობელალუმინა XGJB-619P შტ. ზედა შემკვრელი ინოქსი,პროფილი. ნობელალუმინა XGJB-619P შტ. ზედა შემკვრელი,გალუ4226,ინოქსი,000016293,გალუ4221 - პროფილი. ნობელალუმინა XGJB-619AP შტ. ქვედა შემკვრელი ინოქსი,პროფილი. ნობელალუმინა XGJB-619AP შტ. ქვედა შემკვრელი,გალუ4221,ინოქსი,000016291,გალუ4226 - პროფილი. ნობელალუმინა XGJB-619P შტ. ზედა შემკვრელი ინოქსი,პროფილი. ნობელალუმინა XGJB-619P შტ. ზედა შემკვრელი,გალუ4226,ინოქსი,000016293,გმქნ4061 - შემაფერხებელიანი მიმმართველი ალუმინის ფასადის.  ნობელალუმინა HB01,000013473
მირზაია ,1600,2600,500,1100,1600-2000,2600-2700,"პნლა275007 - გასაგორებელი კარი მირზაია, შავი, 1600-2000, გალუ4206",პნლა275007,ინოქსი,გალუ4206,000041487,გალუ4206 - პროფილი. ნობელალუმინა XGJB-618P შტ. ფასადის გვერდი შავი,გალუ4206,პროფილი. ნობელალუმინა XGJB-618P შტ. ფასადის გვერდი,შავი,000016290,გალუ4226 - პროფილი. ნობელალუმინა XGJB-619P შტ. ზედა შემკვრელი შავი,პროფილი. ნობელალუმინა XGJB-619P შტ. ზედა შემკვრელი,გალუ4226,შავი,000016294,გალუ4221 - პროფილი. ნობელალუმინა XGJB-619AP შტ. ქვედა შემკვრელი შავი,პროფილი. ნობელალუმინა XGJB-619AP შტ. ქვედა შემკვრელი,გალუ4221,შავი,000016292,გალუ4226 - პროფილი. ნობელალუმინა XGJB-619P შტ. ზედა შემკვრელი შავი,პროფილი. ნობელალუმინა XGJB-619P შტ. ზედა შემკვრელი,გალუ4226,შავი,000016294,გმქნ4061 - შემაფერხებელიანი მიმმართველი ალუმინის ფასადის.  ნობელალუმინა HB01,000013473
მირზაია ,1600,2600,500,1100,2001-2600,2600-2700,"პნლა275025 - გასაგორებელი კარი მირზაია, შავი, 2001-2600, გალუ4206",პნლა275025,ინოქსი,გალუ4206,000041505,გალუ4206 - პროფილი. ნობელალუმინა XGJB-618P შტ. ფასადის გვერდი შავი,გალუ4206,პროფილი. ნობელალუმინა XGJB-618P შტ. ფასადის გვერდი,შავი,000016290,გალუ4226 - პროფილი. ნობელალუმინა XGJB-619P შტ. ზედა შემკვრელი შავი,პროფილი. ნობელალუმინა XGJB-619P შტ. ზედა შემკვრელი,გალუ4226,შავი,000016294,გალუ4221 - პროფილი. ნობელალუმინა XGJB-619AP შტ. ქვედა შემკვრელი შავი,პროფილი. ნობელალუმინა XGJB-619AP შტ. ქვედა შემკვრელი,გალუ4221,შავი,000016292,გალუ4226 - პროფილი. ნობელალუმინა XGJB-619P შტ. ზედა შემკვრელი შავი,პროფილი. ნობელალუმინა XGJB-619P შტ. ზედა შემკვრელი,გალუ4226,შავი,000016294,გმქნ4061 - შემაფერხებელიანი მიმმართველი ალუმინის ფასადის.  ნობელალუმინა HB01,000013473
მირზაია ,1600,2600,500,1100,1600-2000,2600-2700,"პნლა275008 - გასაგორებელი კარი მირზაია, ინოქსი, 1600-2000, გალუ4323",პნლა275008,ინოქსი,გალუ4323,000041488,გალუ4323 - პროფილი. ნობელალუმინა ZJB-715 შემკვრელი გვერდი ინოქსი,გალუ4323,პროფილი. ნობელალუმინა ZJB-715 შემკვრელი გვერდი,ინოქსი,000015211,გალუ4349 - პროფილი. ნობელალუმინა XBF-013 თხ. ტიხარი/ზედა შემკვრელი ინოქსი,პროფილი. ნობელალუმინა XBF-013 თხ. ტიხარი/ზედა შემკვრელი,გალუ4349,ინოქსი,000016297,გალუ4337 - პროფილი. ნობელალუმინა XSEK-502 თხ. ქვედა შემკვრელი ინოქსი,პროფილი. ნობელალუმინა XSEK-502 თხ. ქვედა შემკვრელი,გალუ4337,ინოქსი,000016295,გალუ4349 - პროფილი. ნობელალუმინა XBF-013 თხ. ტიხარი/ზედა შემკვრელი ინოქსი,პროფილი. ნობელალუმინა XBF-013 თხ. ტიხარი/ზედა შემკვრელი,გალუ4349,ინოქსი,000016297,გმქნ4061 - შემაფერხებელიანი მიმმართველი ალუმინის ფასადის.  ნობელალუმინა HB01,000013473
მირზაია ,1600,2600,500,1100,2001-2600,2600-2700,"პნლა275026 - გასაგორებელი კარი მირზაია, ინოქსი, 2001-2600, გალუ4323",პნლა275026,ინოქსი,გალუ4323,000041506,გალუ4323 - პროფილი. ნობელალუმინა ZJB-715 შემკვრელი გვერდი ინოქსი,გალუ4323,პროფილი. ნობელალუმინა ZJB-715 შემკვრელი გვერდი,ინოქსი,000015211,გალუ4349 - პროფილი. ნობელალუმინა XBF-013 თხ. ტიხარი/ზედა შემკვრელი ინოქსი,პროფილი. ნობელალუმინა XBF-013 თხ. ტიხარი/ზედა შემკვრელი,გალუ4349,ინოქსი,000016297,გალუ4337 - პროფილი. ნობელალუმინა XSEK-502 თხ. ქვედა შემკვრელი ინოქსი,პროფილი. ნობელალუმინა XSEK-502 თხ. ქვედა შემკვრელი,გალუ4337,ინოქსი,000016295,გალუ4349 - პროფილი. ნობელალუმინა XBF-013 თხ. ტიხარი/ზედა შემკვრელი ინოქსი,პროფილი. ნობელალუმინა XBF-013 თხ. ტიხარი/ზედა შემკვრელი,გალუ4349,ინოქსი,000016297,გმქნ4061 - შემაფერხებელიანი მიმმართველი ალუმინის ფასადის.  ნობელალუმინა HB01,000013473
მირზაია ,1600,2600,500,1100,1600-2000,2600-2700,"პნლა275009 - გასაგორებელი კარი მირზაია, შავი, 1600-2000, გალუ4323",პნლა275009,ინოქსი,გალუ4323,000041489,გალუ4323 - პროფილი. ნობელალუმინა ZJB-715 შემკვრელი გვერდი შავი,გალუ4323,პროფილი. ნობელალუმინა ZJB-715 შემკვრელი გვერდი,შავი,000015212,გალუ4349 - პროფილი. ნობელალუმინა XBF-013 თხ. ტიხარი/ზედა შემკვრელი შავი,პროფილი. ნობელალუმინა XBF-013 თხ. ტიხარი/ზედა შემკვრელი,გალუ4349,შავი,000016298,გალუ4337 - პროფილი. ნობელალუმინა XSEK-502 თხ. ქვედა შემკვრელი შავი,პროფილი. ნობელალუმინა XSEK-502 თხ. ქვედა შემკვრელი,გალუ4337,შავი,000016296,გალუ4349 - პროფილი. ნობელალუმინა XBF-013 თხ. ტიხარი/ზედა შემკვრელი შავი,პროფილი. ნობელალუმინა XBF-013 თხ. ტიხარი/ზედა შემკვრელი,გალუ4349,შავი,000016298,გმქნ4061 - შემაფერხებელიანი მიმმართველი ალუმინის ფასადის.  ნობელალუმინა HB01,000013473
მირზაია ,1600,2600,500,1100,2001-2600,2600-2700,"პნლა275027 - გასაგორებელი კარი მირზაია, შავი, 2001-2600, გალუ4323",პნლა275027,ინოქსი,გალუ4323,000041507,გალუ4323 - პროფილი. ნობელალუმინა ZJB-715 შემკვრელი გვერდი შავი,გალუ4323,პროფილი. ნობელალუმინა ZJB-715 შემკვრელი გვერდი,შავი,000015212,გალუ4349 - პროფილი. ნობელალუმინა XBF-013 თხ. ტიხარი/ზედა შემკვრელი შავი,პროფილი. ნობელალუმინა XBF-013 თხ. ტიხარი/ზედა შემკვრელი,გალუ4349,შავი,000016298,გალუ4337 - პროფილი. ნობელალუმინა XSEK-502 თხ. ქვედა შემკვრელი შავი,პროფილი. ნობელალუმინა XSEK-502 თხ. ქვედა შემკვრელი,გალუ4337,შავი,000016296,გალუ4349 - პროფილი. ნობელალუმინა XBF-013 თხ. ტიხარი/ზედა შემკვრელი შავი,პროფილი. ნობელალუმინა XBF-013 თხ. ტიხარი/ზედა შემკვრელი,გალუ4349,შავი,000016298,გმქნ4061 - შემაფერხებელიანი მიმმართველი ალუმინის ფასადის.  ნობელალუმინა HB01,000013473
მირზაია ,1600,2600,500,1100,1600-2000,2600-2700,"პნლა275010 - გასაგორებელი კარი მირზაია, ინოქსი, 1600-2000, გალუ4355",პნლა275010,ინოქსი,გალუ4355,000041490,გალუ4355 - პროფილი. ნობელალუმინა LWY-002 ფასადის გვერდი ინოქსი,გალუ4355,პროფილი. ნობელალუმინა LWY-002 ფასადის გვერდი,ინოქსი,000016300,გალუ4349 - პროფილი. ნობელალუმინა XBF-013 თხ. ტიხარი/ზედა შემკვრელი ინოქსი,პროფილი. ნობელალუმინა XBF-013 თხ. ტიხარი/ზედა შემკვრელი,გალუ4349,ინოქსი,000016297,გალუ4337 - პროფილი. ნობელალუმინა XSEK-502 თხ. ქვედა შემკვრელი ინოქსი,პროფილი. ნობელალუმინა XSEK-502 თხ. ქვედა შემკვრელი,გალუ4337,ინოქსი,000016295,გალუ4349 - პროფილი. ნობელალუმინა XBF-013 თხ. ტიხარი/ზედა შემკვრელი ინოქსი,პროფილი. ნობელალუმინა XBF-013 თხ. ტიხარი/ზედა შემკვრელი,გალუ4349,ინოქსი,000016297,გმქნ4061 - შემაფერხებელიანი მიმმართველი ალუმინის ფასადის.  ნობელალუმინა HB01,000013473
მირზაია ,1600,2600,500,1100,2001-2600,2600-2700,"პნლა275028 - გასაგორებელი კარი მირზაია, ინოქსი, 2001-2600, გალუ4355",პნლა275028,ინოქსი,გალუ4355,000041508,გალუ4355 - პროფილი. ნობელალუმინა LWY-002 ფასადის გვერდი ინოქსი,გალუ4355,პროფილი. ნობელალუმინა LWY-002 ფასადის გვერდი,ინოქსი,000016300,გალუ4349 - პროფილი. ნობელალუმინა XBF-013 თხ. ტიხარი/ზედა შემკვრელი ინოქსი,პროფილი. ნობელალუმინა XBF-013 თხ. ტიხარი/ზედა შემკვრელი,გალუ4349,ინოქსი,000016297,გალუ4337 - პროფილი. ნობელალუმინა XSEK-502 თხ. ქვედა შემკვრელი ინოქსი,პროფილი. ნობელალუმინა XSEK-502 თხ. ქვედა შემკვრელი,გალუ4337,ინოქსი,000016295,გალუ4349 - პროფილი. ნობელალუმინა XBF-013 თხ. ტიხარი/ზედა შემკვრელი ინოქსი,პროფილი. ნობელალუმინა XBF-013 თხ. ტიხარი/ზედა შემკვრელი,გალუ4349,ინოქსი,000016297,გმქნ4061 - შემაფერხებელიანი მიმმართველი ალუმინის ფასადის.  ნობელალუმინა HB01,000013473
მირზაია ,1600,2600,500,1100,1600-2000,2600-2700,"პნლა275011 - გასაგორებელი კარი მირზაია, შავი, 1600-2000, გალუ4355",პნლა275011,ინოქსი,გალუ4355,000041491,გალუ4355 - პროფილი. ნობელალუმინა LWY-002 ფასადის გვერდი შავი,გალუ4355,პროფილი. ნობელალუმინა LWY-002 ფასადის გვერდი,შავი,000016299,გალუ4349 - პროფილი. ნობელალუმინა XBF-013 თხ. ტიხარი/ზედა შემკვრელი შავი,პროფილი. ნობელალუმინა XBF-013 თხ. ტიხარი/ზედა შემკვრელი,გალუ4349,შავი,000016298,გალუ4337 - პროფილი. ნობელალუმინა XSEK-502 თხ. ქვედა შემკვრელი შავი,პროფილი. ნობელალუმინა XSEK-502 თხ. ქვედა შემკვრელი,გალუ4337,შავი,000016296,გალუ4349 - პროფილი. ნობელალუმინა XBF-013 თხ. ტიხარი/ზედა შემკვრელი შავი,პროფილი. ნობელალუმინა XBF-013 თხ. ტიხარი/ზედა შემკვრელი,გალუ4349,შავი,000016298,გმქნ4061 - შემაფერხებელიანი მიმმართველი ალუმინის ფასადის.  ნობელალუმინა HB01,000013473
მირზაია ,1600,2600,500,1100,2001-2600,2600-2700,"პნლა275029 - გასაგორებელი კარი მირზაია, შავი, 2001-2600, გალუ4355",პნლა275029,ინოქსი,გალუ4355,000041509,გალუ4355 - პროფილი. ნობელალუმინა LWY-002 ფასადის გვერდი შავი,გალუ4355,პროფილი. ნობელალუმინა LWY-002 ფასადის გვერდი,შავი,000016299,გალუ4349 - პროფილი. ნობელალუმინა XBF-013 თხ. ტიხარი/ზედა შემკვრელი შავი,პროფილი. ნობელალუმინა XBF-013 თხ. ტიხარი/ზედა შემკვრელი,გალუ4349,შავი,000016298,გალუ4337 - პროფილი. ნობელალუმინა XSEK-502 თხ. ქვედა შემკვრელი შავი,პროფილი. ნობელალუმინა XSEK-502 თხ. ქვედა შემკვრელი,გალუ4337,შავი,000016296,გალუ4349 - პროფილი. ნობელალუმინა XBF-013 თხ. ტიხარი/ზედა შემკვრელი შავი,პროფილი. ნობელალუმინა XBF-013 თხ. ტიხარი/ზედა შემკვრელი,გალუ4349,შავი,000016298,გმქნ4061 - შემაფერხებელიანი მიმმართველი ალუმინის ფასადის.  ნობელალუმინა HB01,000013473
მირზაია ,1600,2600,500,1100,1600-2000,2600-2700,"პნლა275012 - გასაგორებელი კარი მირზაია, ინოქსი, 1600-2000, გალუ4111",პნლა275012,ინოქსი,გალუ4111,000041492,გალუ4111 - პროფილი. ნობელალუმინა XGJB-629 ვწ. ფასადის გვერდი ინოქსი,გალუ4111,პროფილი. ნობელალუმინა XGJB-629 ვწ. ფასადის გვერდი,ინოქსი,000015194,გალუ4126 - პროფილი. ნობელალუმინა XGJB-340 ვწ. ზედა შემკვრელი ინოქსი,პროფილი. ნობელალუმინა XGJB-340 ვწ. ზედა შემკვრელი,გალუ4126,ინოქსი,000015198,გალუ4121 - პროფილი. ნობელალუმინა XGJB-339 ვწ. ქვედა შემკვრელი ინოქსი,პროფილი. ნობელალუმინა XGJB-339 ვწ. ქვედა შემკვრელი,გალუ4121,ინოქსი,000015196,გალუ4132 - პროფილი. ნობელალუმინა XGJB-341P ვწ. შიდა ტიხარი ინოქსი,პროფილი. ნობელალუმინა XGJB-341P ვწ. შიდა ტიხარი,გალუ4132,ინოქსი,000015200,გმქნ4061 - შემაფერხებელიანი მიმმართველი ალუმინის ფასადის.  ნობელალუმინა HB01,000013473
მირზაია ,1600,2600,500,1100,2001-2600,2600-2700,"პნლა275030 - გასაგორებელი კარი მირზაია, ინოქსი, 2001-2600, გალუ4111",პნლა275030,ინოქსი,გალუ4111,000041510,გალუ4111 - პროფილი. ნობელალუმინა XGJB-629 ვწ. ფასადის გვერდი ინოქსი,გალუ4111,პროფილი. ნობელალუმინა XGJB-629 ვწ. ფასადის გვერდი,ინოქსი,000015194,გალუ4126 - პროფილი. ნობელალუმინა XGJB-340 ვწ. ზედა შემკვრელი ინოქსი,პროფილი. ნობელალუმინა XGJB-340 ვწ. ზედა შემკვრელი,გალუ4126,ინოქსი,000015198,გალუ4121 - პროფილი. ნობელალუმინა XGJB-339 ვწ. ქვედა შემკვრელი ინოქსი,პროფილი. ნობელალუმინა XGJB-339 ვწ. ქვედა შემკვრელი,გალუ4121,ინოქსი,000015196,გალუ4132 - პროფილი. ნობელალუმინა XGJB-341P ვწ. შიდა ტიხარი ინოქსი,პროფილი. ნობელალუმინა XGJB-341P ვწ. შიდა ტიხარი,გალუ4132,ინოქსი,000015200,გმქნ4061 - შემაფერხებელიანი მიმმართველი ალუმინის ფასადის.  ნობელალუმინა HB01,000013473
მირზაია ,1600,2600,500,1100,1600-2000,2600-2700,"პნლა275013 - გასაგორებელი კარი მირზაია, შავი, 1600-2000, გალუ4111",პნლა275013,ინოქსი,გალუ4111,000041493,გალუ4111 - პროფილი. ნობელალუმინა XGJB-629 ვწ. ფასადის გვერდი შავი,გალუ4111,პროფილი. ნობელალუმინა XGJB-629 ვწ. ფასადის გვერდი,შავი,000015195,გალუ4126 - პროფილი. ნობელალუმინა XGJB-340 ვწ. ზედა შემკვრელი შავი,პროფილი. ნობელალუმინა XGJB-340 ვწ. ზედა შემკვრელი,გალუ4126,შავი,000015199,გალუ4121 - პროფილი. ნობელალუმინა XGJB-339 ვწ. ქვედა შემკვრელი შავი,პროფილი. ნობელალუმინა XGJB-339 ვწ. ქვედა შემკვრელი,გალუ4121,შავი,000015197,გალუ4132 - პროფილი. ნობელალუმინა XGJB-341P ვწ. შიდა ტიხარი შავი,პროფილი. ნობელალუმინა XGJB-341P ვწ. შიდა ტიხარი,გალუ4132,შავი,000015201,გმქნ4061 - შემაფერხებელიანი მიმმართველი ალუმინის ფასადის.  ნობელალუმინა HB01,000013473
მირზაია ,1600,2600,500,1100,2001-2600,2600-2700,"პნლა275031 - გასაგორებელი კარი მირზაია, შავი, 2001-2600, გალუ4111",პნლა275031,ინოქსი,გალუ4111,000041511,გალუ4111 - პროფილი. ნობელალუმინა XGJB-629 ვწ. ფასადის გვერდი შავი,გალუ4111,პროფილი. ნობელალუმინა XGJB-629 ვწ. ფასადის გვერდი,შავი,000015195,გალუ4126 - პროფილი. ნობელალუმინა XGJB-340 ვწ. ზედა შემკვრელი შავი,პროფილი. ნობელალუმინა XGJB-340 ვწ. ზედა შემკვრელი,გალუ4126,შავი,000015199,გალუ4121 - პროფილი. ნობელალუმინა XGJB-339 ვწ. ქვედა შემკვრელი შავი,პროფილი. ნობელალუმინა XGJB-339 ვწ. ქვედა შემკვრელი,გალუ4121,შავი,000015197,გალუ4132 - პროფილი. ნობელალუმინა XGJB-341P ვწ. შიდა ტიხარი შავი,პროფილი. ნობელალუმინა XGJB-341P ვწ. შიდა ტიხარი,გალუ4132,შავი,000015201,გმქნ4061 - შემაფერხებელიანი მიმმართველი ალუმინის ფასადის.  ნობელალუმინა HB01,000013473
მირზაია ,1600,2600,500,1100,1600-2000,2600-2700,"პნლა275014 - გასაგორებელი კარი მირზაია, ინოქსი, 1600-2000, გალუ4171",პნლა275014,ინოქსი,გალუ4171,000041494,გალუ4171 - პროფილი. ნობელალუმინა XGJB-1372 კუბიკი გვერდი ინოქსი,გალუ4171,პროფილი. ნობელალუმინა XGJB-1372 კუბიკი გვერდი,ინოქსი,000015180,გალუ4176 - პროფილი. ნობელალუმინა XGJB-1371 კუბიკი ზედა შემკვრელი ინოქსი,პროფილი. ნობელალუმინა XGJB-1371 კუბიკი ზედა შემკვრელი,გალუ4176,ინოქსი,000015205,გალუ4174 - პროფილი. ნობელალუმინა XGJB-1369 კუბიკი ქვედა შემკვრელი ინოქსი,პროფილი. ნობელალუმინა XGJB-1369 კუბიკი ქვედა შემკვრელი,გალუ4174,ინოქსი,000015203,გალუ4179 - პროფილი. ნობელალუმინა XGJB-1370 კუბიკი შიდა ტიხარი ინოქსი,პროფილი. ნობელალუმინა XGJB-1370 კუბიკი შიდა ტიხარი,გალუ4179,ინოქსი,000015207,გმქნ4061 - შემაფერხებელიანი მიმმართველი ალუმინის ფასადის.  ნობელალუმინა HB01,000013473
მირზაია ,1600,2600,500,1100,2001-2600,2600-2700,"პნლა275032 - გასაგორებელი კარი მირზაია, ინოქსი, 2001-2600, გალუ4171",პნლა275032,ინოქსი,გალუ4171,000041512,გალუ4171 - პროფილი. ნობელალუმინა XGJB-1372 კუბიკი გვერდი ინოქსი,გალუ4171,პროფილი. ნობელალუმინა XGJB-1372 კუბიკი გვერდი,ინოქსი,000015180,გალუ4176 - პროფილი. ნობელალუმინა XGJB-1371 კუბიკი ზედა შემკვრელი ინოქსი,პროფილი. ნობელალუმინა XGJB-1371 კუბიკი ზედა შემკვრელი,გალუ4176,ინოქსი,000015205,გალუ4174 - პროფილი. ნობელალუმინა XGJB-1369 კუბიკი ქვედა შემკვრელი ინოქსი,პროფილი. ნობელალუმინა XGJB-1369 კუბიკი ქვედა შემკვრელი,გალუ4174,ინოქსი,000015203,გალუ4179 - პროფილი. ნობელალუმინა XGJB-1370 კუბიკი შიდა ტიხარი ინოქსი,პროფილი. ნობელალუმინა XGJB-1370 კუბიკი შიდა ტიხარი,გალუ4179,ინოქსი,000015207,გმქნ4061 - შემაფერხებელიანი მიმმართველი ალუმინის ფასადის.  ნობელალუმინა HB01,000013473
მირზაია ,1600,2600,500,1100,1600-2000,2600-2700,"პნლა275015 - გასაგორებელი კარი მირზაია, შავი, 1600-2000, გალუ4171",პნლა275015,ინოქსი,გალუ4171,000041495,გალუ4171 - პროფილი. ნობელალუმინა XGJB-1372 კუბიკი გვერდი შავი,გალუ4171,პროფილი. ნობელალუმინა XGJB-1372 კუბიკი გვერდი,შავი,000015202,გალუ4176 - პროფილი. ნობელალუმინა XGJB-1371 კუბიკი ზედა შემკვრელი შავი,პროფილი. ნობელალუმინა XGJB-1371 კუბიკი ზედა შემკვრელი,გალუ4176,შავი,000015206,გალუ4174 - პროფილი. ნობელალუმინა XGJB-1369 კუბიკი ქვედა შემკვრელი შავი,პროფილი. ნობელალუმინა XGJB-1369 კუბიკი ქვედა შემკვრელი,გალუ4174,შავი,000015204,გალუ4179 - პროფილი. ნობელალუმინა XGJB-1370 კუბიკი შიდა ტიხარი შავი,პროფილი. ნობელალუმინა XGJB-1370 კუბიკი შიდა ტიხარი,გალუ4179,შავი,000015208,გმქნ4061 - შემაფერხებელიანი მიმმართველი ალუმინის ფასადის.  ნობელალუმინა HB01,000013473
მირზაია ,1600,2600,500,1100,2001-2600,2600-2700,"პნლა275033 - გასაგორებელი კარი მირზაია, შავი, 2001-2600, გალუ4171",პნლა275033,ინოქსი,გალუ4171,000041513,გალუ4171 - პროფილი. ნობელალუმინა XGJB-1372 კუბიკი გვერდი შავი,გალუ4171,პროფილი. ნობელალუმინა XGJB-1372 კუბიკი გვერდი,შავი,000015202,გალუ4176 - პროფილი. ნობელალუმინა XGJB-1371 კუბიკი ზედა შემკვრელი შავი,პროფილი. ნობელალუმინა XGJB-1371 კუბიკი ზედა შემკვრელი,გალუ4176,შავი,000015206,გალუ4174 - პროფილი. ნობელალუმინა XGJB-1369 კუბიკი ქვედა შემკვრელი შავი,პროფილი. ნობელალუმინა XGJB-1369 კუბიკი ქვედა შემკვრელი,გალუ4174,შავი,000015204,გალუ4179 - პროფილი. ნობელალუმინა XGJB-1370 კუბიკი შიდა ტიხარი შავი,პროფილი. ნობელალუმინა XGJB-1370 კუბიკი შიდა ტიხარი,გალუ4179,შავი,000015208,გმქნ4061 - შემაფერხებელიანი მიმმართველი ალუმინის ფასადის.  ნობელალუმინა HB01,000013473
მირზაია ,1600,2600,500,1100,1600-2000,2600-2700,"პნლა275016 - გასაგორებელი კარი მირზაია, ინოქს, 1600-2000, ალდ4722",პნლა275016,ინოქსი,ალდ4722,000041496,"ალდ4722 - პროფილი ალ. შემკვრელი გვერდი, დემსას 4722დპ2 პ/ინოქს",ალდ4722,"პროფილი ალ. შემკვრელი გვერდი, დემსას 4722დპ2",პ/ინოქს,000004465,"ალდ4722 - პროფილი ალ. შემკვრელი გვერდი, დემსას 4722დპ2 პ/ინოქს","პროფილი ალ. შემკვრელი გვერდი, დემსას 4722დპ2",ალდ4722,ინოქსი,000004465,"ალდ4045 - პროფილი ალ. შემკვრელი ქვედა, დემსას 4045დპ2 პ/ინოქს","პროფილი ალ. შემკვრელი ქვედა, დემსას 4045დპ2",ალდ4045,ინოქსი,000004461,"ალდ3998 - პროფილი ალ. შემკვრელი შუა, დემსას 3998დპ2 პ/ინოქს","პროფილი ალ. შემკვრელი შუა, დემსას 3998დპ2",ალდ3998,ინოქსი,000004460,გმქნ4061 - შემაფერხებელიანი მიმმართველი ალუმინის ფასადის.  ნობელალუმინა HB01,000013473
მირზაია ,1600,2600,500,1100,2001-2600,2600-2700,"პნლა275034 - გასაგორებელი კარი მირზაია, ინოქს, 2001-2600, ალდ4722",პნლა275034,ინოქსი,ალდ4722,000041514,"ალდ4722 - პროფილი ალ. შემკვრელი გვერდი, დემსას 4722დპ2 პ/ინოქს",ალდ4722,"პროფილი ალ. შემკვრელი გვერდი, დემსას 4722დპ2",პ/ინოქს,000004465,"ალდ4722 - პროფილი ალ. შემკვრელი გვერდი, დემსას 4722დპ2 პ/ინოქს","პროფილი ალ. შემკვრელი გვერდი, დემსას 4722დპ2",ალდ4722,ინოქსი,000004465,"ალდ4045 - პროფილი ალ. შემკვრელი ქვედა, დემსას 4045დპ2 პ/ინოქს","პროფილი ალ. შემკვრელი ქვედა, დემსას 4045დპ2",ალდ4045,ინოქსი,000004461,"ალდ3998 - პროფილი ალ. შემკვრელი შუა, დემსას 3998დპ2 პ/ინოქს","პროფილი ალ. შემკვრელი შუა, დემსას 3998დპ2",ალდ3998,ინოქსი,000004460,გმქნ4061 - შემაფერხებელიანი მიმმართველი ალუმინის ფასადის.  ნობელალუმინა HB01,000013473
მირზაია ,1600,2600,500,1100,1600-2000,2600-2700,"პნლა275017 - გასაგორებელი კარი მირზაია, ინოქსი, 1600-2000, გალუ4312",პნლა275017,ინოქსი,გალუ4312,000041497,გალუ4312 - პროფილი. ნობელალუმინა FSQ-047 შემკვრელი გვერდი ინოქსი,გალუ4312,პროფილი. ნობელალუმინა FSQ-047 შემკვრელი გვერდი,ინოქსი,000015209,გალუ4349 - პროფილი. ნობელალუმინა XBF-013 თხ. ტიხარი/ზედა შემკვრელი ინოქსი,პროფილი. ნობელალუმინა XBF-013 თხ. ტიხარი/ზედა შემკვრელი,გალუ4349,ინოქსი,000016297,გალუ4337 - პროფილი. ნობელალუმინა XSEK-502 თხ. ქვედა შემკვრელი ინოქსი,პროფილი. ნობელალუმინა XSEK-502 თხ. ქვედა შემკვრელი,გალუ4337,ინოქსი,000016295,გალუ4349 - პროფილი. ნობელალუმინა XBF-013 თხ. ტიხარი/ზედა შემკვრელი ინოქსი,პროფილი. ნობელალუმინა XBF-013 თხ. ტიხარი/ზედა შემკვრელი,გალუ4349,ინოქსი,000016297,გმქნ4061 - შემაფერხებელიანი მიმმართველი ალუმინის ფასადის.  ნობელალუმინა HB01,000013473
მირზაია ,1600,2600,500,1100,2001-2600,2600-2700,"პნლა275035 - გასაგორებელი კარი მირზაია, ინოქსი, 2001-2600, გალუ4312",პნლა275035,ინოქსი,გალუ4312,000041515,გალუ4312 - პროფილი. ნობელალუმინა FSQ-047 შემკვრელი გვერდი ინოქსი,გალუ4312,პროფილი. ნობელალუმინა FSQ-047 შემკვრელი გვერდი,ინოქსი,000015209,გალუ4349 - პროფილი. ნობელალუმინა XBF-013 თხ. ტიხარი/ზედა შემკვრელი ინოქსი,პროფილი. ნობელალუმინა XBF-013 თხ. ტიხარი/ზედა შემკვრელი,გალუ4349,ინოქსი,000016297,გალუ4337 - პროფილი. ნობელალუმინა XSEK-502 თხ. ქვედა შემკვრელი ინოქსი,პროფილი. ნობელალუმინა XSEK-502 თხ. ქვედა შემკვრელი,გალუ4337,ინოქსი,000016295,გალუ4349 - პროფილი. ნობელალუმინა XBF-013 თხ. ტიხარი/ზედა შემკვრელი ინოქსი,პროფილი. ნობელალუმინა XBF-013 თხ. ტიხარი/ზედა შემკვრელი,გალუ4349,ინოქსი,000016297,გმქნ4061 - შემაფერხებელიანი მიმმართველი ალუმინის ფასადის.  ნობელალუმინა HB01,000013473
მირზაია ,1600,2600,500,1100,1600-2000,2600-2700,"პნლა275018 - გასაგორებელი კარი მირზაია, შავი, 1600-2000, გალუ4312",პნლა275018,ინოქსი,გალუ4312,000041498,გალუ4312 - პროფილი. ნობელალუმინა FSQ-047 შემკვრელი გვერდი შავი,გალუ4312,პროფილი. ნობელალუმინა FSQ-047 შემკვრელი გვერდი,შავი,000015210,გალუ4349 - პროფილი. ნობელალუმინა XBF-013 თხ. ტიხარი/ზედა შემკვრელი შავი,პროფილი. ნობელალუმინა XBF-013 თხ. ტიხარი/ზედა შემკვრელი,გალუ4349,შავი,000016298,გალუ4337 - პროფილი. ნობელალუმინა XSEK-502 თხ. ქვედა შემკვრელი შავი,პროფილი. ნობელალუმინა XSEK-502 თხ. ქვედა შემკვრელი,გალუ4337,შავი,000016296,გალუ4349 - პროფილი. ნობელალუმინა XBF-013 თხ. ტიხარი/ზედა შემკვრელი შავი,პროფილი. ნობელალუმინა XBF-013 თხ. ტიხარი/ზედა შემკვრელი,გალუ4349,შავი,000016298,გმქნ4061 - შემაფერხებელიანი მიმმართველი ალუმინის ფასადის.  ნობელალუმინა HB01,000013473
მირზაია ,1600,2600,500,1100,2001-2600,2600-2700,"პნლა275036 - გასაგორებელი კარი მირზაია, შავი, 2001-2600, გალუ4312",პნლა275036,ინოქსი,გალუ4312,000041516,გალუ4312 - პროფილი. ნობელალუმინა FSQ-047 შემკვრელი გვერდი შავი,გალუ4312,პროფილი. ნობელალუმინა FSQ-047 შემკვრელი გვერდი,შავი,000015210,გალუ4349 - პროფილი. ნობელალუმინა XBF-013 თხ. ტიხარი/ზედა შემკვრელი შავი,პროფილი. ნობელალუმინა XBF-013 თხ. ტიხარი/ზედა შემკვრელი,გალუ4349,შავი,000016298,გალუ4337 - პროფილი. ნობელალუმინა XSEK-502 თხ. ქვედა შემკვრელი შავი,პროფილი. ნობელალუმინა XSEK-502 თხ. ქვედა შემკვრელი,გალუ4337,შავი,000016296,გალუ4349 - პროფილი. ნობელალუმინა XBF-013 თხ. ტიხარი/ზედა შემკვრელი შავი,პროფილი. ნობელალუმინა XBF-013 თხ. ტიხარი/ზედა შემკვრელი,გალუ4349,შავი,000016298,გმქნ4061 - შემაფერხებელიანი მიმმართველი ალუმინის ფასადის.  ნობელალუმინა HB01,000013473
დავლური,800,2600,500,1100,2000-2600,2600-2700,"პნლა275037 - გასაგორებელი კარი დავლური, ინოქსი, 2000-2600, გალუ4108",პნლა275037,ინოქსი,გალუ4108,000041517,გალუ4108 - პროფილი. ნობელალუმინა XGJB-1058P ვწ. ორმხრივი გვერდი ინოქსი,გალუ4108,პროფილი. ნობელალუმინა XGJB-1058P ვწ. ორმხრივი გვერდი,ინოქსი,000015192,გალუ4349 - პროფილი. ნობელალუმინა XBF-013 თხ. ტიხარი/ზედა შემკვრელი ინოქსი,პროფილი. ნობელალუმინა XBF-013 თხ. ტიხარი/ზედა შემკვრელი,გალუ4349,ინოქსი,000016297,გალუ4337 - პროფილი. ნობელალუმინა XSEK-502 თხ. ქვედა შემკვრელი ინოქსი,პროფილი. ნობელალუმინა XSEK-502 თხ. ქვედა შემკვრელი,გალუ4337,ინოქსი,000016295,გალუ4349 - პროფილი. ნობელალუმინა XBF-013 თხ. ტიხარი/ზედა შემკვრელი ინოქსი,პროფილი. ნობელალუმინა XBF-013 თხ. ტიხარი/ზედა შემკვრელი,გალუ4349,ინოქსი,000016297,გმქნ4061 - შემაფერხებელიანი მიმმართველი ალუმინის ფასადის.  ნობელალუმინა HB01,000013473
დავლური,800,2600,500,1100,2000-2600,2600-2700,"პნლა275038 - გასაგორებელი კარი დავლური, შავი, 2000-2600, გალუ4108",პნლა275038,ინოქსი,გალუ4108,000041518,გალუ4108 - პროფილი. ნობელალუმინა XGJB-1058P ვწ. ორმხრივი გვერდი შავი,გალუ4108,პროფილი. ნობელალუმინა XGJB-1058P ვწ. ორმხრივი გვერდი,შავი,000015193,გალუ4349 - პროფილი. ნობელალუმინა XBF-013 თხ. ტიხარი/ზედა შემკვრელი შავი,პროფილი. ნობელალუმინა XBF-013 თხ. ტიხარი/ზედა შემკვრელი,გალუ4349,შავი,000016298,გალუ4337 - პროფილი. ნობელალუმინა XSEK-502 თხ. ქვედა შემკვრელი შავი,პროფილი. ნობელალუმინა XSEK-502 თხ. ქვედა შემკვრელი,გალუ4337,შავი,000016296,გალუ4349 - პროფილი. ნობელალუმინა XBF-013 თხ. ტიხარი/ზედა შემკვრელი შავი,პროფილი. ნობელალუმინა XBF-013 თხ. ტიხარი/ზედა შემკვრელი,გალუ4349,შავი,000016298,გმქნ4061 - შემაფერხებელიანი მიმმართველი ალუმინის ფასადის.  ნობელალუმინა HB01,000013473
დავლური,800,2600,500,1100,2000-2600,2600-2700,"პნლა275039 - გასაგორებელი კარი დავლური, გრაფიტი, 2000-2600, გალუ4181",პნლა275039,ინოქსი,გალუ4181,000041519,გალუ4181 - პროფილი. ნობელალუმინა XGJB-1354 ორი დონე გვერდი გრაფიტი,გალუ4181,პროფილი. ნობელალუმინა XGJB-1354 ორი დონე გვერდი,გრაფიტი,000016301,გალუ4186 - პროფილი. ნობელალუმინა XGJB-1352 ორი დონე ზედა შემკვრელი გრაფიტი,პროფილი. ნობელალუმინა XGJB-1352 ორი დონე ზედა შემკვრელი,გალუ4186,გრაფიტი,000016303,გალუ4184 - პროფილი. ნობელალუმინა XGJB-1353 ორი დონე ქვედა შემკვრელი გრაფიტი,პროფილი. ნობელალუმინა XGJB-1353 ორი დონე ქვედა შემკვრელი,გალუ4184,გრაფიტი,000016302,გალუ4189 - პროფილი. ნობელალუმინა XGJB-1368P ორი დონე შიდა ტიხარი გრაფიტი,პროფილი. ნობელალუმინა XGJB-1368P ორი დონე შიდა ტიხარი,გალუ4189,გრაფიტი,000016304,გმქნ4061 - შემაფერხებელიანი მიმმართველი ალუმინის ფასადის.  ნობელალუმინა HB01,000013473
დავლური,800,2600,500,1100,2000-2600,2600-2700,"პნლა275040 - გასაგორებელი კარი დავლური, სილვერი, 2000-2600, გალუ4014",პნლა275040,ინოქსი,გალუ4014,000041520,გალუ4014 - პროფილი. ნობელალუმინა XBX-043P სწორი/ფიგურიანი გვერდი სილვერი,გალუ4014,პროფილი. ნობელალუმინა XBX-043P სწორი/ფიგურიანი გვერდი,სილვერი,000012321,გალუ4156 - პროფილი. ნობელალუმინა LXD-3025 თხ. ზედა შემკვრელი სილვერი,პროფილი. ნობელალუმინა LXD-3025 თხ. ზედა შემკვრელი,გალუ4156,სილვერი,000012323,გალუ4151 - პროფილი. ნობელალუმინა LXD-3027 თხ. ქვედა შემკვრელი სილვერი,პროფილი. ნობელალუმინა LXD-3027 თხ. ქვედა შემკვრელი,გალუ4151,სილვერი,000012322,გალუ4162 - პროფილი. ნობელალუმინა LXD-3026 თხ. შიდა ტიხარი სილვერი,პროფილი. ნობელალუმინა LXD-3026 თხ. შიდა ტიხარი,გალუ4162,სილვერი,000012324,გმქნ4061 - შემაფერხებელიანი მიმმართველი ალუმინის ფასადის.  ნობელალუმინა HB01,000013473
დავლური,800,2600,500,1100,2000-2600,2600-2700,"პნლა275041 - გასაგორებელი კარი დავლური, ინოქსი, 2000-2600, გალუ4014",პნლა275041,ინოქსი,გალუ4014,000041521,გალუ4014 - პროფილი. ნობელალუმინა XBX-043P სწორი/ფიგურიანი გვერდი ინოქსი,გალუ4014,პროფილი. ნობელალუმინა XBX-043P სწორი/ფიგურიანი გვერდი,ინოქსი,000016288,გალუ4349 - პროფილი. ნობელალუმინა XBF-013 თხ. ტიხარი/ზედა შემკვრელი ინოქსი,პროფილი. ნობელალუმინა XBF-013 თხ. ტიხარი/ზედა შემკვრელი,გალუ4349,ინოქსი,000016297,გალუ4337 - პროფილი. ნობელალუმინა XSEK-502 თხ. ქვედა შემკვრელი ინოქსი,პროფილი. ნობელალუმინა XSEK-502 თხ. ქვედა შემკვრელი,გალუ4337,ინოქსი,000016295,გალუ4349 - პროფილი. ნობელალუმინა XBF-013 თხ. ტიხარი/ზედა შემკვრელი ინოქსი,პროფილი. ნობელალუმინა XBF-013 თხ. ტიხარი/ზედა შემკვრელი,გალუ4349,ინოქსი,000016297,გმქნ4061 - შემაფერხებელიანი მიმმართველი ალუმინის ფასადის.  ნობელალუმინა HB01,000013473
დავლური,800,2600,500,1100,2000-2600,2600-2700,"პნლა275042 - გასაგორებელი კარი დავლური, ინოქსი, 2000-2600, გალუ4206",პნლა275042,ინოქსი,გალუ4206,000041522,გალუ4206 - პროფილი. ნობელალუმინა XGJB-618P შტ. ფასადის გვერდი ინოქსი,გალუ4206,პროფილი. ნობელალუმინა XGJB-618P შტ. ფასადის გვერდი,ინოქსი,000016289,გალუ4226 - პროფილი. ნობელალუმინა XGJB-619P შტ. ზედა შემკვრელი ინოქსი,პროფილი. ნობელალუმინა XGJB-619P შტ. ზედა შემკვრელი,გალუ4226,ინოქსი,000016293,გალუ4221 - პროფილი. ნობელალუმინა XGJB-619AP შტ. ქვედა შემკვრელი ინოქსი,პროფილი. ნობელალუმინა XGJB-619AP შტ. ქვედა შემკვრელი,გალუ4221,ინოქსი,000016291,გალუ4226 - პროფილი. ნობელალუმინა XGJB-619P შტ. ზედა შემკვრელი ინოქსი,პროფილი. ნობელალუმინა XGJB-619P შტ. ზედა შემკვრელი,გალუ4226,ინოქსი,000016293,გმქნ4061 - შემაფერხებელიანი მიმმართველი ალუმინის ფასადის.  ნობელალუმინა HB01,000013473
დავლური,800,2600,500,1100,2000-2600,2600-2700,"პნლა275043 - გასაგორებელი კარი დავლური, შავი, 2000-2600, გალუ4206",პნლა275043,ინოქსი,გალუ4206,000041523,გალუ4206 - პროფილი. ნობელალუმინა XGJB-618P შტ. ფასადის გვერდი შავი,გალუ4206,პროფილი. ნობელალუმინა XGJB-618P შტ. ფასადის გვერდი,შავი,000016290,გალუ4226 - პროფილი. ნობელალუმინა XGJB-619P შტ. ზედა შემკვრელი შავი,პროფილი. ნობელალუმინა XGJB-619P შტ. ზედა შემკვრელი,გალუ4226,შავი,000016294,გალუ4221 - პროფილი. ნობელალუმინა XGJB-619AP შტ. ქვედა შემკვრელი შავი,პროფილი. ნობელალუმინა XGJB-619AP შტ. ქვედა შემკვრელი,გალუ4221,შავი,000016292,გალუ4226 - პროფილი. ნობელალუმინა XGJB-619P შტ. ზედა შემკვრელი შავი,პროფილი. ნობელალუმინა XGJB-619P შტ. ზედა შემკვრელი,გალუ4226,შავი,000016294,გმქნ4061 - შემაფერხებელიანი მიმმართველი ალუმინის ფასადის.  ნობელალუმინა HB01,000013473
დავლური,800,2600,500,1100,2000-2600,2600-2700,"პნლა275044 - გასაგორებელი კარი დავლური, ინოქსი, 2000-2600, გალუ4323",პნლა275044,ინოქსი,გალუ4323,000041524,გალუ4323 - პროფილი. ნობელალუმინა ZJB-715 შემკვრელი გვერდი ინოქსი,გალუ4323,პროფილი. ნობელალუმინა ZJB-715 შემკვრელი გვერდი,ინოქსი,000015211,გალუ4349 - პროფილი. ნობელალუმინა XBF-013 თხ. ტიხარი/ზედა შემკვრელი ინოქსი,პროფილი. ნობელალუმინა XBF-013 თხ. ტიხარი/ზედა შემკვრელი,გალუ4349,ინოქსი,000016297,გალუ4337 - პროფილი. ნობელალუმინა XSEK-502 თხ. ქვედა შემკვრელი ინოქსი,პროფილი. ნობელალუმინა XSEK-502 თხ. ქვედა შემკვრელი,გალუ4337,ინოქსი,000016295,გალუ4349 - პროფილი. ნობელალუმინა XBF-013 თხ. ტიხარი/ზედა შემკვრელი ინოქსი,პროფილი. ნობელალუმინა XBF-013 თხ. ტიხარი/ზედა შემკვრელი,გალუ4349,ინოქსი,000016297,გმქნ4061 - შემაფერხებელიანი მიმმართველი ალუმინის ფასადის.  ნობელალუმინა HB01,000013473
დავლური,800,2600,500,1100,2000-2600,2600-2700,"პნლა275045 - გასაგორებელი კარი დავლური, შავი, 2000-2600, გალუ4323",პნლა275045,ინოქსი,გალუ4323,000041525,გალუ4323 - პროფილი. ნობელალუმინა ZJB-715 შემკვრელი გვერდი შავი,გალუ4323,პროფილი. ნობელალუმინა ZJB-715 შემკვრელი გვერდი,შავი,000015212,გალუ4349 - პროფილი. ნობელალუმინა XBF-013 თხ. ტიხარი/ზედა შემკვრელი შავი,პროფილი. ნობელალუმინა XBF-013 თხ. ტიხარი/ზედა შემკვრელი,გალუ4349,შავი,000016298,გალუ4337 - პროფილი. ნობელალუმინა XSEK-502 თხ. ქვედა შემკვრელი შავი,პროფილი. ნობელალუმინა XSEK-502 თხ. ქვედა შემკვრელი,გალუ4337,შავი,000016296,გალუ4349 - პროფილი. ნობელალუმინა XBF-013 თხ. ტიხარი/ზედა შემკვრელი შავი,პროფილი. ნობელალუმინა XBF-013 თხ. ტიხარი/ზედა შემკვრელი,გალუ4349,შავი,000016298,გმქნ4061 - შემაფერხებელიანი მიმმართველი ალუმინის ფასადის.  ნობელალუმინა HB01,000013473
დავლური,800,2600,500,1100,2000-2600,2600-2700,"პნლა275046 - გასაგორებელი კარი დავლური, ინოქსი, 2000-2600, გალუ4355",პნლა275046,ინოქსი,გალუ4355,000041526,გალუ4355 - პროფილი. ნობელალუმინა LWY-002 ფასადის გვერდი ინოქსი,გალუ4355,პროფილი. ნობელალუმინა LWY-002 ფასადის გვერდი,ინოქსი,000016300,გალუ4349 - პროფილი. ნობელალუმინა XBF-013 თხ. ტიხარი/ზედა შემკვრელი ინოქსი,პროფილი. ნობელალუმინა XBF-013 თხ. ტიხარი/ზედა შემკვრელი,გალუ4349,ინოქსი,000016297,გალუ4337 - პროფილი. ნობელალუმინა XSEK-502 თხ. ქვედა შემკვრელი ინოქსი,პროფილი. ნობელალუმინა XSEK-502 თხ. ქვედა შემკვრელი,გალუ4337,ინოქსი,000016295,გალუ4349 - პროფილი. ნობელალუმინა XBF-013 თხ. ტიხარი/ზედა შემკვრელი ინოქსი,პროფილი. ნობელალუმინა XBF-013 თხ. ტიხარი/ზედა შემკვრელი,გალუ4349,ინოქსი,000016297,გმქნ4061 - შემაფერხებელიანი მიმმართველი ალუმინის ფასადის.  ნობელალუმინა HB01,000013473
დავლური,800,2600,500,1100,2000-2600,2600-2700,"პნლა275047 - გასაგორებელი კარი დავლური, შავი, 2000-2600, გალუ4355",პნლა275047,ინოქსი,გალუ4355,000041527,გალუ4355 - პროფილი. ნობელალუმინა LWY-002 ფასადის გვერდი შავი,გალუ4355,პროფილი. ნობელალუმინა LWY-002 ფასადის გვერდი,შავი,000016299,გალუ4349 - პროფილი. ნობელალუმინა XBF-013 თხ. ტიხარი/ზედა შემკვრელი შავი,პროფილი. ნობელალუმინა XBF-013 თხ. ტიხარი/ზედა შემკვრელი,გალუ4349,შავი,000016298,გალუ4337 - პროფილი. ნობელალუმინა XSEK-502 თხ. ქვედა შემკვრელი შავი,პროფილი. ნობელალუმინა XSEK-502 თხ. ქვედა შემკვრელი,გალუ4337,შავი,000016296,გალუ4349 - პროფილი. ნობელალუმინა XBF-013 თხ. ტიხარი/ზედა შემკვრელი შავი,პროფილი. ნობელალუმინა XBF-013 თხ. ტიხარი/ზედა შემკვრელი,გალუ4349,შავი,000016298,გმქნ4061 - შემაფერხებელიანი მიმმართველი ალუმინის ფასადის.  ნობელალუმინა HB01,000013473
დავლური,800,2600,500,1100,2000-2600,2600-2700,"პნლა275048 - გასაგორებელი კარი დავლური, ინოქსი, 2000-2600, გალუ4111",პნლა275048,ინოქსი,გალუ4111,000041528,გალუ4111 - პროფილი. ნობელალუმინა XGJB-629 ვწ. ფასადის გვერდი ინოქსი,გალუ4111,პროფილი. ნობელალუმინა XGJB-629 ვწ. ფასადის გვერდი,ინოქსი,000015194,გალუ4126 - პროფილი. ნობელალუმინა XGJB-340 ვწ. ზედა შემკვრელი ინოქსი,პროფილი. ნობელალუმინა XGJB-340 ვწ. ზედა შემკვრელი,გალუ4126,ინოქსი,000015198,გალუ4121 - პროფილი. ნობელალუმინა XGJB-339 ვწ. ქვედა შემკვრელი ინოქსი,პროფილი. ნობელალუმინა XGJB-339 ვწ. ქვედა შემკვრელი,გალუ4121,ინოქსი,000015196,გალუ4132 - პროფილი. ნობელალუმინა XGJB-341P ვწ. შიდა ტიხარი ინოქსი,პროფილი. ნობელალუმინა XGJB-341P ვწ. შიდა ტიხარი,გალუ4132,ინოქსი,000015200,გმქნ4061 - შემაფერხებელიანი მიმმართველი ალუმინის ფასადის.  ნობელალუმინა HB01,000013473
დავლური,800,2600,500,1100,2000-2600,2600-2700,"პნლა275049 - გასაგორებელი კარი დავლური, შავი, 2000-2600, გალუ4111",პნლა275049,ინოქსი,გალუ4111,000041529,გალუ4111 - პროფილი. ნობელალუმინა XGJB-629 ვწ. ფასადის გვერდი შავი,გალუ4111,პროფილი. ნობელალუმინა XGJB-629 ვწ. ფასადის გვერდი,შავი,000015195,გალუ4126 - პროფილი. ნობელალუმინა XGJB-340 ვწ. ზედა შემკვრელი შავი,პროფილი. ნობელალუმინა XGJB-340 ვწ. ზედა შემკვრელი,გალუ4126,შავი,000015199,გალუ4121 - პროფილი. ნობელალუმინა XGJB-339 ვწ. ქვედა შემკვრელი შავი,პროფილი. ნობელალუმინა XGJB-339 ვწ. ქვედა შემკვრელი,გალუ4121,შავი,000015197,გალუ4132 - პროფილი. ნობელალუმინა XGJB-341P ვწ. შიდა ტიხარი შავი,პროფილი. ნობელალუმინა XGJB-341P ვწ. შიდა ტიხარი,გალუ4132,შავი,000015201,გმქნ4061 - შემაფერხებელიანი მიმმართველი ალუმინის ფასადის.  ნობელალუმინა HB01,000013473
დავლური,800,2600,500,1100,2000-2600,2600-2700,"პნლა275050 - გასაგორებელი კარი დავლური, ინოქსი, 2000-2600, გალუ4171",პნლა275050,ინოქსი,გალუ4171,000041530,გალუ4171 - პროფილი. ნობელალუმინა XGJB-1372 კუბიკი გვერდი ინოქსი,გალუ4171,პროფილი. ნობელალუმინა XGJB-1372 კუბიკი გვერდი,ინოქსი,000015180,გალუ4176 - პროფილი. ნობელალუმინა XGJB-1371 კუბიკი ზედა შემკვრელი ინოქსი,პროფილი. ნობელალუმინა XGJB-1371 კუბიკი ზედა შემკვრელი,გალუ4176,ინოქსი,000015205,გალუ4174 - პროფილი. ნობელალუმინა XGJB-1369 კუბიკი ქვედა შემკვრელი ინოქსი,პროფილი. ნობელალუმინა XGJB-1369 კუბიკი ქვედა შემკვრელი,გალუ4174,ინოქსი,000015203,გალუ4179 - პროფილი. ნობელალუმინა XGJB-1370 კუბიკი შიდა ტიხარი ინოქსი,პროფილი. ნობელალუმინა XGJB-1370 კუბიკი შიდა ტიხარი,გალუ4179,ინოქსი,000015207,გმქნ4061 - შემაფერხებელიანი მიმმართველი ალუმინის ფასადის.  ნობელალუმინა HB01,000013473
დავლური,800,2600,500,1100,2000-2600,2600-2700,"პნლა275051 - გასაგორებელი კარი დავლური, შავი, 2000-2600, გალუ4171",პნლა275051,ინოქსი,გალუ4171,000041531,გალუ4171 - პროფილი. ნობელალუმინა XGJB-1372 კუბიკი გვერდი შავი,გალუ4171,პროფილი. ნობელალუმინა XGJB-1372 კუბიკი გვერდი,შავი,000015202,გალუ4176 - პროფილი. ნობელალუმინა XGJB-1371 კუბიკი ზედა შემკვრელი შავი,პროფილი. ნობელალუმინა XGJB-1371 კუბიკი ზედა შემკვრელი,გალუ4176,შავი,000015206,გალუ4174 - პროფილი. ნობელალუმინა XGJB-1369 კუბიკი ქვედა შემკვრელი შავი,პროფილი. ნობელალუმინა XGJB-1369 კუბიკი ქვედა შემკვრელი,გალუ4174,შავი,000015204,გალუ4179 - პროფილი. ნობელალუმინა XGJB-1370 კუბიკი შიდა ტიხარი შავი,პროფილი. ნობელალუმინა XGJB-1370 კუბიკი შიდა ტიხარი,გალუ4179,შავი,000015208,გმქნ4061 - შემაფერხებელიანი მიმმართველი ალუმინის ფასადის.  ნობელალუმინა HB01,000013473
დავლური,800,2600,500,1100,2000-2600,2600-2700,"პნლა275052 - გასაგორებელი კარი დავლური, ინოქს, 2000-2600, ალდ4722",პნლა275052,ინოქსი,ალდ4722,000041532,"ალდ4722 - პროფილი ალ. შემკვრელი გვერდი, დემსას 4722დპ2 პ/ინოქს",ალდ4722,"პროფილი ალ. შემკვრელი გვერდი, დემსას 4722დპ2",პ/ინოქს,000004465,"ალდ4722 - პროფილი ალ. შემკვრელი გვერდი, დემსას 4722დპ2 პ/ინოქს","პროფილი ალ. შემკვრელი გვერდი, დემსას 4722დპ2",ალდ4722,ინოქსი,000004465,"ალდ4045 - პროფილი ალ. შემკვრელი ქვედა, დემსას 4045დპ2 პ/ინოქს","პროფილი ალ. შემკვრელი ქვედა, დემსას 4045დპ2",ალდ4045,ინოქსი,000004461,"ალდ3998 - პროფილი ალ. შემკვრელი შუა, დემსას 3998დპ2 პ/ინოქს","პროფილი ალ. შემკვრელი შუა, დემსას 3998დპ2",ალდ3998,ინოქსი,000004460,გმქნ4061 - შემაფერხებელიანი მიმმართველი ალუმინის ფასადის.  ნობელალუმინა HB01,000013473
დავლური,800,2600,500,1100,2000-2600,2600-2700,"პნლა275053 - გასაგორებელი კარი დავლური, ინოქსი, 2000-2600, გალუ4312",პნლა275053,ინოქსი,გალუ4312,000041533,გალუ4312 - პროფილი. ნობელალუმინა FSQ-047 შემკვრელი გვერდი ინოქსი,გალუ4312,პროფილი. ნობელალუმინა FSQ-047 შემკვრელი გვერდი,ინოქსი,000015209,გალუ4349 - პროფილი. ნობელალუმინა XBF-013 თხ. ტიხარი/ზედა შემკვრელი ინოქსი,პროფილი. ნობელალუმინა XBF-013 თხ. ტიხარი/ზედა შემკვრელი,გალუ4349,ინოქსი,000016297,გალუ4337 - პროფილი. ნობელალუმინა XSEK-502 თხ. ქვედა შემკვრელი ინოქსი,პროფილი. ნობელალუმინა XSEK-502 თხ. ქვედა შემკვრელი,გალუ4337,ინოქსი,000016295,გალუ4349 - პროფილი. ნობელალუმინა XBF-013 თხ. ტიხარი/ზედა შემკვრელი ინოქსი,პროფილი. ნობელალუმინა XBF-013 თხ. ტიხარი/ზედა შემკვრელი,გალუ4349,ინოქსი,000016297,გმქნ4061 - შემაფერხებელიანი მიმმართველი ალუმინის ფასადის.  ნობელალუმინა HB01,000013473
დავლური,800,2600,500,1100,2000-2600,2600-2700,"პნლა275054 - გასაგორებელი კარი დავლური, შავი, 2000-2600, გალუ4312",პნლა275054,ინოქსი,გალუ4312,000041534,გალუ4312 - პროფილი. ნობელალუმინა FSQ-047 შემკვრელი გვერდი შავი,გალუ4312,პროფილი. ნობელალუმინა FSQ-047 შემკვრელი გვერდი,შავი,000015210,გალუ4349 - პროფილი. ნობელალუმინა XBF-013 თხ. ტიხარი/ზედა შემკვრელი შავი,პროფილი. ნობელალუმინა XBF-013 თხ. ტიხარი/ზედა შემკვრელი,გალუ4349,შავი,000016298,გალუ4337 - პროფილი. ნობელალუმინა XSEK-502 თხ. ქვედა შემკვრელი შავი,პროფილი. ნობელალუმინა XSEK-502 თხ. ქვედა შემკვრელი,გალუ4337,შავი,000016296,გალუ4349 - პროფილი. ნობელალუმინა XBF-013 თხ. ტიხარი/ზედა შემკვრელი შავი,პროფილი. ნობელალუმინა XBF-013 თხ. ტიხარი/ზედა შემკვრელი,გალუ4349,შავი,000016298,გმქნ4061 - შემაფერხებელიანი მიმმართველი ალუმინის ფასადის.  ნობელალუმინა HB01,000013473
დაისი,1400,2600,500,1100,1400-2000,2600-2700,"პნლა275055 - გასაგორებელი კარი დაისი, ინოქსი, 1400-2000, გალუ4108",პნლა275055,ინოქსი,გალუ4108,000041535,გალუ4108 - პროფილი. ნობელალუმინა XGJB-1058P ვწ. ორმხრივი გვერდი ინოქსი,გალუ4108,პროფილი. ნობელალუმინა XGJB-1058P ვწ. ორმხრივი გვერდი,ინოქსი,000015192,გალუ4349 - პროფილი. ნობელალუმინა XBF-013 თხ. ტიხარი/ზედა შემკვრელი ინოქსი,პროფილი. ნობელალუმინა XBF-013 თხ. ტიხარი/ზედა შემკვრელი,გალუ4349,ინოქსი,000016297,გალუ4337 - პროფილი. ნობელალუმინა XSEK-502 თხ. ქვედა შემკვრელი ინოქსი,პროფილი. ნობელალუმინა XSEK-502 თხ. ქვედა შემკვრელი,გალუ4337,ინოქსი,000016295,გალუ4349 - პროფილი. ნობელალუმინა XBF-013 თხ. ტიხარი/ზედა შემკვრელი ინოქსი,პროფილი. ნობელალუმინა XBF-013 თხ. ტიხარი/ზედა შემკვრელი,გალუ4349,ინოქსი,000016297,გმქნ4061 - შემაფერხებელიანი მიმმართველი ალუმინის ფასადის.  ნობელალუმინა HB01,000013473
დაისი,1400,2600,500,1100,2001-2600,2600-2700,"პნლა275073 - გასაგორებელი კარი დაისი, ინოქსი, 2001-2600, გალუ4108",პნლა275073,ინოქსი,გალუ4108,000041553,გალუ4108 - პროფილი. ნობელალუმინა XGJB-1058P ვწ. ორმხრივი გვერდი ინოქსი,გალუ4108,პროფილი. ნობელალუმინა XGJB-1058P ვწ. ორმხრივი გვერდი,ინოქსი,000015192,გალუ4349 - პროფილი. ნობელალუმინა XBF-013 თხ. ტიხარი/ზედა შემკვრელი ინოქსი,პროფილი. ნობელალუმინა XBF-013 თხ. ტიხარი/ზედა შემკვრელი,გალუ4349,ინოქსი,000016297,გალუ4337 - პროფილი. ნობელალუმინა XSEK-502 თხ. ქვედა შემკვრელი ინოქსი,პროფილი. ნობელალუმინა XSEK-502 თხ. ქვედა შემკვრელი,გალუ4337,ინოქსი,000016295,გალუ4349 - პროფილი. ნობელალუმინა XBF-013 თხ. ტიხარი/ზედა შემკვრელი ინოქსი,პროფილი. ნობელალუმინა XBF-013 თხ. ტიხარი/ზედა შემკვრელი,გალუ4349,ინოქსი,000016297,გმქნ4061 - შემაფერხებელიანი მიმმართველი ალუმინის ფასადის.  ნობელალუმინა HB01,000013473
დაისი,1400,2600,500,1100,1400-2000,2600-2700,"პნლა275056 - გასაგორებელი კარი დაისი, შავი, 1400-2000, გალუ4108",პნლა275056,ინოქსი,გალუ4108,000041536,გალუ4108 - პროფილი. ნობელალუმინა XGJB-1058P ვწ. ორმხრივი გვერდი შავი,გალუ4108,პროფილი. ნობელალუმინა XGJB-1058P ვწ. ორმხრივი გვერდი,შავი,000015193,გალუ4349 - პროფილი. ნობელალუმინა XBF-013 თხ. ტიხარი/ზედა შემკვრელი შავი,პროფილი. ნობელალუმინა XBF-013 თხ. ტიხარი/ზედა შემკვრელი,გალუ4349,შავი,000016298,გალუ4337 - პროფილი. ნობელალუმინა XSEK-502 თხ. ქვედა შემკვრელი შავი,პროფილი. ნობელალუმინა XSEK-502 თხ. ქვედა შემკვრელი,გალუ4337,შავი,000016296,გალუ4349 - პროფილი. ნობელალუმინა XBF-013 თხ. ტიხარი/ზედა შემკვრელი შავი,პროფილი. ნობელალუმინა XBF-013 თხ. ტიხარი/ზედა შემკვრელი,გალუ4349,შავი,000016298,გმქნ4061 - შემაფერხებელიანი მიმმართველი ალუმინის ფასადის.  ნობელალუმინა HB01,000013473
დაისი,1400,2600,500,1100,2001-2600,2600-2700,"პნლა275074 - გასაგორებელი კარი დაისი, შავი, 2001-2600, გალუ4108",პნლა275074,ინოქსი,გალუ4108,000041554,გალუ4108 - პროფილი. ნობელალუმინა XGJB-1058P ვწ. ორმხრივი გვერდი შავი,გალუ4108,პროფილი. ნობელალუმინა XGJB-1058P ვწ. ორმხრივი გვერდი,შავი,000015193,გალუ4349 - პროფილი. ნობელალუმინა XBF-013 თხ. ტიხარი/ზედა შემკვრელი შავი,პროფილი. ნობელალუმინა XBF-013 თხ. ტიხარი/ზედა შემკვრელი,გალუ4349,შავი,000016298,გალუ4337 - პროფილი. ნობელალუმინა XSEK-502 თხ. ქვედა შემკვრელი შავი,პროფილი. ნობელალუმინა XSEK-502 თხ. ქვედა შემკვრელი,გალუ4337,შავი,000016296,გალუ4349 - პროფილი. ნობელალუმინა XBF-013 თხ. ტიხარი/ზედა შემკვრელი შავი,პროფილი. ნობელალუმინა XBF-013 თხ. ტიხარი/ზედა შემკვრელი,გალუ4349,შავი,000016298,გმქნ4061 - შემაფერხებელიანი მიმმართველი ალუმინის ფასადის.  ნობელალუმინა HB01,000013473
დაისი,1400,2600,500,1100,1400-2000,2600-2700,"პნლა275057 - გასაგორებელი კარი დაისი, გრაფიტი, 1400-2000, გალუ4181",პნლა275057,ინოქსი,გალუ4181,000041537,გალუ4181 - პროფილი. ნობელალუმინა XGJB-1354 ორი დონე გვერდი გრაფიტი,გალუ4181,პროფილი. ნობელალუმინა XGJB-1354 ორი დონე გვერდი,გრაფიტი,000016301,გალუ4186 - პროფილი. ნობელალუმინა XGJB-1352 ორი დონე ზედა შემკვრელი გრაფიტი,პროფილი. ნობელალუმინა XGJB-1352 ორი დონე ზედა შემკვრელი,გალუ4186,გრაფიტი,000016303,გალუ4184 - პროფილი. ნობელალუმინა XGJB-1353 ორი დონე ქვედა შემკვრელი გრაფიტი,პროფილი. ნობელალუმინა XGJB-1353 ორი დონე ქვედა შემკვრელი,გალუ4184,გრაფიტი,000016302,გალუ4189 - პროფილი. ნობელალუმინა XGJB-1368P ორი დონე შიდა ტიხარი გრაფიტი,პროფილი. ნობელალუმინა XGJB-1368P ორი დონე შიდა ტიხარი,გალუ4189,გრაფიტი,000016304,გმქნ4061 - შემაფერხებელიანი მიმმართველი ალუმინის ფასადის.  ნობელალუმინა HB01,000013473
დაისი,1400,2600,500,1100,2001-2600,2600-2700,"პნლა275075 - გასაგორებელი კარი დაისი, გრაფიტი, 2001-2600, გალუ4181",პნლა275075,ინოქსი,გალუ4181,000041555,გალუ4181 - პროფილი. ნობელალუმინა XGJB-1354 ორი დონე გვერდი გრაფიტი,გალუ4181,პროფილი. ნობელალუმინა XGJB-1354 ორი დონე გვერდი,გრაფიტი,000016301,გალუ4186 - პროფილი. ნობელალუმინა XGJB-1352 ორი დონე ზედა შემკვრელი გრაფიტი,პროფილი. ნობელალუმინა XGJB-1352 ორი დონე ზედა შემკვრელი,გალუ4186,გრაფიტი,000016303,გალუ4184 - პროფილი. ნობელალუმინა XGJB-1353 ორი დონე ქვედა შემკვრელი გრაფიტი,პროფილი. ნობელალუმინა XGJB-1353 ორი დონე ქვედა შემკვრელი,გალუ4184,გრაფიტი,000016302,გალუ4189 - პროფილი. ნობელალუმინა XGJB-1368P ორი დონე შიდა ტიხარი გრაფიტი,პროფილი. ნობელალუმინა XGJB-1368P ორი დონე შიდა ტიხარი,გალუ4189,გრაფიტი,000016304,გმქნ4061 - შემაფერხებელიანი მიმმართველი ალუმინის ფასადის.  ნობელალუმინა HB01,000013473
დაისი,1400,2600,500,1100,1400-2000,2600-2700,"პნლა275058 - გასაგორებელი კარი დაისი, სილვერი, 1400-2000, გალუ4014",პნლა275058,ინოქსი,გალუ4014,000041538,გალუ4014 - პროფილი. ნობელალუმინა XBX-043P სწორი/ფიგურიანი გვერდი სილვერი,გალუ4014,პროფილი. ნობელალუმინა XBX-043P სწორი/ფიგურიანი გვერდი,სილვერი,000012321,გალუ4156 - პროფილი. ნობელალუმინა LXD-3025 თხ. ზედა შემკვრელი სილვერი,პროფილი. ნობელალუმინა LXD-3025 თხ. ზედა შემკვრელი,გალუ4156,სილვერი,000012323,გალუ4151 - პროფილი. ნობელალუმინა LXD-3027 თხ. ქვედა შემკვრელი სილვერი,პროფილი. ნობელალუმინა LXD-3027 თხ. ქვედა შემკვრელი,გალუ4151,სილვერი,000012322,გალუ4162 - პროფილი. ნობელალუმინა LXD-3026 თხ. შიდა ტიხარი სილვერი,პროფილი. ნობელალუმინა LXD-3026 თხ. შიდა ტიხარი,გალუ4162,სილვერი,000012324,გმქნ4061 - შემაფერხებელიანი მიმმართველი ალუმინის ფასადის.  ნობელალუმინა HB01,000013473
დაისი,1400,2600,500,1100,2001-2600,2600-2700,"პნლა275076 - გასაგორებელი კარი დაისი, სილვერი, 2001-2600, გალუ4014",პნლა275076,ინოქსი,გალუ4014,000041556,გალუ4014 - პროფილი. ნობელალუმინა XBX-043P სწორი/ფიგურიანი გვერდი სილვერი,გალუ4014,პროფილი. ნობელალუმინა XBX-043P სწორი/ფიგურიანი გვერდი,სილვერი,000012321,გალუ4156 - პროფილი. ნობელალუმინა LXD-3025 თხ. ზედა შემკვრელი სილვერი,პროფილი. ნობელალუმინა LXD-3025 თხ. ზედა შემკვრელი,გალუ4156,სილვერი,000012323,გალუ4151 - პროფილი. ნობელალუმინა LXD-3027 თხ. ქვედა შემკვრელი სილვერი,პროფილი. ნობელალუმინა LXD-3027 თხ. ქვედა შემკვრელი,გალუ4151,სილვერი,000012322,გალუ4162 - პროფილი. ნობელალუმინა LXD-3026 თხ. შიდა ტიხარი სილვერი,პროფილი. ნობელალუმინა LXD-3026 თხ. შიდა ტიხარი,გალუ4162,სილვერი,000012324,გმქნ4061 - შემაფერხებელიანი მიმმართველი ალუმინის ფასადის.  ნობელალუმინა HB01,000013473
დაისი,1400,2600,500,1100,1400-2000,2600-2700,"პნლა275059 - გასაგორებელი კარი დაისი, ინოქსი, 1400-2000, გალუ4014",პნლა275059,ინოქსი,გალუ4014,000041539,გალუ4014 - პროფილი. ნობელალუმინა XBX-043P სწორი/ფიგურიანი გვერდი ინოქსი,გალუ4014,პროფილი. ნობელალუმინა XBX-043P სწორი/ფიგურიანი გვერდი,ინოქსი,000016288,გალუ4349 - პროფილი. ნობელალუმინა XBF-013 თხ. ტიხარი/ზედა შემკვრელი ინოქსი,პროფილი. ნობელალუმინა XBF-013 თხ. ტიხარი/ზედა შემკვრელი,გალუ4349,ინოქსი,000016297,გალუ4337 - პროფილი. ნობელალუმინა XSEK-502 თხ. ქვედა შემკვრელი ინოქსი,პროფილი. ნობელალუმინა XSEK-502 თხ. ქვედა შემკვრელი,გალუ4337,ინოქსი,000016295,გალუ4349 - პროფილი. ნობელალუმინა XBF-013 თხ. ტიხარი/ზედა შემკვრელი ინოქსი,პროფილი. ნობელალუმინა XBF-013 თხ. ტიხარი/ზედა შემკვრელი,გალუ4349,ინოქსი,000016297,გმქნ4061 - შემაფერხებელიანი მიმმართველი ალუმინის ფასადის.  ნობელალუმინა HB01,000013473
დაისი,1400,2600,500,1100,2001-2600,2600-2700,"პნლა275077 - გასაგორებელი კარი დაისი, ინოქსი, 2001-2600, გალუ4014",პნლა275077,ინოქსი,გალუ4014,000041557,გალუ4014 - პროფილი. ნობელალუმინა XBX-043P სწორი/ფიგურიანი გვერდი ინოქსი,გალუ4014,პროფილი. ნობელალუმინა XBX-043P სწორი/ფიგურიანი გვერდი,ინოქსი,000016288,გალუ4349 - პროფილი. ნობელალუმინა XBF-013 თხ. ტიხარი/ზედა შემკვრელი ინოქსი,პროფილი. ნობელალუმინა XBF-013 თხ. ტიხარი/ზედა შემკვრელი,გალუ4349,ინოქსი,000016297,გალუ4337 - პროფილი. ნობელალუმინა XSEK-502 თხ. ქვედა შემკვრელი ინოქსი,პროფილი. ნობელალუმინა XSEK-502 თხ. ქვედა შემკვრელი,გალუ4337,ინოქსი,000016295,გალუ4349 - პროფილი. ნობელალუმინა XBF-013 თხ. ტიხარი/ზედა შემკვრელი ინოქსი,პროფილი. ნობელალუმინა XBF-013 თხ. ტიხარი/ზედა შემკვრელი,გალუ4349,ინოქსი,000016297,გმქნ4061 - შემაფერხებელიანი მიმმართველი ალუმინის ფასადის.  ნობელალუმინა HB01,000013473
დაისი,1400,2600,500,1100,1400-2000,2600-2700,"პნლა275060 - გასაგორებელი კარი დაისი, ინოქსი, 1400-2000, გალუ4206",პნლა275060,ინოქსი,გალუ4206,000041540,გალუ4206 - პროფილი. ნობელალუმინა XGJB-618P შტ. ფასადის გვერდი ინოქსი,გალუ4206,პროფილი. ნობელალუმინა XGJB-618P შტ. ფასადის გვერდი,ინოქსი,000016289,გალუ4226 - პროფილი. ნობელალუმინა XGJB-619P შტ. ზედა შემკვრელი ინოქსი,პროფილი. ნობელალუმინა XGJB-619P შტ. ზედა შემკვრელი,გალუ4226,ინოქსი,000016293,გალუ4221 - პროფილი. ნობელალუმინა XGJB-619AP შტ. ქვედა შემკვრელი ინოქსი,პროფილი. ნობელალუმინა XGJB-619AP შტ. ქვედა შემკვრელი,გალუ4221,ინოქსი,000016291,გალუ4226 - პროფილი. ნობელალუმინა XGJB-619P შტ. ზედა შემკვრელი ინოქსი,პროფილი. ნობელალუმინა XGJB-619P შტ. ზედა შემკვრელი,გალუ4226,ინოქსი,000016293,გმქნ4061 - შემაფერხებელიანი მიმმართველი ალუმინის ფასადის.  ნობელალუმინა HB01,000013473
დაისი,1400,2600,500,1100,2001-2600,2600-2700,"პნლა275078 - გასაგორებელი კარი დაისი, ინოქსი, 2001-2600, გალუ4206",პნლა275078,ინოქსი,გალუ4206,000041558,გალუ4206 - პროფილი. ნობელალუმინა XGJB-618P შტ. ფასადის გვერდი ინოქსი,გალუ4206,პროფილი. ნობელალუმინა XGJB-618P შტ. ფასადის გვერდი,ინოქსი,000016289,გალუ4226 - პროფილი. ნობელალუმინა XGJB-619P შტ. ზედა შემკვრელი ინოქსი,პროფილი. ნობელალუმინა XGJB-619P შტ. ზედა შემკვრელი,გალუ4226,ინოქსი,000016293,გალუ4221 - პროფილი. ნობელალუმინა XGJB-619AP შტ. ქვედა შემკვრელი ინოქსი,პროფილი. ნობელალუმინა XGJB-619AP შტ. ქვედა შემკვრელი,გალუ4221,ინოქსი,000016291,გალუ4226 - პროფილი. ნობელალუმინა XGJB-619P შტ. ზედა შემკვრელი ინოქსი,პროფილი. ნობელალუმინა XGJB-619P შტ. ზედა შემკვრელი,გალუ4226,ინოქსი,000016293,გმქნ4061 - შემაფერხებელიანი მიმმართველი ალუმინის ფასადის.  ნობელალუმინა HB01,000013473
დაისი,1400,2600,500,1100,1400-2000,2600-2700,"პნლა275061 - გასაგორებელი კარი დაისი, შავი, 1400-2000, გალუ4206",პნლა275061,ინოქსი,გალუ4206,000041541,გალუ4206 - პროფილი. ნობელალუმინა XGJB-618P შტ. ფასადის გვერდი შავი,გალუ4206,პროფილი. ნობელალუმინა XGJB-618P შტ. ფასადის გვერდი,შავი,000016290,გალუ4226 - პროფილი. ნობელალუმინა XGJB-619P შტ. ზედა შემკვრელი შავი,პროფილი. ნობელალუმინა XGJB-619P შტ. ზედა შემკვრელი,გალუ4226,შავი,000016294,გალუ4221 - პროფილი. ნობელალუმინა XGJB-619AP შტ. ქვედა შემკვრელი შავი,პროფილი. ნობელალუმინა XGJB-619AP შტ. ქვედა შემკვრელი,გალუ4221,შავი,000016292,გალუ4226 - პროფილი. ნობელალუმინა XGJB-619P შტ. ზედა შემკვრელი შავი,პროფილი. ნობელალუმინა XGJB-619P შტ. ზედა შემკვრელი,გალუ4226,შავი,000016294,გმქნ4061 - შემაფერხებელიანი მიმმართველი ალუმინის ფასადის.  ნობელალუმინა HB01,000013473
დაისი,1400,2600,500,1100,2001-2600,2600-2700,"პნლა275079 - გასაგორებელი კარი დაისი, შავი, 2001-2600, გალუ4206",პნლა275079,ინოქსი,გალუ4206,000041559,გალუ4206 - პროფილი. ნობელალუმინა XGJB-618P შტ. ფასადის გვერდი შავი,გალუ4206,პროფილი. ნობელალუმინა XGJB-618P შტ. ფასადის გვერდი,შავი,000016290,გალუ4226 - პროფილი. ნობელალუმინა XGJB-619P შტ. ზედა შემკვრელი შავი,პროფილი. ნობელალუმინა XGJB-619P შტ. ზედა შემკვრელი,გალუ4226,შავი,000016294,გალუ4221 - პროფილი. ნობელალუმინა XGJB-619AP შტ. ქვედა შემკვრელი შავი,პროფილი. ნობელალუმინა XGJB-619AP შტ. ქვედა შემკვრელი,გალუ4221,შავი,000016292,გალუ4226 - პროფილი. ნობელალუმინა XGJB-619P შტ. ზედა შემკვრელი შავი,პროფილი. ნობელალუმინა XGJB-619P შტ. ზედა შემკვრელი,გალუ4226,შავი,000016294,გმქნ4061 - შემაფერხებელიანი მიმმართველი ალუმინის ფასადის.  ნობელალუმინა HB01,000013473
დაისი,1400,2600,500,1100,1400-2000,2600-2700,"პნლა275062 - გასაგორებელი კარი დაისი, ინოქსი, 1400-2000, გალუ4323",პნლა275062,ინოქსი,გალუ4323,000041542,გალუ4323 - პროფილი. ნობელალუმინა ZJB-715 შემკვრელი გვერდი ინოქსი,გალუ4323,პროფილი. ნობელალუმინა ZJB-715 შემკვრელი გვერდი,ინოქსი,000015211,გალუ4349 - პროფილი. ნობელალუმინა XBF-013 თხ. ტიხარი/ზედა შემკვრელი ინოქსი,პროფილი. ნობელალუმინა XBF-013 თხ. ტიხარი/ზედა შემკვრელი,გალუ4349,ინოქსი,000016297,გალუ4337 - პროფილი. ნობელალუმინა XSEK-502 თხ. ქვედა შემკვრელი ინოქსი,პროფილი. ნობელალუმინა XSEK-502 თხ. ქვედა შემკვრელი,გალუ4337,ინოქსი,000016295,გალუ4349 - პროფილი. ნობელალუმინა XBF-013 თხ. ტიხარი/ზედა შემკვრელი ინოქსი,პროფილი. ნობელალუმინა XBF-013 თხ. ტიხარი/ზედა შემკვრელი,გალუ4349,ინოქსი,000016297,გმქნ4061 - შემაფერხებელიანი მიმმართველი ალუმინის ფასადის.  ნობელალუმინა HB01,000013473
დაისი,1400,2600,500,1100,2001-2600,2600-2700,"პნლა275080 - გასაგორებელი კარი დაისი, ინოქსი, 2001-2600, გალუ4323",პნლა275080,ინოქსი,გალუ4323,000041560,გალუ4323 - პროფილი. ნობელალუმინა ZJB-715 შემკვრელი გვერდი ინოქსი,გალუ4323,პროფილი. ნობელალუმინა ZJB-715 შემკვრელი გვერდი,ინოქსი,000015211,გალუ4349 - პროფილი. ნობელალუმინა XBF-013 თხ. ტიხარი/ზედა შემკვრელი ინოქსი,პროფილი. ნობელალუმინა XBF-013 თხ. ტიხარი/ზედა შემკვრელი,გალუ4349,ინოქსი,000016297,გალუ4337 - პროფილი. ნობელალუმინა XSEK-502 თხ. ქვედა შემკვრელი ინოქსი,პროფილი. ნობელალუმინა XSEK-502 თხ. ქვედა შემკვრელი,გალუ4337,ინოქსი,000016295,გალუ4349 - პროფილი. ნობელალუმინა XBF-013 თხ. ტიხარი/ზედა შემკვრელი ინოქსი,პროფილი. ნობელალუმინა XBF-013 თხ. ტიხარი/ზედა შემკვრელი,გალუ4349,ინოქსი,000016297,გმქნ4061 - შემაფერხებელიანი მიმმართველი ალუმინის ფასადის.  ნობელალუმინა HB01,000013473
დაისი,1400,2600,500,1100,1400-2000,2600-2700,"პნლა275063 - გასაგორებელი კარი დაისი, შავი, 1400-2000, გალუ4323",პნლა275063,ინოქსი,გალუ4323,000041543,გალუ4323 - პროფილი. ნობელალუმინა ZJB-715 შემკვრელი გვერდი შავი,გალუ4323,პროფილი. ნობელალუმინა ZJB-715 შემკვრელი გვერდი,შავი,000015212,გალუ4349 - პროფილი. ნობელალუმინა XBF-013 თხ. ტიხარი/ზედა შემკვრელი შავი,პროფილი. ნობელალუმინა XBF-013 თხ. ტიხარი/ზედა შემკვრელი,გალუ4349,შავი,000016298,გალუ4337 - პროფილი. ნობელალუმინა XSEK-502 თხ. ქვედა შემკვრელი შავი,პროფილი. ნობელალუმინა XSEK-502 თხ. ქვედა შემკვრელი,გალუ4337,შავი,000016296,გალუ4349 - პროფილი. ნობელალუმინა XBF-013 თხ. ტიხარი/ზედა შემკვრელი შავი,პროფილი. ნობელალუმინა XBF-013 თხ. ტიხარი/ზედა შემკვრელი,გალუ4349,შავი,000016298,გმქნ4061 - შემაფერხებელიანი მიმმართველი ალუმინის ფასადის.  ნობელალუმინა HB01,000013473
დაისი,1400,2600,500,1100,2001-2600,2600-2700,"პნლა275081 - გასაგორებელი კარი დაისი, შავი, 2001-2600, გალუ4323",პნლა275081,ინოქსი,გალუ4323,000041561,გალუ4323 - პროფილი. ნობელალუმინა ZJB-715 შემკვრელი გვერდი შავი,გალუ4323,პროფილი. ნობელალუმინა ZJB-715 შემკვრელი გვერდი,შავი,000015212,გალუ4349 - პროფილი. ნობელალუმინა XBF-013 თხ. ტიხარი/ზედა შემკვრელი შავი,პროფილი. ნობელალუმინა XBF-013 თხ. ტიხარი/ზედა შემკვრელი,გალუ4349,შავი,000016298,გალუ4337 - პროფილი. ნობელალუმინა XSEK-502 თხ. ქვედა შემკვრელი შავი,პროფილი. ნობელალუმინა XSEK-502 თხ. ქვედა შემკვრელი,გალუ4337,შავი,000016296,გალუ4349 - პროფილი. ნობელალუმინა XBF-013 თხ. ტიხარი/ზედა შემკვრელი შავი,პროფილი. ნობელალუმინა XBF-013 თხ. ტიხარი/ზედა შემკვრელი,გალუ4349,შავი,000016298,გმქნ4061 - შემაფერხებელიანი მიმმართველი ალუმინის ფასადის.  ნობელალუმინა HB01,000013473
დაისი,1400,2600,500,1100,1400-2000,2600-2700,"პნლა275064 - გასაგორებელი კარი დაისი, ინოქსი, 1400-2000, გალუ4355",პნლა275064,ინოქსი,გალუ4355,000041544,გალუ4355 - პროფილი. ნობელალუმინა LWY-002 ფასადის გვერდი ინოქსი,გალუ4355,პროფილი. ნობელალუმინა LWY-002 ფასადის გვერდი,ინოქსი,000016300,გალუ4349 - პროფილი. ნობელალუმინა XBF-013 თხ. ტიხარი/ზედა შემკვრელი ინოქსი,პროფილი. ნობელალუმინა XBF-013 თხ. ტიხარი/ზედა შემკვრელი,გალუ4349,ინოქსი,000016297,გალუ4337 - პროფილი. ნობელალუმინა XSEK-502 თხ. ქვედა შემკვრელი ინოქსი,პროფილი. ნობელალუმინა XSEK-502 თხ. ქვედა შემკვრელი,გალუ4337,ინოქსი,000016295,გალუ4349 - პროფილი. ნობელალუმინა XBF-013 თხ. ტიხარი/ზედა შემკვრელი ინოქსი,პროფილი. ნობელალუმინა XBF-013 თხ. ტიხარი/ზედა შემკვრელი,გალუ4349,ინოქსი,000016297,გმქნ4061 - შემაფერხებელიანი მიმმართველი ალუმინის ფასადის.  ნობელალუმინა HB01,000013473
დაისი,1400,2600,500,1100,2001-2600,2600-2700,"პნლა275082 - გასაგორებელი კარი დაისი, ინოქსი, 2001-2600, გალუ4355",პნლა275082,ინოქსი,გალუ4355,000041562,გალუ4355 - პროფილი. ნობელალუმინა LWY-002 ფასადის გვერდი ინოქსი,გალუ4355,პროფილი. ნობელალუმინა LWY-002 ფასადის გვერდი,ინოქსი,000016300,გალუ4349 - პროფილი. ნობელალუმინა XBF-013 თხ. ტიხარი/ზედა შემკვრელი ინოქსი,პროფილი. ნობელალუმინა XBF-013 თხ. ტიხარი/ზედა შემკვრელი,გალუ4349,ინოქსი,000016297,გალუ4337 - პროფილი. ნობელალუმინა XSEK-502 თხ. ქვედა შემკვრელი ინოქსი,პროფილი. ნობელალუმინა XSEK-502 თხ. ქვედა შემკვრელი,გალუ4337,ინოქსი,000016295,გალუ4349 - პროფილი. ნობელალუმინა XBF-013 თხ. ტიხარი/ზედა შემკვრელი ინოქსი,პროფილი. ნობელალუმინა XBF-013 თხ. ტიხარი/ზედა შემკვრელი,გალუ4349,ინოქსი,000016297,გმქნ4061 - შემაფერხებელიანი მიმმართველი ალუმინის ფასადის.  ნობელალუმინა HB01,000013473
დაისი,1400,2600,500,1100,1400-2000,2600-2700,"პნლა275065 - გასაგორებელი კარი დაისი, შავი, 1400-2000, გალუ4355",პნლა275065,ინოქსი,გალუ4355,000041545,გალუ4355 - პროფილი. ნობელალუმინა LWY-002 ფასადის გვერდი შავი,გალუ4355,პროფილი. ნობელალუმინა LWY-002 ფასადის გვერდი,შავი,000016299,გალუ4349 - პროფილი. ნობელალუმინა XBF-013 თხ. ტიხარი/ზედა შემკვრელი შავი,პროფილი. ნობელალუმინა XBF-013 თხ. ტიხარი/ზედა შემკვრელი,გალუ4349,შავი,000016298,გალუ4337 - პროფილი. ნობელალუმინა XSEK-502 თხ. ქვედა შემკვრელი შავი,პროფილი. ნობელალუმინა XSEK-502 თხ. ქვედა შემკვრელი,გალუ4337,შავი,000016296,გალუ4349 - პროფილი. ნობელალუმინა XBF-013 თხ. ტიხარი/ზედა შემკვრელი შავი,პროფილი. ნობელალუმინა XBF-013 თხ. ტიხარი/ზედა შემკვრელი,გალუ4349,შავი,000016298,გმქნ4061 - შემაფერხებელიანი მიმმართველი ალუმინის ფასადის.  ნობელალუმინა HB01,000013473
დაისი,1400,2600,500,1100,2001-2600,2600-2700,"პნლა275083 - გასაგორებელი კარი დაისი, შავი, 2001-2600, გალუ4355",პნლა275083,ინოქსი,გალუ4355,000041563,გალუ4355 - პროფილი. ნობელალუმინა LWY-002 ფასადის გვერდი შავი,გალუ4355,პროფილი. ნობელალუმინა LWY-002 ფასადის გვერდი,შავი,000016299,გალუ4349 - პროფილი. ნობელალუმინა XBF-013 თხ. ტიხარი/ზედა შემკვრელი შავი,პროფილი. ნობელალუმინა XBF-013 თხ. ტიხარი/ზედა შემკვრელი,გალუ4349,შავი,000016298,გალუ4337 - პროფილი. ნობელალუმინა XSEK-502 თხ. ქვედა შემკვრელი შავი,პროფილი. ნობელალუმინა XSEK-502 თხ. ქვედა შემკვრელი,გალუ4337,შავი,000016296,გალუ4349 - პროფილი. ნობელალუმინა XBF-013 თხ. ტიხარი/ზედა შემკვრელი შავი,პროფილი. ნობელალუმინა XBF-013 თხ. ტიხარი/ზედა შემკვრელი,გალუ4349,შავი,000016298,გმქნ4061 - შემაფერხებელიანი მიმმართველი ალუმინის ფასადის.  ნობელალუმინა HB01,000013473
დაისი,1400,2600,500,1100,1400-2000,2600-2700,"პნლა275066 - გასაგორებელი კარი დაისი, ინოქსი, 1400-2000, გალუ4111",პნლა275066,ინოქსი,გალუ4111,000041546,გალუ4111 - პროფილი. ნობელალუმინა XGJB-629 ვწ. ფასადის გვერდი ინოქსი,გალუ4111,პროფილი. ნობელალუმინა XGJB-629 ვწ. ფასადის გვერდი,ინოქსი,000015194,გალუ4126 - პროფილი. ნობელალუმინა XGJB-340 ვწ. ზედა შემკვრელი ინოქსი,პროფილი. ნობელალუმინა XGJB-340 ვწ. ზედა შემკვრელი,გალუ4126,ინოქსი,000015198,გალუ4121 - პროფილი. ნობელალუმინა XGJB-339 ვწ. ქვედა შემკვრელი ინოქსი,პროფილი. ნობელალუმინა XGJB-339 ვწ. ქვედა შემკვრელი,გალუ4121,ინოქსი,000015196,გალუ4132 - პროფილი. ნობელალუმინა XGJB-341P ვწ. შიდა ტიხარი ინოქსი,პროფილი. ნობელალუმინა XGJB-341P ვწ. შიდა ტიხარი,გალუ4132,ინოქსი,000015200,გმქნ4061 - შემაფერხებელიანი მიმმართველი ალუმინის ფასადის.  ნობელალუმინა HB01,000013473
დაისი,1400,2600,500,1100,2001-2600,2600-2700,"პნლა275084 - გასაგორებელი კარი დაისი, ინოქსი, 2001-2600, გალუ4111",პნლა275084,ინოქსი,გალუ4111,000041564,გალუ4111 - პროფილი. ნობელალუმინა XGJB-629 ვწ. ფასადის გვერდი ინოქსი,გალუ4111,პროფილი. ნობელალუმინა XGJB-629 ვწ. ფასადის გვერდი,ინოქსი,000015194,გალუ4126 - პროფილი. ნობელალუმინა XGJB-340 ვწ. ზედა შემკვრელი ინოქსი,პროფილი. ნობელალუმინა XGJB-340 ვწ. ზედა შემკვრელი,გალუ4126,ინოქსი,000015198,გალუ4121 - პროფილი. ნობელალუმინა XGJB-339 ვწ. ქვედა შემკვრელი ინოქსი,პროფილი. ნობელალუმინა XGJB-339 ვწ. ქვედა შემკვრელი,გალუ4121,ინოქსი,000015196,გალუ4132 - პროფილი. ნობელალუმინა XGJB-341P ვწ. შიდა ტიხარი ინოქსი,პროფილი. ნობელალუმინა XGJB-341P ვწ. შიდა ტიხარი,გალუ4132,ინოქსი,000015200,გმქნ4061 - შემაფერხებელიანი მიმმართველი ალუმინის ფასადის.  ნობელალუმინა HB01,000013473
დაისი,1400,2600,500,1100,1400-2000,2600-2700,"პნლა275067 - გასაგორებელი კარი დაისი, შავი, 1400-2000, გალუ4111",პნლა275067,ინოქსი,გალუ4111,000041547,გალუ4111 - პროფილი. ნობელალუმინა XGJB-629 ვწ. ფასადის გვერდი შავი,გალუ4111,პროფილი. ნობელალუმინა XGJB-629 ვწ. ფასადის გვერდი,შავი,000015195,გალუ4126 - პროფილი. ნობელალუმინა XGJB-340 ვწ. ზედა შემკვრელი შავი,პროფილი. ნობელალუმინა XGJB-340 ვწ. ზედა შემკვრელი,გალუ4126,შავი,000015199,გალუ4121 - პროფილი. ნობელალუმინა XGJB-339 ვწ. ქვედა შემკვრელი შავი,პროფილი. ნობელალუმინა XGJB-339 ვწ. ქვედა შემკვრელი,გალუ4121,შავი,000015197,გალუ4132 - პროფილი. ნობელალუმინა XGJB-341P ვწ. შიდა ტიხარი შავი,პროფილი. ნობელალუმინა XGJB-341P ვწ. შიდა ტიხარი,გალუ4132,შავი,000015201,გმქნ4061 - შემაფერხებელიანი მიმმართველი ალუმინის ფასადის.  ნობელალუმინა HB01,000013473
დაისი,1400,2600,500,1100,2001-2600,2600-2700,"პნლა275085 - გასაგორებელი კარი დაისი, შავი, 2001-2600, გალუ4111",პნლა275085,ინოქსი,გალუ4111,000041565,გალუ4111 - პროფილი. ნობელალუმინა XGJB-629 ვწ. ფასადის გვერდი შავი,გალუ4111,პროფილი. ნობელალუმინა XGJB-629 ვწ. ფასადის გვერდი,შავი,000015195,გალუ4126 - პროფილი. ნობელალუმინა XGJB-340 ვწ. ზედა შემკვრელი შავი,პროფილი. ნობელალუმინა XGJB-340 ვწ. ზედა შემკვრელი,გალუ4126,შავი,000015199,გალუ4121 - პროფილი. ნობელალუმინა XGJB-339 ვწ. ქვედა შემკვრელი შავი,პროფილი. ნობელალუმინა XGJB-339 ვწ. ქვედა შემკვრელი,გალუ4121,შავი,000015197,გალუ4132 - პროფილი. ნობელალუმინა XGJB-341P ვწ. შიდა ტიხარი შავი,პროფილი. ნობელალუმინა XGJB-341P ვწ. შიდა ტიხარი,გალუ4132,შავი,000015201,გმქნ4061 - შემაფერხებელიანი მიმმართველი ალუმინის ფასადის.  ნობელალუმინა HB01,000013473
დაისი,1400,2600,500,1100,1400-2000,2600-2700,"პნლა275068 - გასაგორებელი კარი დაისი, ინოქსი, 1400-2000, გალუ4171",პნლა275068,ინოქსი,გალუ4171,000041548,გალუ4171 - პროფილი. ნობელალუმინა XGJB-1372 კუბიკი გვერდი ინოქსი,გალუ4171,პროფილი. ნობელალუმინა XGJB-1372 კუბიკი გვერდი,ინოქსი,000015180,გალუ4176 - პროფილი. ნობელალუმინა XGJB-1371 კუბიკი ზედა შემკვრელი ინოქსი,პროფილი. ნობელალუმინა XGJB-1371 კუბიკი ზედა შემკვრელი,გალუ4176,ინოქსი,000015205,გალუ4174 - პროფილი. ნობელალუმინა XGJB-1369 კუბიკი ქვედა შემკვრელი ინოქსი,პროფილი. ნობელალუმინა XGJB-1369 კუბიკი ქვედა შემკვრელი,გალუ4174,ინოქსი,000015203,გალუ4179 - პროფილი. ნობელალუმინა XGJB-1370 კუბიკი შიდა ტიხარი ინოქსი,პროფილი. ნობელალუმინა XGJB-1370 კუბიკი შიდა ტიხარი,გალუ4179,ინოქსი,000015207,გმქნ4061 - შემაფერხებელიანი მიმმართველი ალუმინის ფასადის.  ნობელალუმინა HB01,000013473
დაისი,1400,2600,500,1100,2001-2600,2600-2700,"პნლა275086 - გასაგორებელი კარი დაისი, ინოქსი, 2001-2600, გალუ4171",პნლა275086,ინოქსი,გალუ4171,000041566,გალუ4171 - პროფილი. ნობელალუმინა XGJB-1372 კუბიკი გვერდი ინოქსი,გალუ4171,პროფილი. ნობელალუმინა XGJB-1372 კუბიკი გვერდი,ინოქსი,000015180,გალუ4176 - პროფილი. ნობელალუმინა XGJB-1371 კუბიკი ზედა შემკვრელი ინოქსი,პროფილი. ნობელალუმინა XGJB-1371 კუბიკი ზედა შემკვრელი,გალუ4176,ინოქსი,000015205,გალუ4174 - პროფილი. ნობელალუმინა XGJB-1369 კუბიკი ქვედა შემკვრელი ინოქსი,პროფილი. ნობელალუმინა XGJB-1369 კუბიკი ქვედა შემკვრელი,გალუ4174,ინოქსი,000015203,გალუ4179 - პროფილი. ნობელალუმინა XGJB-1370 კუბიკი შიდა ტიხარი ინოქსი,პროფილი. ნობელალუმინა XGJB-1370 კუბიკი შიდა ტიხარი,გალუ4179,ინოქსი,000015207,გმქნ4061 - შემაფერხებელიანი მიმმართველი ალუმინის ფასადის.  ნობელალუმინა HB01,000013473
დაისი,1400,2600,500,1100,1400-2000,2600-2700,"პნლა275069 - გასაგორებელი კარი დაისი, შავი, 1400-2000, გალუ4171",პნლა275069,ინოქსი,გალუ4171,000041549,გალუ4171 - პროფილი. ნობელალუმინა XGJB-1372 კუბიკი გვერდი შავი,გალუ4171,პროფილი. ნობელალუმინა XGJB-1372 კუბიკი გვერდი,შავი,000015202,გალუ4176 - პროფილი. ნობელალუმინა XGJB-1371 კუბიკი ზედა შემკვრელი შავი,პროფილი. ნობელალუმინა XGJB-1371 კუბიკი ზედა შემკვრელი,გალუ4176,შავი,000015206,გალუ4174 - პროფილი. ნობელალუმინა XGJB-1369 კუბიკი ქვედა შემკვრელი შავი,პროფილი. ნობელალუმინა XGJB-1369 კუბიკი ქვედა შემკვრელი,გალუ4174,შავი,000015204,გალუ4179 - პროფილი. ნობელალუმინა XGJB-1370 კუბიკი შიდა ტიხარი შავი,პროფილი. ნობელალუმინა XGJB-1370 კუბიკი შიდა ტიხარი,გალუ4179,შავი,000015208,გმქნ4061 - შემაფერხებელიანი მიმმართველი ალუმინის ფასადის.  ნობელალუმინა HB01,000013473
დაისი,1400,2600,500,1100,2001-2600,2600-2700,"პნლა275087 - გასაგორებელი კარი დაისი, შავი, 2001-2600, გალუ4171",პნლა275087,ინოქსი,გალუ4171,000041567,გალუ4171 - პროფილი. ნობელალუმინა XGJB-1372 კუბიკი გვერდი შავი,გალუ4171,პროფილი. ნობელალუმინა XGJB-1372 კუბიკი გვერდი,შავი,000015202,გალუ4176 - პროფილი. ნობელალუმინა XGJB-1371 კუბიკი ზედა შემკვრელი შავი,პროფილი. ნობელალუმინა XGJB-1371 კუბიკი ზედა შემკვრელი,გალუ4176,შავი,000015206,გალუ4174 - პროფილი. ნობელალუმინა XGJB-1369 კუბიკი ქვედა შემკვრელი შავი,პროფილი. ნობელალუმინა XGJB-1369 კუბიკი ქვედა შემკვრელი,გალუ4174,შავი,000015204,გალუ4179 - პროფილი. ნობელალუმინა XGJB-1370 კუბიკი შიდა ტიხარი შავი,პროფილი. ნობელალუმინა XGJB-1370 კუბიკი შიდა ტიხარი,გალუ4179,შავი,000015208,გმქნ4061 - შემაფერხებელიანი მიმმართველი ალუმინის ფასადის.  ნობელალუმინა HB01,000013473
დაისი,1400,2600,500,1100,1400-2000,2600-2700,"პნლა275070 - გასაგორებელი კარი დაისი, ინოქს, 1400-2000, ალდ4722",პნლა275070,ინოქსი,ალდ4722,000041550,"ალდ4722 - პროფილი ალ. შემკვრელი გვერდი, დემსას 4722დპ2 პ/ინოქს",ალდ4722,"პროფილი ალ. შემკვრელი გვერდი, დემსას 4722დპ2",პ/ინოქს,000004465,"ალდ4722 - პროფილი ალ. შემკვრელი გვერდი, დემსას 4722დპ2 პ/ინოქს","პროფილი ალ. შემკვრელი გვერდი, დემსას 4722დპ2",ალდ4722,ინოქსი,000004465,"ალდ4045 - პროფილი ალ. შემკვრელი ქვედა, დემსას 4045დპ2 პ/ინოქს","პროფილი ალ. შემკვრელი ქვედა, დემსას 4045დპ2",ალდ4045,ინოქსი,000004461,"ალდ3998 - პროფილი ალ. შემკვრელი შუა, დემსას 3998დპ2 პ/ინოქს","პროფილი ალ. შემკვრელი შუა, დემსას 3998დპ2",ალდ3998,ინოქსი,000004460,გმქნ4061 - შემაფერხებელიანი მიმმართველი ალუმინის ფასადის.  ნობელალუმინა HB01,000013473
დაისი,1400,2600,500,1100,2001-2600,2600-2700,"პნლა275088 - გასაგორებელი კარი დაისი, ინოქს, 2001-2600, ალდ4722",პნლა275088,ინოქსი,ალდ4722,000041568,"ალდ4722 - პროფილი ალ. შემკვრელი გვერდი, დემსას 4722დპ2 პ/ინოქს",ალდ4722,"პროფილი ალ. შემკვრელი გვერდი, დემსას 4722დპ2",პ/ინოქს,000004465,"ალდ4722 - პროფილი ალ. შემკვრელი გვერდი, დემსას 4722დპ2 პ/ინოქს","პროფილი ალ. შემკვრელი გვერდი, დემსას 4722დპ2",ალდ4722,ინოქსი,000004465,"ალდ4045 - პროფილი ალ. შემკვრელი ქვედა, დემსას 4045დპ2 პ/ინოქს","პროფილი ალ. შემკვრელი ქვედა, დემსას 4045დპ2",ალდ4045,ინოქსი,000004461,"ალდ3998 - პროფილი ალ. შემკვრელი შუა, დემსას 3998დპ2 პ/ინოქს","პროფილი ალ. შემკვრელი შუა, დემსას 3998დპ2",ალდ3998,ინოქსი,000004460,გმქნ4061 - შემაფერხებელიანი მიმმართველი ალუმინის ფასადის.  ნობელალუმინა HB01,000013473
დაისი,1400,2600,500,1100,1400-2000,2600-2700,"პნლა275071 - გასაგორებელი კარი დაისი, ინოქსი, 1400-2000, გალუ4312",პნლა275071,ინოქსი,გალუ4312,000041551,გალუ4312 - პროფილი. ნობელალუმინა FSQ-047 შემკვრელი გვერდი ინოქსი,გალუ4312,პროფილი. ნობელალუმინა FSQ-047 შემკვრელი გვერდი,ინოქსი,000015209,გალუ4349 - პროფილი. ნობელალუმინა XBF-013 თხ. ტიხარი/ზედა შემკვრელი ინოქსი,პროფილი. ნობელალუმინა XBF-013 თხ. ტიხარი/ზედა შემკვრელი,გალუ4349,ინოქსი,000016297,გალუ4337 - პროფილი. ნობელალუმინა XSEK-502 თხ. ქვედა შემკვრელი ინოქსი,პროფილი. ნობელალუმინა XSEK-502 თხ. ქვედა შემკვრელი,გალუ4337,ინოქსი,000016295,გალუ4349 - პროფილი. ნობელალუმინა XBF-013 თხ. ტიხარი/ზედა შემკვრელი ინოქსი,პროფილი. ნობელალუმინა XBF-013 თხ. ტიხარი/ზედა შემკვრელი,გალუ4349,ინოქსი,000016297,გმქნ4061 - შემაფერხებელიანი მიმმართველი ალუმინის ფასადის.  ნობელალუმინა HB01,000013473
დაისი,1400,2600,500,1100,2001-2600,2600-2700,"პნლა275089 - გასაგორებელი კარი დაისი, ინოქსი, 2001-2600, გალუ4312",პნლა275089,ინოქსი,გალუ4312,000041569,გალუ4312 - პროფილი. ნობელალუმინა FSQ-047 შემკვრელი გვერდი ინოქსი,გალუ4312,პროფილი. ნობელალუმინა FSQ-047 შემკვრელი გვერდი,ინოქსი,000015209,გალუ4349 - პროფილი. ნობელალუმინა XBF-013 თხ. ტიხარი/ზედა შემკვრელი ინოქსი,პროფილი. ნობელალუმინა XBF-013 თხ. ტიხარი/ზედა შემკვრელი,გალუ4349,ინოქსი,000016297,გალუ4337 - პროფილი. ნობელალუმინა XSEK-502 თხ. ქვედა შემკვრელი ინოქსი,პროფილი. ნობელალუმინა XSEK-502 თხ. ქვედა შემკვრელი,გალუ4337,ინოქსი,000016295,გალუ4349 - პროფილი. ნობელალუმინა XBF-013 თხ. ტიხარი/ზედა შემკვრელი ინოქსი,პროფილი. ნობელალუმინა XBF-013 თხ. ტიხარი/ზედა შემკვრელი,გალუ4349,ინოქსი,000016297,გმქნ4061 - შემაფერხებელიანი მიმმართველი ალუმინის ფასადის.  ნობელალუმინა HB01,000013473
დაისი,1400,2600,500,1100,1400-2000,2600-2700,"პნლა275072 - გასაგორებელი კარი დაისი, შავი, 1400-2000, გალუ4312",პნლა275072,ინოქსი,გალუ4312,000041552,გალუ4312 - პროფილი. ნობელალუმინა FSQ-047 შემკვრელი გვერდი შავი,გალუ4312,პროფილი. ნობელალუმინა FSQ-047 შემკვრელი გვერდი,შავი,000015210,გალუ4349 - პროფილი. ნობელალუმინა XBF-013 თხ. ტიხარი/ზედა შემკვრელი შავი,პროფილი. ნობელალუმინა XBF-013 თხ. ტიხარი/ზედა შემკვრელი,გალუ4349,შავი,000016298,გალუ4337 - პროფილი. ნობელალუმინა XSEK-502 თხ. ქვედა შემკვრელი შავი,პროფილი. ნობელალუმინა XSEK-502 თხ. ქვედა შემკვრელი,გალუ4337,შავი,000016296,გალუ4349 - პროფილი. ნობელალუმინა XBF-013 თხ. ტიხარი/ზედა შემკვრელი შავი,პროფილი. ნობელალუმინა XBF-013 თხ. ტიხარი/ზედა შემკვრელი,გალუ4349,შავი,000016298,გმქნ4061 - შემაფერხებელიანი მიმმართველი ალუმინის ფასადის.  ნობელალუმინა HB01,000013473
დაისი,1400,2600,500,1100,2001-2600,2600-2700,"პნლა275090 - გასაგორებელი კარი დაისი, შავი, 2001-2600, გალუ4312",პნლა275090,ინოქსი,გალუ4312,000041570,გალუ4312 - პროფილი. ნობელალუმინა FSQ-047 შემკვრელი გვერდი შავი,გალუ4312,პროფილი. ნობელალუმინა FSQ-047 შემკვრელი გვერდი,შავი,000015210,გალუ4349 - პროფილი. ნობელალუმინა XBF-013 თხ. ტიხარი/ზედა შემკვრელი შავი,პროფილი. ნობელალუმინა XBF-013 თხ. ტიხარი/ზედა შემკვრელი,გალუ4349,შავი,000016298,გალუ4337 - პროფილი. ნობელალუმინა XSEK-502 თხ. ქვედა შემკვრელი შავი,პროფილი. ნობელალუმინა XSEK-502 თხ. ქვედა შემკვრელი,გალუ4337,შავი,000016296,გალუ4349 - პროფილი. ნობელალუმინა XBF-013 თხ. ტიხარი/ზედა შემკვრელი შავი,პროფილი. ნობელალუმინა XBF-013 თხ. ტიხარი/ზედა შემკვრელი,გალუ4349,შავი,000016298,გმქნ4061 - შემაფერხებელიანი მიმმართველი ალუმინის ფასადის.  ნობელალუმინა HB01,000013473
დაირა,1400,2600,500,1100,1400-2000,2600-2700,"პნლა275091 - გასაგორებელი კარი დაირა, ინოქსი, 1400-2000, გალუ4108",პნლა275091,ინოქსი,გალუ4108,000041571,გალუ4108 - პროფილი. ნობელალუმინა XGJB-1058P ვწ. ორმხრივი გვერდი ინოქსი,გალუ4108,პროფილი. ნობელალუმინა XGJB-1058P ვწ. ორმხრივი გვერდი,ინოქსი,000015192,გალუ4349 - პროფილი. ნობელალუმინა XBF-013 თხ. ტიხარი/ზედა შემკვრელი ინოქსი,პროფილი. ნობელალუმინა XBF-013 თხ. ტიხარი/ზედა შემკვრელი,გალუ4349,ინოქსი,000016297,გალუ4337 - პროფილი. ნობელალუმინა XSEK-502 თხ. ქვედა შემკვრელი ინოქსი,პროფილი. ნობელალუმინა XSEK-502 თხ. ქვედა შემკვრელი,გალუ4337,ინოქსი,000016295,გალუ4349 - პროფილი. ნობელალუმინა XBF-013 თხ. ტიხარი/ზედა შემკვრელი ინოქსი,პროფილი. ნობელალუმინა XBF-013 თხ. ტიხარი/ზედა შემკვრელი,გალუ4349,ინოქსი,000016297,გმქნ4061 - შემაფერხებელიანი მიმმართველი ალუმინის ფასადის.  ნობელალუმინა HB01,000013473
დაირა,1400,2600,500,1100,2001-2600,2600-2700,"პნლა275109 - გასაგორებელი კარი დაირა, ინოქსი, 2001-2600, გალუ4108",პნლა275109,ინოქსი,გალუ4108,000041596,გალუ4108 - პროფილი. ნობელალუმინა XGJB-1058P ვწ. ორმხრივი გვერდი ინოქსი,გალუ4108,პროფილი. ნობელალუმინა XGJB-1058P ვწ. ორმხრივი გვერდი,ინოქსი,000015192,გალუ4349 - პროფილი. ნობელალუმინა XBF-013 თხ. ტიხარი/ზედა შემკვრელი ინოქსი,პროფილი. ნობელალუმინა XBF-013 თხ. ტიხარი/ზედა შემკვრელი,გალუ4349,ინოქსი,000016297,გალუ4337 - პროფილი. ნობელალუმინა XSEK-502 თხ. ქვედა შემკვრელი ინოქსი,პროფილი. ნობელალუმინა XSEK-502 თხ. ქვედა შემკვრელი,გალუ4337,ინოქსი,000016295,გალუ4349 - პროფილი. ნობელალუმინა XBF-013 თხ. ტიხარი/ზედა შემკვრელი ინოქსი,პროფილი. ნობელალუმინა XBF-013 თხ. ტიხარი/ზედა შემკვრელი,გალუ4349,ინოქსი,000016297,გმქნ4061 - შემაფერხებელიანი მიმმართველი ალუმინის ფასადის.  ნობელალუმინა HB01,000013473
დაირა,1400,2600,500,1100,1400-2000,2600-2700,"პნლა275092 - გასაგორებელი კარი დაირა, შავი, 1400-2000, გალუ4108",პნლა275092,ინოქსი,გალუ4108,000041572,გალუ4108 - პროფილი. ნობელალუმინა XGJB-1058P ვწ. ორმხრივი გვერდი შავი,გალუ4108,პროფილი. ნობელალუმინა XGJB-1058P ვწ. ორმხრივი გვერდი,შავი,000015193,გალუ4349 - პროფილი. ნობელალუმინა XBF-013 თხ. ტიხარი/ზედა შემკვრელი შავი,პროფილი. ნობელალუმინა XBF-013 თხ. ტიხარი/ზედა შემკვრელი,გალუ4349,შავი,000016298,გალუ4337 - პროფილი. ნობელალუმინა XSEK-502 თხ. ქვედა შემკვრელი შავი,პროფილი. ნობელალუმინა XSEK-502 თხ. ქვედა შემკვრელი,გალუ4337,შავი,000016296,გალუ4349 - პროფილი. ნობელალუმინა XBF-013 თხ. ტიხარი/ზედა შემკვრელი შავი,პროფილი. ნობელალუმინა XBF-013 თხ. ტიხარი/ზედა შემკვრელი,გალუ4349,შავი,000016298,გმქნ4061 - შემაფერხებელიანი მიმმართველი ალუმინის ფასადის.  ნობელალუმინა HB01,000013473
დაირა,1400,2600,500,1100,2001-2600,2600-2700,"პნლა275110 - გასაგორებელი კარი დაირა, შავი, 2001-2600, გალუ4108",პნლა275110,ინოქსი,გალუ4108,000041597,გალუ4108 - პროფილი. ნობელალუმინა XGJB-1058P ვწ. ორმხრივი გვერდი შავი,გალუ4108,პროფილი. ნობელალუმინა XGJB-1058P ვწ. ორმხრივი გვერდი,შავი,000015193,გალუ4349 - პროფილი. ნობელალუმინა XBF-013 თხ. ტიხარი/ზედა შემკვრელი შავი,პროფილი. ნობელალუმინა XBF-013 თხ. ტიხარი/ზედა შემკვრელი,გალუ4349,შავი,000016298,გალუ4337 - პროფილი. ნობელალუმინა XSEK-502 თხ. ქვედა შემკვრელი შავი,პროფილი. ნობელალუმინა XSEK-502 თხ. ქვედა შემკვრელი,გალუ4337,შავი,000016296,გალუ4349 - პროფილი. ნობელალუმინა XBF-013 თხ. ტიხარი/ზედა შემკვრელი შავი,პროფილი. ნობელალუმინა XBF-013 თხ. ტიხარი/ზედა შემკვრელი,გალუ4349,შავი,000016298,გმქნ4061 - შემაფერხებელიანი მიმმართველი ალუმინის ფასადის.  ნობელალუმინა HB01,000013473
დაირა,1400,2600,500,1100,1400-2000,2600-2700,"პნლა275093 - გასაგორებელი კარი დაირა, გრაფიტი, 1400-2000, გალუ4181",პნლა275093,ინოქსი,გალუ4181,000041573,გალუ4181 - პროფილი. ნობელალუმინა XGJB-1354 ორი დონე გვერდი გრაფიტი,გალუ4181,პროფილი. ნობელალუმინა XGJB-1354 ორი დონე გვერდი,გრაფიტი,000016301,გალუ4186 - პროფილი. ნობელალუმინა XGJB-1352 ორი დონე ზედა შემკვრელი გრაფიტი,პროფილი. ნობელალუმინა XGJB-1352 ორი დონე ზედა შემკვრელი,გალუ4186,გრაფიტი,000016303,გალუ4184 - პროფილი. ნობელალუმინა XGJB-1353 ორი დონე ქვედა შემკვრელი გრაფიტი,პროფილი. ნობელალუმინა XGJB-1353 ორი დონე ქვედა შემკვრელი,გალუ4184,გრაფიტი,000016302,გალუ4189 - პროფილი. ნობელალუმინა XGJB-1368P ორი დონე შიდა ტიხარი გრაფიტი,პროფილი. ნობელალუმინა XGJB-1368P ორი დონე შიდა ტიხარი,გალუ4189,გრაფიტი,000016304,გმქნ4061 - შემაფერხებელიანი მიმმართველი ალუმინის ფასადის.  ნობელალუმინა HB01,000013473
დაირა,1400,2600,500,1100,2001-2600,2600-2700,"პნლა275111 - გასაგორებელი კარი დაირა, გრაფიტი, 2001-2600, გალუ4181",პნლა275111,ინოქსი,გალუ4181,000041598,გალუ4181 - პროფილი. ნობელალუმინა XGJB-1354 ორი დონე გვერდი გრაფიტი,გალუ4181,პროფილი. ნობელალუმინა XGJB-1354 ორი დონე გვერდი,გრაფიტი,000016301,გალუ4186 - პროფილი. ნობელალუმინა XGJB-1352 ორი დონე ზედა შემკვრელი გრაფიტი,პროფილი. ნობელალუმინა XGJB-1352 ორი დონე ზედა შემკვრელი,გალუ4186,გრაფიტი,000016303,გალუ4184 - პროფილი. ნობელალუმინა XGJB-1353 ორი დონე ქვედა შემკვრელი გრაფიტი,პროფილი. ნობელალუმინა XGJB-1353 ორი დონე ქვედა შემკვრელი,გალუ4184,გრაფიტი,000016302,გალუ4189 - პროფილი. ნობელალუმინა XGJB-1368P ორი დონე შიდა ტიხარი გრაფიტი,პროფილი. ნობელალუმინა XGJB-1368P ორი დონე შიდა ტიხარი,გალუ4189,გრაფიტი,000016304,გმქნ4061 - შემაფერხებელიანი მიმმართველი ალუმინის ფასადის.  ნობელალუმინა HB01,000013473
დაირა,1400,2600,500,1100,1400-2000,2600-2700,"პნლა275094 - გასაგორებელი კარი დაირა, სილვერი, 1400-2000, გალუ4014",პნლა275094,ინოქსი,გალუ4014,000041574,გალუ4014 - პროფილი. ნობელალუმინა XBX-043P სწორი/ფიგურიანი გვერდი სილვერი,გალუ4014,პროფილი. ნობელალუმინა XBX-043P სწორი/ფიგურიანი გვერდი,სილვერი,000012321,გალუ4156 - პროფილი. ნობელალუმინა LXD-3025 თხ. ზედა შემკვრელი სილვერი,პროფილი. ნობელალუმინა LXD-3025 თხ. ზედა შემკვრელი,გალუ4156,სილვერი,000012323,გალუ4151 - პროფილი. ნობელალუმინა LXD-3027 თხ. ქვედა შემკვრელი სილვერი,პროფილი. ნობელალუმინა LXD-3027 თხ. ქვედა შემკვრელი,გალუ4151,სილვერი,000012322,გალუ4162 - პროფილი. ნობელალუმინა LXD-3026 თხ. შიდა ტიხარი სილვერი,პროფილი. ნობელალუმინა LXD-3026 თხ. შიდა ტიხარი,გალუ4162,სილვერი,000012324,გმქნ4061 - შემაფერხებელიანი მიმმართველი ალუმინის ფასადის.  ნობელალუმინა HB01,000013473
დაირა,1400,2600,500,1100,2001-2600,2600-2700,"პნლა275112 - გასაგორებელი კარი დაირა, სილვერი, 2001-2600, გალუ4014",პნლა275112,ინოქსი,გალუ4014,000041599,გალუ4014 - პროფილი. ნობელალუმინა XBX-043P სწორი/ფიგურიანი გვერდი სილვერი,გალუ4014,პროფილი. ნობელალუმინა XBX-043P სწორი/ფიგურიანი გვერდი,სილვერი,000012321,გალუ4156 - პროფილი. ნობელალუმინა LXD-3025 თხ. ზედა შემკვრელი სილვერი,პროფილი. ნობელალუმინა LXD-3025 თხ. ზედა შემკვრელი,გალუ4156,სილვერი,000012323,გალუ4151 - პროფილი. ნობელალუმინა LXD-3027 თხ. ქვედა შემკვრელი სილვერი,პროფილი. ნობელალუმინა LXD-3027 თხ. ქვედა შემკვრელი,გალუ4151,სილვერი,000012322,გალუ4162 - პროფილი. ნობელალუმინა LXD-3026 თხ. შიდა ტიხარი სილვერი,პროფილი. ნობელალუმინა LXD-3026 თხ. შიდა ტიხარი,გალუ4162,სილვერი,000012324,გმქნ4061 - შემაფერხებელიანი მიმმართველი ალუმინის ფასადის.  ნობელალუმინა HB01,000013473
დაირა,1400,2600,500,1100,1400-2000,2600-2700,"პნლა275095 - გასაგორებელი კარი დაირა, ინოქსი, 1400-2000, გალუ4014",პნლა275095,ინოქსი,გალუ4014,000041575,გალუ4014 - პროფილი. ნობელალუმინა XBX-043P სწორი/ფიგურიანი გვერდი ინოქსი,გალუ4014,პროფილი. ნობელალუმინა XBX-043P სწორი/ფიგურიანი გვერდი,ინოქსი,000016288,გალუ4349 - პროფილი. ნობელალუმინა XBF-013 თხ. ტიხარი/ზედა შემკვრელი ინოქსი,პროფილი. ნობელალუმინა XBF-013 თხ. ტიხარი/ზედა შემკვრელი,გალუ4349,ინოქსი,000016297,გალუ4337 - პროფილი. ნობელალუმინა XSEK-502 თხ. ქვედა შემკვრელი ინოქსი,პროფილი. ნობელალუმინა XSEK-502 თხ. ქვედა შემკვრელი,გალუ4337,ინოქსი,000016295,გალუ4349 - პროფილი. ნობელალუმინა XBF-013 თხ. ტიხარი/ზედა შემკვრელი ინოქსი,პროფილი. ნობელალუმინა XBF-013 თხ. ტიხარი/ზედა შემკვრელი,გალუ4349,ინოქსი,000016297,გმქნ4061 - შემაფერხებელიანი მიმმართველი ალუმინის ფასადის.  ნობელალუმინა HB01,000013473
დაირა,1400,2600,500,1100,2001-2600,2600-2700,"პნლა275113 - გასაგორებელი კარი დაირა, ინოქსი, 2001-2600, გალუ4014",პნლა275113,ინოქსი,გალუ4014,000041600,გალუ4014 - პროფილი. ნობელალუმინა XBX-043P სწორი/ფიგურიანი გვერდი ინოქსი,გალუ4014,პროფილი. ნობელალუმინა XBX-043P სწორი/ფიგურიანი გვერდი,ინოქსი,000016288,გალუ4349 - პროფილი. ნობელალუმინა XBF-013 თხ. ტიხარი/ზედა შემკვრელი ინოქსი,პროფილი. ნობელალუმინა XBF-013 თხ. ტიხარი/ზედა შემკვრელი,გალუ4349,ინოქსი,000016297,გალუ4337 - პროფილი. ნობელალუმინა XSEK-502 თხ. ქვედა შემკვრელი ინოქსი,პროფილი. ნობელალუმინა XSEK-502 თხ. ქვედა შემკვრელი,გალუ4337,ინოქსი,000016295,გალუ4349 - პროფილი. ნობელალუმინა XBF-013 თხ. ტიხარი/ზედა შემკვრელი ინოქსი,პროფილი. ნობელალუმინა XBF-013 თხ. ტიხარი/ზედა შემკვრელი,გალუ4349,ინოქსი,000016297,გმქნ4061 - შემაფერხებელიანი მიმმართველი ალუმინის ფასადის.  ნობელალუმინა HB01,000013473
დაირა,1400,2600,500,1100,1400-2000,2600-2700,"პნლა275096 - გასაგორებელი კარი დაირა, ინოქსი, 1400-2000, გალუ4206",პნლა275096,ინოქსი,გალუ4206,000041576,გალუ4206 - პროფილი. ნობელალუმინა XGJB-618P შტ. ფასადის გვერდი ინოქსი,გალუ4206,პროფილი. ნობელალუმინა XGJB-618P შტ. ფასადის გვერდი,ინოქსი,000016289,გალუ4226 - პროფილი. ნობელალუმინა XGJB-619P შტ. ზედა შემკვრელი ინოქსი,პროფილი. ნობელალუმინა XGJB-619P შტ. ზედა შემკვრელი,გალუ4226,ინოქსი,000016293,გალუ4221 - პროფილი. ნობელალუმინა XGJB-619AP შტ. ქვედა შემკვრელი ინოქსი,პროფილი. ნობელალუმინა XGJB-619AP შტ. ქვედა შემკვრელი,გალუ4221,ინოქსი,000016291,გალუ4226 - პროფილი. ნობელალუმინა XGJB-619P შტ. ზედა შემკვრელი ინოქსი,პროფილი. ნობელალუმინა XGJB-619P შტ. ზედა შემკვრელი,გალუ4226,ინოქსი,000016293,გმქნ4061 - შემაფერხებელიანი მიმმართველი ალუმინის ფასადის.  ნობელალუმინა HB01,000013473
დაირა,1400,2600,500,1100,2001-2600,2600-2700,"პნლა275114 - გასაგორებელი კარი დაირა, ინოქსი, 2001-2600, გალუ4206",პნლა275114,ინოქსი,გალუ4206,000041601,გალუ4206 - პროფილი. ნობელალუმინა XGJB-618P შტ. ფასადის გვერდი ინოქსი,გალუ4206,პროფილი. ნობელალუმინა XGJB-618P შტ. ფასადის გვერდი,ინოქსი,000016289,გალუ4226 - პროფილი. ნობელალუმინა XGJB-619P შტ. ზედა შემკვრელი ინოქსი,პროფილი. ნობელალუმინა XGJB-619P შტ. ზედა შემკვრელი,გალუ4226,ინოქსი,000016293,გალუ4221 - პროფილი. ნობელალუმინა XGJB-619AP შტ. ქვედა შემკვრელი ინოქსი,პროფილი. ნობელალუმინა XGJB-619AP შტ. ქვედა შემკვრელი,გალუ4221,ინოქსი,000016291,გალუ4226 - პროფილი. ნობელალუმინა XGJB-619P შტ. ზედა შემკვრელი ინოქსი,პროფილი. ნობელალუმინა XGJB-619P შტ. ზედა შემკვრელი,გალუ4226,ინოქსი,000016293,გმქნ4061 - შემაფერხებელიანი მიმმართველი ალუმინის ფასადის.  ნობელალუმინა HB01,000013473
დაირა,1400,2600,500,1100,1400-2000,2600-2700,"პნლა275097 - გასაგორებელი კარი დაირა, შავი, 1400-2000, გალუ4206",პნლა275097,ინოქსი,გალუ4206,000041577,გალუ4206 - პროფილი. ნობელალუმინა XGJB-618P შტ. ფასადის გვერდი შავი,გალუ4206,პროფილი. ნობელალუმინა XGJB-618P შტ. ფასადის გვერდი,შავი,000016290,გალუ4226 - პროფილი. ნობელალუმინა XGJB-619P შტ. ზედა შემკვრელი შავი,პროფილი. ნობელალუმინა XGJB-619P შტ. ზედა შემკვრელი,გალუ4226,შავი,000016294,გალუ4221 - პროფილი. ნობელალუმინა XGJB-619AP შტ. ქვედა შემკვრელი შავი,პროფილი. ნობელალუმინა XGJB-619AP შტ. ქვედა შემკვრელი,გალუ4221,შავი,000016292,გალუ4226 - პროფილი. ნობელალუმინა XGJB-619P შტ. ზედა შემკვრელი შავი,პროფილი. ნობელალუმინა XGJB-619P შტ. ზედა შემკვრელი,გალუ4226,შავი,000016294,გმქნ4061 - შემაფერხებელიანი მიმმართველი ალუმინის ფასადის.  ნობელალუმინა HB01,000013473
დაირა,1400,2600,500,1100,2001-2600,2600-2700,"პნლა275115 - გასაგორებელი კარი დაირა, შავი, 2001-2600, გალუ4206",პნლა275115,ინოქსი,გალუ4206,000041602,გალუ4206 - პროფილი. ნობელალუმინა XGJB-618P შტ. ფასადის გვერდი შავი,გალუ4206,პროფილი. ნობელალუმინა XGJB-618P შტ. ფასადის გვერდი,შავი,000016290,გალუ4226 - პროფილი. ნობელალუმინა XGJB-619P შტ. ზედა შემკვრელი შავი,პროფილი. ნობელალუმინა XGJB-619P შტ. ზედა შემკვრელი,გალუ4226,შავი,000016294,გალუ4221 - პროფილი. ნობელალუმინა XGJB-619AP შტ. ქვედა შემკვრელი შავი,პროფილი. ნობელალუმინა XGJB-619AP შტ. ქვედა შემკვრელი,გალუ4221,შავი,000016292,გალუ4226 - პროფილი. ნობელალუმინა XGJB-619P შტ. ზედა შემკვრელი შავი,პროფილი. ნობელალუმინა XGJB-619P შტ. ზედა შემკვრელი,გალუ4226,შავი,000016294,გმქნ4061 - შემაფერხებელიანი მიმმართველი ალუმინის ფასადის.  ნობელალუმინა HB01,000013473
დაირა,1400,2600,500,1100,1400-2000,2600-2700,"პნლა275098 - გასაგორებელი კარი დაირა, ინოქსი, 1400-2000, გალუ4323",პნლა275098,ინოქსი,გალუ4323,000041578,გალუ4323 - პროფილი. ნობელალუმინა ZJB-715 შემკვრელი გვერდი ინოქსი,გალუ4323,პროფილი. ნობელალუმინა ZJB-715 შემკვრელი გვერდი,ინოქსი,000015211,გალუ4349 - პროფილი. ნობელალუმინა XBF-013 თხ. ტიხარი/ზედა შემკვრელი ინოქსი,პროფილი. ნობელალუმინა XBF-013 თხ. ტიხარი/ზედა შემკვრელი,გალუ4349,ინოქსი,000016297,გალუ4337 - პროფილი. ნობელალუმინა XSEK-502 თხ. ქვედა შემკვრელი ინოქსი,პროფილი. ნობელალუმინა XSEK-502 თხ. ქვედა შემკვრელი,გალუ4337,ინოქსი,000016295,გალუ4349 - პროფილი. ნობელალუმინა XBF-013 თხ. ტიხარი/ზედა შემკვრელი ინოქსი,პროფილი. ნობელალუმინა XBF-013 თხ. ტიხარი/ზედა შემკვრელი,გალუ4349,ინოქსი,000016297,გმქნ4061 - შემაფერხებელიანი მიმმართველი ალუმინის ფასადის.  ნობელალუმინა HB01,000013473
დაირა,1400,2600,500,1100,2001-2600,2600-2700,"პნლა275116 - გასაგორებელი კარი დაირა, ინოქსი, 2001-2600, გალუ4323",პნლა275116,ინოქსი,გალუ4323,000041603,გალუ4323 - პროფილი. ნობელალუმინა ZJB-715 შემკვრელი გვერდი ინოქსი,გალუ4323,პროფილი. ნობელალუმინა ZJB-715 შემკვრელი გვერდი,ინოქსი,000015211,გალუ4349 - პროფილი. ნობელალუმინა XBF-013 თხ. ტიხარი/ზედა შემკვრელი ინოქსი,პროფილი. ნობელალუმინა XBF-013 თხ. ტიხარი/ზედა შემკვრელი,გალუ4349,ინოქსი,000016297,გალუ4337 - პროფილი. ნობელალუმინა XSEK-502 თხ. ქვედა შემკვრელი ინოქსი,პროფილი. ნობელალუმინა XSEK-502 თხ. ქვედა შემკვრელი,გალუ4337,ინოქსი,000016295,გალუ4349 - პროფილი. ნობელალუმინა XBF-013 თხ. ტიხარი/ზედა შემკვრელი ინოქსი,პროფილი. ნობელალუმინა XBF-013 თხ. ტიხარი/ზედა შემკვრელი,გალუ4349,ინოქსი,000016297,გმქნ4061 - შემაფერხებელიანი მიმმართველი ალუმინის ფასადის.  ნობელალუმინა HB01,000013473
დაირა,1400,2600,500,1100,1400-2000,2600-2700,"პნლა275099 - გასაგორებელი კარი დაირა, შავი, 1400-2000, გალუ4323",პნლა275099,ინოქსი,გალუ4323,000041579,გალუ4323 - პროფილი. ნობელალუმინა ZJB-715 შემკვრელი გვერდი შავი,გალუ4323,პროფილი. ნობელალუმინა ZJB-715 შემკვრელი გვერდი,შავი,000015212,გალუ4349 - პროფილი. ნობელალუმინა XBF-013 თხ. ტიხარი/ზედა შემკვრელი შავი,პროფილი. ნობელალუმინა XBF-013 თხ. ტიხარი/ზედა შემკვრელი,გალუ4349,შავი,000016298,გალუ4337 - პროფილი. ნობელალუმინა XSEK-502 თხ. ქვედა შემკვრელი შავი,პროფილი. ნობელალუმინა XSEK-502 თხ. ქვედა შემკვრელი,გალუ4337,შავი,000016296,გალუ4349 - პროფილი. ნობელალუმინა XBF-013 თხ. ტიხარი/ზედა შემკვრელი შავი,პროფილი. ნობელალუმინა XBF-013 თხ. ტიხარი/ზედა შემკვრელი,გალუ4349,შავი,000016298,გმქნ4061 - შემაფერხებელიანი მიმმართველი ალუმინის ფასადის.  ნობელალუმინა HB01,000013473
დაირა,1400,2600,500,1100,2001-2600,2600-2700,"პნლა275117 - გასაგორებელი კარი დაირა, შავი, 2001-2600, გალუ4323",პნლა275117,ინოქსი,გალუ4323,000041604,გალუ4323 - პროფილი. ნობელალუმინა ZJB-715 შემკვრელი გვერდი შავი,გალუ4323,პროფილი. ნობელალუმინა ZJB-715 შემკვრელი გვერდი,შავი,000015212,გალუ4349 - პროფილი. ნობელალუმინა XBF-013 თხ. ტიხარი/ზედა შემკვრელი შავი,პროფილი. ნობელალუმინა XBF-013 თხ. ტიხარი/ზედა შემკვრელი,გალუ4349,შავი,000016298,გალუ4337 - პროფილი. ნობელალუმინა XSEK-502 თხ. ქვედა შემკვრელი შავი,პროფილი. ნობელალუმინა XSEK-502 თხ. ქვედა შემკვრელი,გალუ4337,შავი,000016296,გალუ4349 - პროფილი. ნობელალუმინა XBF-013 თხ. ტიხარი/ზედა შემკვრელი შავი,პროფილი. ნობელალუმინა XBF-013 თხ. ტიხარი/ზედა შემკვრელი,გალუ4349,შავი,000016298,გმქნ4061 - შემაფერხებელიანი მიმმართველი ალუმინის ფასადის.  ნობელალუმინა HB01,000013473
დაირა,1400,2600,500,1100,1400-2000,2600-2700,"პნლა275100 - გასაგორებელი კარი დაირა, ინოქსი, 1400-2000, გალუ4355",პნლა275100,ინოქსი,გალუ4355,000041580,გალუ4355 - პროფილი. ნობელალუმინა LWY-002 ფასადის გვერდი ინოქსი,გალუ4355,პროფილი. ნობელალუმინა LWY-002 ფასადის გვერდი,ინოქსი,000016300,გალუ4349 - პროფილი. ნობელალუმინა XBF-013 თხ. ტიხარი/ზედა შემკვრელი ინოქსი,პროფილი. ნობელალუმინა XBF-013 თხ. ტიხარი/ზედა შემკვრელი,გალუ4349,ინოქსი,000016297,გალუ4337 - პროფილი. ნობელალუმინა XSEK-502 თხ. ქვედა შემკვრელი ინოქსი,პროფილი. ნობელალუმინა XSEK-502 თხ. ქვედა შემკვრელი,გალუ4337,ინოქსი,000016295,გალუ4349 - პროფილი. ნობელალუმინა XBF-013 თხ. ტიხარი/ზედა შემკვრელი ინოქსი,პროფილი. ნობელალუმინა XBF-013 თხ. ტიხარი/ზედა შემკვრელი,გალუ4349,ინოქსი,000016297,გმქნ4061 - შემაფერხებელიანი მიმმართველი ალუმინის ფასადის.  ნობელალუმინა HB01,000013473
დაირა,1400,2600,500,1100,2001-2600,2600-2700,"პნლა275118 - გასაგორებელი კარი დაირა, ინოქსი, 2001-2600, გალუ4355",პნლა275118,ინოქსი,გალუ4355,000041605,გალუ4355 - პროფილი. ნობელალუმინა LWY-002 ფასადის გვერდი ინოქსი,გალუ4355,პროფილი. ნობელალუმინა LWY-002 ფასადის გვერდი,ინოქსი,000016300,გალუ4349 - პროფილი. ნობელალუმინა XBF-013 თხ. ტიხარი/ზედა შემკვრელი ინოქსი,პროფილი. ნობელალუმინა XBF-013 თხ. ტიხარი/ზედა შემკვრელი,გალუ4349,ინოქსი,000016297,გალუ4337 - პროფილი. ნობელალუმინა XSEK-502 თხ. ქვედა შემკვრელი ინოქსი,პროფილი. ნობელალუმინა XSEK-502 თხ. ქვედა შემკვრელი,გალუ4337,ინოქსი,000016295,გალუ4349 - პროფილი. ნობელალუმინა XBF-013 თხ. ტიხარი/ზედა შემკვრელი ინოქსი,პროფილი. ნობელალუმინა XBF-013 თხ. ტიხარი/ზედა შემკვრელი,გალუ4349,ინოქსი,000016297,გმქნ4061 - შემაფერხებელიანი მიმმართველი ალუმინის ფასადის.  ნობელალუმინა HB01,000013473
დაირა,1400,2600,500,1100,1400-2000,2600-2700,"პნლა275101 - გასაგორებელი კარი დაირა, შავი, 1400-2000, გალუ4355",პნლა275101,ინოქსი,გალუ4355,000041588,გალუ4355 - პროფილი. ნობელალუმინა LWY-002 ფასადის გვერდი შავი,გალუ4355,პროფილი. ნობელალუმინა LWY-002 ფასადის გვერდი,შავი,000016299,გალუ4349 - პროფილი. ნობელალუმინა XBF-013 თხ. ტიხარი/ზედა შემკვრელი შავი,პროფილი. ნობელალუმინა XBF-013 თხ. ტიხარი/ზედა შემკვრელი,გალუ4349,შავი,000016298,გალუ4337 - პროფილი. ნობელალუმინა XSEK-502 თხ. ქვედა შემკვრელი შავი,პროფილი. ნობელალუმინა XSEK-502 თხ. ქვედა შემკვრელი,გალუ4337,შავი,000016296,გალუ4349 - პროფილი. ნობელალუმინა XBF-013 თხ. ტიხარი/ზედა შემკვრელი შავი,პროფილი. ნობელალუმინა XBF-013 თხ. ტიხარი/ზედა შემკვრელი,გალუ4349,შავი,000016298,გმქნ4061 - შემაფერხებელიანი მიმმართველი ალუმინის ფასადის.  ნობელალუმინა HB01,000013473
დაირა,1400,2600,500,1100,2001-2600,2600-2700,"პნლა275119 - გასაგორებელი კარი დაირა, შავი, 2001-2600, გალუ4355",პნლა275119,ინოქსი,გალუ4355,000041606,გალუ4355 - პროფილი. ნობელალუმინა LWY-002 ფასადის გვერდი შავი,გალუ4355,პროფილი. ნობელალუმინა LWY-002 ფასადის გვერდი,შავი,000016299,გალუ4349 - პროფილი. ნობელალუმინა XBF-013 თხ. ტიხარი/ზედა შემკვრელი შავი,პროფილი. ნობელალუმინა XBF-013 თხ. ტიხარი/ზედა შემკვრელი,გალუ4349,შავი,000016298,გალუ4337 - პროფილი. ნობელალუმინა XSEK-502 თხ. ქვედა შემკვრელი შავი,პროფილი. ნობელალუმინა XSEK-502 თხ. ქვედა შემკვრელი,გალუ4337,შავი,000016296,გალუ4349 - პროფილი. ნობელალუმინა XBF-013 თხ. ტიხარი/ზედა შემკვრელი შავი,პროფილი. ნობელალუმინა XBF-013 თხ. ტიხარი/ზედა შემკვრელი,გალუ4349,შავი,000016298,გმქნ4061 - შემაფერხებელიანი მიმმართველი ალუმინის ფასადის.  ნობელალუმინა HB01,000013473
დაირა,1400,2600,500,1100,1400-2000,2600-2700,"პნლა275102 - გასაგორებელი კარი დაირა, ინოქსი, 1400-2000, გალუ4111",პნლა275102,ინოქსი,გალუ4111,000041589,გალუ4111 - პროფილი. ნობელალუმინა XGJB-629 ვწ. ფასადის გვერდი ინოქსი,გალუ4111,პროფილი. ნობელალუმინა XGJB-629 ვწ. ფასადის გვერდი,ინოქსი,000015194,გალუ4126 - პროფილი. ნობელალუმინა XGJB-340 ვწ. ზედა შემკვრელი ინოქსი,პროფილი. ნობელალუმინა XGJB-340 ვწ. ზედა შემკვრელი,გალუ4126,ინოქსი,000015198,გალუ4121 - პროფილი. ნობელალუმინა XGJB-339 ვწ. ქვედა შემკვრელი ინოქსი,პროფილი. ნობელალუმინა XGJB-339 ვწ. ქვედა შემკვრელი,გალუ4121,ინოქსი,000015196,გალუ4132 - პროფილი. ნობელალუმინა XGJB-341P ვწ. შიდა ტიხარი ინოქსი,პროფილი. ნობელალუმინა XGJB-341P ვწ. შიდა ტიხარი,გალუ4132,ინოქსი,000015200,გმქნ4061 - შემაფერხებელიანი მიმმართველი ალუმინის ფასადის.  ნობელალუმინა HB01,000013473
დაირა,1400,2600,500,1100,2001-2600,2600-2700,"პნლა275120 - გასაგორებელი კარი დაირა, ინოქსი, 2001-2600, გალუ4111",პნლა275120,ინოქსი,გალუ4111,000041607,გალუ4111 - პროფილი. ნობელალუმინა XGJB-629 ვწ. ფასადის გვერდი ინოქსი,გალუ4111,პროფილი. ნობელალუმინა XGJB-629 ვწ. ფასადის გვერდი,ინოქსი,000015194,გალუ4126 - პროფილი. ნობელალუმინა XGJB-340 ვწ. ზედა შემკვრელი ინოქსი,პროფილი. ნობელალუმინა XGJB-340 ვწ. ზედა შემკვრელი,გალუ4126,ინოქსი,000015198,გალუ4121 - პროფილი. ნობელალუმინა XGJB-339 ვწ. ქვედა შემკვრელი ინოქსი,პროფილი. ნობელალუმინა XGJB-339 ვწ. ქვედა შემკვრელი,გალუ4121,ინოქსი,000015196,გალუ4132 - პროფილი. ნობელალუმინა XGJB-341P ვწ. შიდა ტიხარი ინოქსი,პროფილი. ნობელალუმინა XGJB-341P ვწ. შიდა ტიხარი,გალუ4132,ინოქსი,000015200,გმქნ4061 - შემაფერხებელიანი მიმმართველი ალუმინის ფასადის.  ნობელალუმინა HB01,000013473
დაირა,1400,2600,500,1100,1400-2000,2600-2700,"პნლა275103 - გასაგორებელი კარი დაირა, შავი, 1400-2000, გალუ4111",პნლა275103,ინოქსი,გალუ4111,000041590,გალუ4111 - პროფილი. ნობელალუმინა XGJB-629 ვწ. ფასადის გვერდი შავი,გალუ4111,პროფილი. ნობელალუმინა XGJB-629 ვწ. ფასადის გვერდი,შავი,000015195,გალუ4126 - პროფილი. ნობელალუმინა XGJB-340 ვწ. ზედა შემკვრელი შავი,პროფილი. ნობელალუმინა XGJB-340 ვწ. ზედა შემკვრელი,გალუ4126,შავი,000015199,გალუ4121 - პროფილი. ნობელალუმინა XGJB-339 ვწ. ქვედა შემკვრელი შავი,პროფილი. ნობელალუმინა XGJB-339 ვწ. ქვედა შემკვრელი,გალუ4121,შავი,000015197,გალუ4132 - პროფილი. ნობელალუმინა XGJB-341P ვწ. შიდა ტიხარი შავი,პროფილი. ნობელალუმინა XGJB-341P ვწ. შიდა ტიხარი,გალუ4132,შავი,000015201,გმქნ4061 - შემაფერხებელიანი მიმმართველი ალუმინის ფასადის.  ნობელალუმინა HB01,000013473
დაირა,1400,2600,500,1100,2001-2600,2600-2700,"პნლა275121 - გასაგორებელი კარი დაირა, შავი, 2001-2600, გალუ4111",პნლა275121,ინოქსი,გალუ4111,000041608,გალუ4111 - პროფილი. ნობელალუმინა XGJB-629 ვწ. ფასადის გვერდი შავი,გალუ4111,პროფილი. ნობელალუმინა XGJB-629 ვწ. ფასადის გვერდი,შავი,000015195,გალუ4126 - პროფილი. ნობელალუმინა XGJB-340 ვწ. ზედა შემკვრელი შავი,პროფილი. ნობელალუმინა XGJB-340 ვწ. ზედა შემკვრელი,გალუ4126,შავი,000015199,გალუ4121 - პროფილი. ნობელალუმინა XGJB-339 ვწ. ქვედა შემკვრელი შავი,პროფილი. ნობელალუმინა XGJB-339 ვწ. ქვედა შემკვრელი,გალუ4121,შავი,000015197,გალუ4132 - პროფილი. ნობელალუმინა XGJB-341P ვწ. შიდა ტიხარი შავი,პროფილი. ნობელალუმინა XGJB-341P ვწ. შიდა ტიხარი,გალუ4132,შავი,000015201,გმქნ4061 - შემაფერხებელიანი მიმმართველი ალუმინის ფასადის.  ნობელალუმინა HB01,000013473
დაირა,1400,2600,500,1100,1400-2000,2600-2700,"პნლა275104 - გასაგორებელი კარი დაირა, ინოქსი, 1400-2000, გალუ4171",პნლა275104,ინოქსი,გალუ4171,000041591,გალუ4171 - პროფილი. ნობელალუმინა XGJB-1372 კუბიკი გვერდი ინოქსი,გალუ4171,პროფილი. ნობელალუმინა XGJB-1372 კუბიკი გვერდი,ინოქსი,000015180,გალუ4176 - პროფილი. ნობელალუმინა XGJB-1371 კუბიკი ზედა შემკვრელი ინოქსი,პროფილი. ნობელალუმინა XGJB-1371 კუბიკი ზედა შემკვრელი,გალუ4176,ინოქსი,000015205,გალუ4174 - პროფილი. ნობელალუმინა XGJB-1369 კუბიკი ქვედა შემკვრელი ინოქსი,პროფილი. ნობელალუმინა XGJB-1369 კუბიკი ქვედა შემკვრელი,გალუ4174,ინოქსი,000015203,გალუ4179 - პროფილი. ნობელალუმინა XGJB-1370 კუბიკი შიდა ტიხარი ინოქსი,პროფილი. ნობელალუმინა XGJB-1370 კუბიკი შიდა ტიხარი,გალუ4179,ინოქსი,000015207,გმქნ4061 - შემაფერხებელიანი მიმმართველი ალუმინის ფასადის.  ნობელალუმინა HB01,000013473
დაირა,1400,2600,500,1100,2001-2600,2600-2700,"პნლა275122 - გასაგორებელი კარი დაირა, ინოქსი, 2001-2600, გალუ4171",პნლა275122,ინოქსი,გალუ4171,000041609,გალუ4171 - პროფილი. ნობელალუმინა XGJB-1372 კუბიკი გვერდი ინოქსი,გალუ4171,პროფილი. ნობელალუმინა XGJB-1372 კუბიკი გვერდი,ინოქსი,000015180,გალუ4176 - პროფილი. ნობელალუმინა XGJB-1371 კუბიკი ზედა შემკვრელი ინოქსი,პროფილი. ნობელალუმინა XGJB-1371 კუბიკი ზედა შემკვრელი,გალუ4176,ინოქსი,000015205,გალუ4174 - პროფილი. ნობელალუმინა XGJB-1369 კუბიკი ქვედა შემკვრელი ინოქსი,პროფილი. ნობელალუმინა XGJB-1369 კუბიკი ქვედა შემკვრელი,გალუ4174,ინოქსი,000015203,გალუ4179 - პროფილი. ნობელალუმინა XGJB-1370 კუბიკი შიდა ტიხარი ინოქსი,პროფილი. ნობელალუმინა XGJB-1370 კუბიკი შიდა ტიხარი,გალუ4179,ინოქსი,000015207,გმქნ4061 - შემაფერხებელიანი მიმმართველი ალუმინის ფასადის.  ნობელალუმინა HB01,000013473
დაირა,1400,2600,500,1100,1400-2000,2600-2700,"პნლა275105 - გასაგორებელი კარი დაირა, შავი, 1400-2000, გალუ4171",პნლა275105,ინოქსი,გალუ4171,000041592,გალუ4171 - პროფილი. ნობელალუმინა XGJB-1372 კუბიკი გვერდი შავი,გალუ4171,პროფილი. ნობელალუმინა XGJB-1372 კუბიკი გვერდი,შავი,000015202,გალუ4176 - პროფილი. ნობელალუმინა XGJB-1371 კუბიკი ზედა შემკვრელი შავი,პროფილი. ნობელალუმინა XGJB-1371 კუბიკი ზედა შემკვრელი,გალუ4176,შავი,000015206,გალუ4174 - პროფილი. ნობელალუმინა XGJB-1369 კუბიკი ქვედა შემკვრელი შავი,პროფილი. ნობელალუმინა XGJB-1369 კუბიკი ქვედა შემკვრელი,გალუ4174,შავი,000015204,გალუ4179 - პროფილი. ნობელალუმინა XGJB-1370 კუბიკი შიდა ტიხარი შავი,პროფილი. ნობელალუმინა XGJB-1370 კუბიკი შიდა ტიხარი,გალუ4179,შავი,000015208,გმქნ4061 - შემაფერხებელიანი მიმმართველი ალუმინის ფასადის.  ნობელალუმინა HB01,000013473
დაირა,1400,2600,500,1100,2001-2600,2600-2700,"პნლა275123 - გასაგორებელი კარი დაირა, შავი, 2001-2600, გალუ4171",პნლა275123,ინოქსი,გალუ4171,000041610,გალუ4171 - პროფილი. ნობელალუმინა XGJB-1372 კუბიკი გვერდი შავი,გალუ4171,პროფილი. ნობელალუმინა XGJB-1372 კუბიკი გვერდი,შავი,000015202,გალუ4176 - პროფილი. ნობელალუმინა XGJB-1371 კუბიკი ზედა შემკვრელი შავი,პროფილი. ნობელალუმინა XGJB-1371 კუბიკი ზედა შემკვრელი,გალუ4176,შავი,000015206,გალუ4174 - პროფილი. ნობელალუმინა XGJB-1369 კუბიკი ქვედა შემკვრელი შავი,პროფილი. ნობელალუმინა XGJB-1369 კუბიკი ქვედა შემკვრელი,გალუ4174,შავი,000015204,გალუ4179 - პროფილი. ნობელალუმინა XGJB-1370 კუბიკი შიდა ტიხარი შავი,პროფილი. ნობელალუმინა XGJB-1370 კუბიკი შიდა ტიხარი,გალუ4179,შავი,000015208,გმქნ4061 - შემაფერხებელიანი მიმმართველი ალუმინის ფასადის.  ნობელალუმინა HB01,000013473
დაირა,1400,2600,500,1100,1400-2000,2600-2700,"პნლა275106 - გასაგორებელი კარი დაირა, ინოქს, 1400-2000, ალდ4722",პნლა275106,ინოქსი,ალდ4722,000041593,"ალდ4722 - პროფილი ალ. შემკვრელი გვერდი, დემსას 4722დპ2 პ/ინოქს",ალდ4722,"პროფილი ალ. შემკვრელი გვერდი, დემსას 4722დპ2",პ/ინოქს,000004465,"ალდ4722 - პროფილი ალ. შემკვრელი გვერდი, დემსას 4722დპ2 პ/ინოქს","პროფილი ალ. შემკვრელი გვერდი, დემსას 4722დპ2",ალდ4722,ინოქსი,000004465,"ალდ4045 - პროფილი ალ. შემკვრელი ქვედა, დემსას 4045დპ2 პ/ინოქს","პროფილი ალ. შემკვრელი ქვედა, დემსას 4045დპ2",ალდ4045,ინოქსი,000004461,"ალდ3998 - პროფილი ალ. შემკვრელი შუა, დემსას 3998დპ2 პ/ინოქს","პროფილი ალ. შემკვრელი შუა, დემსას 3998დპ2",ალდ3998,ინოქსი,000004460,გმქნ4061 - შემაფერხებელიანი მიმმართველი ალუმინის ფასადის.  ნობელალუმინა HB01,000013473
დაირა,1400,2600,500,1100,2001-2600,2600-2700,"პნლა275124 - გასაგორებელი კარი დაირა, ინოქს, 2001-2600, ალდ4722",პნლა275124,ინოქსი,ალდ4722,000041611,"ალდ4722 - პროფილი ალ. შემკვრელი გვერდი, დემსას 4722დპ2 პ/ინოქს",ალდ4722,"პროფილი ალ. შემკვრელი გვერდი, დემსას 4722დპ2",პ/ინოქს,000004465,"ალდ4722 - პროფილი ალ. შემკვრელი გვერდი, დემსას 4722დპ2 პ/ინოქს","პროფილი ალ. შემკვრელი გვერდი, დემსას 4722დპ2",ალდ4722,ინოქსი,000004465,"ალდ4045 - პროფილი ალ. შემკვრელი ქვედა, დემსას 4045დპ2 პ/ინოქს","პროფილი ალ. შემკვრელი ქვედა, დემსას 4045დპ2",ალდ4045,ინოქსი,000004461,"ალდ3998 - პროფილი ალ. შემკვრელი შუა, დემსას 3998დპ2 პ/ინოქს","პროფილი ალ. შემკვრელი შუა, დემსას 3998დპ2",ალდ3998,ინოქსი,000004460,გმქნ4061 - შემაფერხებელიანი მიმმართველი ალუმინის ფასადის.  ნობელალუმინა HB01,000013473
დაირა,1400,2600,500,1100,1400-2000,2600-2700,"პნლა275107 - გასაგორებელი კარი დაირა, ინოქსი, 1400-2000, გალუ4312",პნლა275107,ინოქსი,გალუ4312,000041594,გალუ4312 - პროფილი. ნობელალუმინა FSQ-047 შემკვრელი გვერდი ინოქსი,გალუ4312,პროფილი. ნობელალუმინა FSQ-047 შემკვრელი გვერდი,ინოქსი,000015209,გალუ4349 - პროფილი. ნობელალუმინა XBF-013 თხ. ტიხარი/ზედა შემკვრელი ინოქსი,პროფილი. ნობელალუმინა XBF-013 თხ. ტიხარი/ზედა შემკვრელი,გალუ4349,ინოქსი,000016297,გალუ4337 - პროფილი. ნობელალუმინა XSEK-502 თხ. ქვედა შემკვრელი ინოქსი,პროფილი. ნობელალუმინა XSEK-502 თხ. ქვედა შემკვრელი,გალუ4337,ინოქსი,000016295,გალუ4349 - პროფილი. ნობელალუმინა XBF-013 თხ. ტიხარი/ზედა შემკვრელი ინოქსი,პროფილი. ნობელალუმინა XBF-013 თხ. ტიხარი/ზედა შემკვრელი,გალუ4349,ინოქსი,000016297,გმქნ4061 - შემაფერხებელიანი მიმმართველი ალუმინის ფასადის.  ნობელალუმინა HB01,000013473
დაირა,1400,2600,500,1100,2001-2600,2600-2700,"პნლა275125 - გასაგორებელი კარი დაირა, ინოქსი, 2001-2600, გალუ4312",პნლა275125,ინოქსი,გალუ4312,000041612,გალუ4312 - პროფილი. ნობელალუმინა FSQ-047 შემკვრელი გვერდი ინოქსი,გალუ4312,პროფილი. ნობელალუმინა FSQ-047 შემკვრელი გვერდი,ინოქსი,000015209,გალუ4349 - პროფილი. ნობელალუმინა XBF-013 თხ. ტიხარი/ზედა შემკვრელი ინოქსი,პროფილი. ნობელალუმინა XBF-013 თხ. ტიხარი/ზედა შემკვრელი,გალუ4349,ინოქსი,000016297,გალუ4337 - პროფილი. ნობელალუმინა XSEK-502 თხ. ქვედა შემკვრელი ინოქსი,პროფილი. ნობელალუმინა XSEK-502 თხ. ქვედა შემკვრელი,გალუ4337,ინოქსი,000016295,გალუ4349 - პროფილი. ნობელალუმინა XBF-013 თხ. ტიხარი/ზედა შემკვრელი ინოქსი,პროფილი. ნობელალუმინა XBF-013 თხ. ტიხარი/ზედა შემკვრელი,გალუ4349,ინოქსი,000016297,გმქნ4061 - შემაფერხებელიანი მიმმართველი ალუმინის ფასადის.  ნობელალუმინა HB01,000013473
დაირა,1400,2600,500,1100,1400-2000,2600-2700,"პნლა275108 - გასაგორებელი კარი დაირა, შავი, 1400-2000, გალუ4312",პნლა275108,ინოქსი,გალუ4312,000041595,გალუ4312 - პროფილი. ნობელალუმინა FSQ-047 შემკვრელი გვერდი შავი,გალუ4312,პროფილი. ნობელალუმინა FSQ-047 შემკვრელი გვერდი,შავი,000015210,გალუ4349 - პროფილი. ნობელალუმინა XBF-013 თხ. ტიხარი/ზედა შემკვრელი შავი,პროფილი. ნობელალუმინა XBF-013 თხ. ტიხარი/ზედა შემკვრელი,გალუ4349,შავი,000016298,გალუ4337 - პროფილი. ნობელალუმინა XSEK-502 თხ. ქვედა შემკვრელი შავი,პროფილი. ნობელალუმინა XSEK-502 თხ. ქვედა შემკვრელი,გალუ4337,შავი,000016296,გალუ4349 - პროფილი. ნობელალუმინა XBF-013 თხ. ტიხარი/ზედა შემკვრელი შავი,პროფილი. ნობელალუმინა XBF-013 თხ. ტიხარი/ზედა შემკვრელი,გალუ4349,შავი,000016298,გმქნ4061 - შემაფერხებელიანი მიმმართველი ალუმინის ფასადის.  ნობელალუმინა HB01,000013473
დაირა,1400,2600,500,1100,2001-2600,2600-2700,"პნლა275126 - გასაგორებელი კარი დაირა, შავი, 2001-2600, გალუ4312",პნლა275126,ინოქსი,გალუ4312,000041613,გალუ4312 - პროფილი. ნობელალუმინა FSQ-047 შემკვრელი გვერდი შავი,გალუ4312,პროფილი. ნობელალუმინა FSQ-047 შემკვრელი გვერდი,შავი,000015210,გალუ4349 - პროფილი. ნობელალუმინა XBF-013 თხ. ტიხარი/ზედა შემკვრელი შავი,პროფილი. ნობელალუმინა XBF-013 თხ. ტიხარი/ზედა შემკვრელი,გალუ4349,შავი,000016298,გალუ4337 - პროფილი. ნობელალუმინა XSEK-502 თხ. ქვედა შემკვრელი შავი,პროფილი. ნობელალუმინა XSEK-502 თხ. ქვედა შემკვრელი,გალუ4337,შავი,000016296,გალუ4349 - პროფილი. ნობელალუმინა XBF-013 თხ. ტიხარი/ზედა შემკვრელი შავი,პროფილი. ნობელალუმინა XBF-013 თხ. ტიხარი/ზედა შემკვრელი,გალუ4349,შავი,000016298,გმქნ4061 - შემაფერხებელიანი მიმმართველი ალუმინის ფასადის.  ნობელალუმინა HB01,000013473
ფარცა ,1000,2600,500,1100,1000-1400,2600-2700,"პნლა275127 - გასაგორებელი კარი ფარცა, ინოქსი, 1000-1400, გალუ4108",პნლა275127,ინოქსი,გალუ4108,000041614,გალუ4108 - პროფილი. ნობელალუმინა XGJB-1058P ვწ. ორმხრივი გვერდი ინოქსი,გალუ4108,პროფილი. ნობელალუმინა XGJB-1058P ვწ. ორმხრივი გვერდი,ინოქსი,000015192,გალუ4349 - პროფილი. ნობელალუმინა XBF-013 თხ. ტიხარი/ზედა შემკვრელი ინოქსი,პროფილი. ნობელალუმინა XBF-013 თხ. ტიხარი/ზედა შემკვრელი,გალუ4349,ინოქსი,000016297,გალუ4337 - პროფილი. ნობელალუმინა XSEK-502 თხ. ქვედა შემკვრელი ინოქსი,პროფილი. ნობელალუმინა XSEK-502 თხ. ქვედა შემკვრელი,გალუ4337,ინოქსი,000016295,გალუ4349 - პროფილი. ნობელალუმინა XBF-013 თხ. ტიხარი/ზედა შემკვრელი ინოქსი,პროფილი. ნობელალუმინა XBF-013 თხ. ტიხარი/ზედა შემკვრელი,გალუ4349,ინოქსი,000016297,გმქნ4061 - შემაფერხებელიანი მიმმართველი ალუმინის ფასადის.  ნობელალუმინა HB01,000013473
ფარცა ,1000,2600,500,1100,1401-2000,2600-2700,"პნლა275145 - გასაგორებელი კარი ფარცა, ინოქსი, 1401-2000, გალუ4108",პნლა275145,ინოქსი,გალუ4108,000041632,გალუ4108 - პროფილი. ნობელალუმინა XGJB-1058P ვწ. ორმხრივი გვერდი ინოქსი,გალუ4108,პროფილი. ნობელალუმინა XGJB-1058P ვწ. ორმხრივი გვერდი,ინოქსი,000015192,გალუ4349 - პროფილი. ნობელალუმინა XBF-013 თხ. ტიხარი/ზედა შემკვრელი ინოქსი,პროფილი. ნობელალუმინა XBF-013 თხ. ტიხარი/ზედა შემკვრელი,გალუ4349,ინოქსი,000016297,გალუ4337 - პროფილი. ნობელალუმინა XSEK-502 თხ. ქვედა შემკვრელი ინოქსი,პროფილი. ნობელალუმინა XSEK-502 თხ. ქვედა შემკვრელი,გალუ4337,ინოქსი,000016295,გალუ4349 - პროფილი. ნობელალუმინა XBF-013 თხ. ტიხარი/ზედა შემკვრელი ინოქსი,პროფილი. ნობელალუმინა XBF-013 თხ. ტიხარი/ზედა შემკვრელი,გალუ4349,ინოქსი,000016297,გმქნ4061 - შემაფერხებელიანი მიმმართველი ალუმინის ფასადის.  ნობელალუმინა HB01,000013473
ფარცა ,1000,2600,500,1100,2001-2600,2600-2700,"პნლა275163 - გასაგორებელი კარი ფარცა, ინოქსი, 2001-2600, გალუ4108",პნლა275163,ინოქსი,გალუ4108,000041650,გალუ4108 - პროფილი. ნობელალუმინა XGJB-1058P ვწ. ორმხრივი გვერდი ინოქსი,გალუ4108,პროფილი. ნობელალუმინა XGJB-1058P ვწ. ორმხრივი გვერდი,ინოქსი,000015192,გალუ4349 - პროფილი. ნობელალუმინა XBF-013 თხ. ტიხარი/ზედა შემკვრელი ინოქსი,პროფილი. ნობელალუმინა XBF-013 თხ. ტიხარი/ზედა შემკვრელი,გალუ4349,ინოქსი,000016297,გალუ4337 - პროფილი. ნობელალუმინა XSEK-502 თხ. ქვედა შემკვრელი ინოქსი,პროფილი. ნობელალუმინა XSEK-502 თხ. ქვედა შემკვრელი,გალუ4337,ინოქსი,000016295,გალუ4349 - პროფილი. ნობელალუმინა XBF-013 თხ. ტიხარი/ზედა შემკვრელი ინოქსი,პროფილი. ნობელალუმინა XBF-013 თხ. ტიხარი/ზედა შემკვრელი,გალუ4349,ინოქსი,000016297,გმქნ4061 - შემაფერხებელიანი მიმმართველი ალუმინის ფასადის.  ნობელალუმინა HB01,000013473
ფარცა ,1000,2600,500,1100,1000-1400,2600-2700,"პნლა275128 - გასაგორებელი კარი ფარცა, შავი, 1000-1400, გალუ4108",პნლა275128,ინოქსი,გალუ4108,000041615,გალუ4108 - პროფილი. ნობელალუმინა XGJB-1058P ვწ. ორმხრივი გვერდი შავი,გალუ4108,პროფილი. ნობელალუმინა XGJB-1058P ვწ. ორმხრივი გვერდი,შავი,000015193,გალუ4349 - პროფილი. ნობელალუმინა XBF-013 თხ. ტიხარი/ზედა შემკვრელი შავი,პროფილი. ნობელალუმინა XBF-013 თხ. ტიხარი/ზედა შემკვრელი,გალუ4349,შავი,000016298,გალუ4337 - პროფილი. ნობელალუმინა XSEK-502 თხ. ქვედა შემკვრელი შავი,პროფილი. ნობელალუმინა XSEK-502 თხ. ქვედა შემკვრელი,გალუ4337,შავი,000016296,გალუ4349 - პროფილი. ნობელალუმინა XBF-013 თხ. ტიხარი/ზედა შემკვრელი შავი,პროფილი. ნობელალუმინა XBF-013 თხ. ტიხარი/ზედა შემკვრელი,გალუ4349,შავი,000016298,გმქნ4061 - შემაფერხებელიანი მიმმართველი ალუმინის ფასადის.  ნობელალუმინა HB01,000013473
ფარცა ,1000,2600,500,1100,1401-2000,2600-2700,"პნლა275146 - გასაგორებელი კარი ფარცა, შავი, 1401-2000, გალუ4108",პნლა275146,ინოქსი,გალუ4108,000041633,გალუ4108 - პროფილი. ნობელალუმინა XGJB-1058P ვწ. ორმხრივი გვერდი შავი,გალუ4108,პროფილი. ნობელალუმინა XGJB-1058P ვწ. ორმხრივი გვერდი,შავი,000015193,გალუ4349 - პროფილი. ნობელალუმინა XBF-013 თხ. ტიხარი/ზედა შემკვრელი შავი,პროფილი. ნობელალუმინა XBF-013 თხ. ტიხარი/ზედა შემკვრელი,გალუ4349,შავი,000016298,გალუ4337 - პროფილი. ნობელალუმინა XSEK-502 თხ. ქვედა შემკვრელი შავი,პროფილი. ნობელალუმინა XSEK-502 თხ. ქვედა შემკვრელი,გალუ4337,შავი,000016296,გალუ4349 - პროფილი. ნობელალუმინა XBF-013 თხ. ტიხარი/ზედა შემკვრელი შავი,პროფილი. ნობელალუმინა XBF-013 თხ. ტიხარი/ზედა შემკვრელი,გალუ4349,შავი,000016298,გმქნ4061 - შემაფერხებელიანი მიმმართველი ალუმინის ფასადის.  ნობელალუმინა HB01,000013473
ფარცა ,1000,2600,500,1100,2001-2600,2600-2700,"პნლა275164 - გასაგორებელი კარი ფარცა, შავი, 2001-2600, გალუ4108",პნლა275164,ინოქსი,გალუ4108,000041651,გალუ4108 - პროფილი. ნობელალუმინა XGJB-1058P ვწ. ორმხრივი გვერდი შავი,გალუ4108,პროფილი. ნობელალუმინა XGJB-1058P ვწ. ორმხრივი გვერდი,შავი,000015193,გალუ4349 - პროფილი. ნობელალუმინა XBF-013 თხ. ტიხარი/ზედა შემკვრელი შავი,პროფილი. ნობელალუმინა XBF-013 თხ. ტიხარი/ზედა შემკვრელი,გალუ4349,შავი,000016298,გალუ4337 - პროფილი. ნობელალუმინა XSEK-502 თხ. ქვედა შემკვრელი შავი,პროფილი. ნობელალუმინა XSEK-502 თხ. ქვედა შემკვრელი,გალუ4337,შავი,000016296,გალუ4349 - პროფილი. ნობელალუმინა XBF-013 თხ. ტიხარი/ზედა შემკვრელი შავი,პროფილი. ნობელალუმინა XBF-013 თხ. ტიხარი/ზედა შემკვრელი,გალუ4349,შავი,000016298,გმქნ4061 - შემაფერხებელიანი მიმმართველი ალუმინის ფასადის.  ნობელალუმინა HB01,000013473
ფარცა ,1000,2600,500,1100,1000-1400,2600-2700,"პნლა275129 - გასაგორებელი კარი ფარცა, გრაფიტი, 1000-1400, გალუ4181",პნლა275129,ინოქსი,გალუ4181,000041616,გალუ4181 - პროფილი. ნობელალუმინა XGJB-1354 ორი დონე გვერდი გრაფიტი,გალუ4181,პროფილი. ნობელალუმინა XGJB-1354 ორი დონე გვერდი,გრაფიტი,000016301,გალუ4186 - პროფილი. ნობელალუმინა XGJB-1352 ორი დონე ზედა შემკვრელი გრაფიტი,პროფილი. ნობელალუმინა XGJB-1352 ორი დონე ზედა შემკვრელი,გალუ4186,გრაფიტი,000016303,გალუ4184 - პროფილი. ნობელალუმინა XGJB-1353 ორი დონე ქვედა შემკვრელი გრაფიტი,პროფილი. ნობელალუმინა XGJB-1353 ორი დონე ქვედა შემკვრელი,გალუ4184,გრაფიტი,000016302,გალუ4189 - პროფილი. ნობელალუმინა XGJB-1368P ორი დონე შიდა ტიხარი გრაფიტი,პროფილი. ნობელალუმინა XGJB-1368P ორი დონე შიდა ტიხარი,გალუ4189,გრაფიტი,000016304,გმქნ4061 - შემაფერხებელიანი მიმმართველი ალუმინის ფასადის.  ნობელალუმინა HB01,000013473
ფარცა ,1000,2600,500,1100,1401-2000,2600-2700,"პნლა275147 - გასაგორებელი კარი ფარცა, გრაფიტი, 1401-2000, გალუ4181",პნლა275147,ინოქსი,გალუ4181,000041634,გალუ4181 - პროფილი. ნობელალუმინა XGJB-1354 ორი დონე გვერდი გრაფიტი,გალუ4181,პროფილი. ნობელალუმინა XGJB-1354 ორი დონე გვერდი,გრაფიტი,000016301,გალუ4186 - პროფილი. ნობელალუმინა XGJB-1352 ორი დონე ზედა შემკვრელი გრაფიტი,პროფილი. ნობელალუმინა XGJB-1352 ორი დონე ზედა შემკვრელი,გალუ4186,გრაფიტი,000016303,გალუ4184 - პროფილი. ნობელალუმინა XGJB-1353 ორი დონე ქვედა შემკვრელი გრაფიტი,პროფილი. ნობელალუმინა XGJB-1353 ორი დონე ქვედა შემკვრელი,გალუ4184,გრაფიტი,000016302,გალუ4189 - პროფილი. ნობელალუმინა XGJB-1368P ორი დონე შიდა ტიხარი გრაფიტი,პროფილი. ნობელალუმინა XGJB-1368P ორი დონე შიდა ტიხარი,გალუ4189,გრაფიტი,000016304,გმქნ4061 - შემაფერხებელიანი მიმმართველი ალუმინის ფასადის.  ნობელალუმინა HB01,000013473
ფარცა ,1000,2600,500,1100,2001-2600,2600-2700,"პნლა275165 - გასაგორებელი კარი ფარცა, გრაფიტი, 2001-2600, გალუ4181",პნლა275165,ინოქსი,გალუ4181,000041652,გალუ4181 - პროფილი. ნობელალუმინა XGJB-1354 ორი დონე გვერდი გრაფიტი,გალუ4181,პროფილი. ნობელალუმინა XGJB-1354 ორი დონე გვერდი,გრაფიტი,000016301,გალუ4186 - პროფილი. ნობელალუმინა XGJB-1352 ორი დონე ზედა შემკვრელი გრაფიტი,პროფილი. ნობელალუმინა XGJB-1352 ორი დონე ზედა შემკვრელი,გალუ4186,გრაფიტი,000016303,გალუ4184 - პროფილი. ნობელალუმინა XGJB-1353 ორი დონე ქვედა შემკვრელი გრაფიტი,პროფილი. ნობელალუმინა XGJB-1353 ორი დონე ქვედა შემკვრელი,გალუ4184,გრაფიტი,000016302,გალუ4189 - პროფილი. ნობელალუმინა XGJB-1368P ორი დონე შიდა ტიხარი გრაფიტი,პროფილი. ნობელალუმინა XGJB-1368P ორი დონე შიდა ტიხარი,გალუ4189,გრაფიტი,000016304,გმქნ4061 - შემაფერხებელიანი მიმმართველი ალუმინის ფასადის.  ნობელალუმინა HB01,000013473
ფარცა ,1000,2600,500,1100,1000-1400,2600-2700,"პნლა275130 - გასაგორებელი კარი ფარცა, სილვერი, 1000-1400, გალუ4014",პნლა275130,ინოქსი,გალუ4014,000041617,გალუ4014 - პროფილი. ნობელალუმინა XBX-043P სწორი/ფიგურიანი გვერდი სილვერი,გალუ4014,პროფილი. ნობელალუმინა XBX-043P სწორი/ფიგურიანი გვერდი,სილვერი,000012321,გალუ4156 - პროფილი. ნობელალუმინა LXD-3025 თხ. ზედა შემკვრელი სილვერი,პროფილი. ნობელალუმინა LXD-3025 თხ. ზედა შემკვრელი,გალუ4156,სილვერი,000012323,გალუ4151 - პროფილი. ნობელალუმინა LXD-3027 თხ. ქვედა შემკვრელი სილვერი,პროფილი. ნობელალუმინა LXD-3027 თხ. ქვედა შემკვრელი,გალუ4151,სილვერი,000012322,გალუ4162 - პროფილი. ნობელალუმინა LXD-3026 თხ. შიდა ტიხარი სილვერი,პროფილი. ნობელალუმინა LXD-3026 თხ. შიდა ტიხარი,გალუ4162,სილვერი,000012324,გმქნ4061 - შემაფერხებელიანი მიმმართველი ალუმინის ფასადის.  ნობელალუმინა HB01,000013473
ფარცა ,1000,2600,500,1100,1401-2000,2600-2700,"პნლა275148 - გასაგორებელი კარი ფარცა, სილვერი, 1401-2000, გალუ4014",პნლა275148,ინოქსი,გალუ4014,000041635,გალუ4014 - პროფილი. ნობელალუმინა XBX-043P სწორი/ფიგურიანი გვერდი სილვერი,გალუ4014,პროფილი. ნობელალუმინა XBX-043P სწორი/ფიგურიანი გვერდი,სილვერი,000012321,გალუ4156 - პროფილი. ნობელალუმინა LXD-3025 თხ. ზედა შემკვრელი სილვერი,პროფილი. ნობელალუმინა LXD-3025 თხ. ზედა შემკვრელი,გალუ4156,სილვერი,000012323,გალუ4151 - პროფილი. ნობელალუმინა LXD-3027 თხ. ქვედა შემკვრელი სილვერი,პროფილი. ნობელალუმინა LXD-3027 თხ. ქვედა შემკვრელი,გალუ4151,სილვერი,000012322,გალუ4162 - პროფილი. ნობელალუმინა LXD-3026 თხ. შიდა ტიხარი სილვერი,პროფილი. ნობელალუმინა LXD-3026 თხ. შიდა ტიხარი,გალუ4162,სილვერი,000012324,გმქნ4061 - შემაფერხებელიანი მიმმართველი ალუმინის ფასადის.  ნობელალუმინა HB01,000013473
ფარცა ,1000,2600,500,1100,2001-2600,2600-2700,"პნლა275166 - გასაგორებელი კარი ფარცა, სილვერი, 2001-2600, გალუ4014",პნლა275166,ინოქსი,გალუ4014,000041653,გალუ4014 - პროფილი. ნობელალუმინა XBX-043P სწორი/ფიგურიანი გვერდი სილვერი,გალუ4014,პროფილი. ნობელალუმინა XBX-043P სწორი/ფიგურიანი გვერდი,სილვერი,000012321,გალუ4156 - პროფილი. ნობელალუმინა LXD-3025 თხ. ზედა შემკვრელი სილვერი,პროფილი. ნობელალუმინა LXD-3025 თხ. ზედა შემკვრელი,გალუ4156,სილვერი,000012323,გალუ4151 - პროფილი. ნობელალუმინა LXD-3027 თხ. ქვედა შემკვრელი სილვერი,პროფილი. ნობელალუმინა LXD-3027 თხ. ქვედა შემკვრელი,გალუ4151,სილვერი,000012322,გალუ4162 - პროფილი. ნობელალუმინა LXD-3026 თხ. შიდა ტიხარი სილვერი,პროფილი. ნობელალუმინა LXD-3026 თხ. შიდა ტიხარი,გალუ4162,სილვერი,000012324,გმქნ4061 - შემაფერხებელიანი მიმმართველი ალუმინის ფასადის.  ნობელალუმინა HB01,000013473
ფარცა ,1000,2600,500,1100,1000-1400,2600-2700,"პნლა275131 - გასაგორებელი კარი ფარცა, ინოქსი, 1000-1400, გალუ4014",პნლა275131,ინოქსი,გალუ4014,000041618,გალუ4014 - პროფილი. ნობელალუმინა XBX-043P სწორი/ფიგურიანი გვერდი ინოქსი,გალუ4014,პროფილი. ნობელალუმინა XBX-043P სწორი/ფიგურიანი გვერდი,ინოქსი,000016288,გალუ4349 - პროფილი. ნობელალუმინა XBF-013 თხ. ტიხარი/ზედა შემკვრელი ინოქსი,პროფილი. ნობელალუმინა XBF-013 თხ. ტიხარი/ზედა შემკვრელი,გალუ4349,ინოქსი,000016297,გალუ4337 - პროფილი. ნობელალუმინა XSEK-502 თხ. ქვედა შემკვრელი ინოქსი,პროფილი. ნობელალუმინა XSEK-502 თხ. ქვედა შემკვრელი,გალუ4337,ინოქსი,000016295,გალუ4349 - პროფილი. ნობელალუმინა XBF-013 თხ. ტიხარი/ზედა შემკვრელი ინოქსი,პროფილი. ნობელალუმინა XBF-013 თხ. ტიხარი/ზედა შემკვრელი,გალუ4349,ინოქსი,000016297,გმქნ4061 - შემაფერხებელიანი მიმმართველი ალუმინის ფასადის.  ნობელალუმინა HB01,000013473
ფარცა ,1000,2600,500,1100,1401-2000,2600-2700,"პნლა275149 - გასაგორებელი კარი ფარცა, ინოქსი, 1401-2000, გალუ4014",პნლა275149,ინოქსი,გალუ4014,000041636,გალუ4014 - პროფილი. ნობელალუმინა XBX-043P სწორი/ფიგურიანი გვერდი ინოქსი,გალუ4014,პროფილი. ნობელალუმინა XBX-043P სწორი/ფიგურიანი გვერდი,ინოქსი,000016288,გალუ4349 - პროფილი. ნობელალუმინა XBF-013 თხ. ტიხარი/ზედა შემკვრელი ინოქსი,პროფილი. ნობელალუმინა XBF-013 თხ. ტიხარი/ზედა შემკვრელი,გალუ4349,ინოქსი,000016297,გალუ4337 - პროფილი. ნობელალუმინა XSEK-502 თხ. ქვედა შემკვრელი ინოქსი,პროფილი. ნობელალუმინა XSEK-502 თხ. ქვედა შემკვრელი,გალუ4337,ინოქსი,000016295,გალუ4349 - პროფილი. ნობელალუმინა XBF-013 თხ. ტიხარი/ზედა შემკვრელი ინოქსი,პროფილი. ნობელალუმინა XBF-013 თხ. ტიხარი/ზედა შემკვრელი,გალუ4349,ინოქსი,000016297,გმქნ4061 - შემაფერხებელიანი მიმმართველი ალუმინის ფასადის.  ნობელალუმინა HB01,000013473
ფარცა ,1000,2600,500,1100,2001-2600,2600-2700,"პნლა275167 - გასაგორებელი კარი ფარცა, ინოქსი, 2001-2600, გალუ4014",პნლა275167,ინოქსი,გალუ4014,000041654,გალუ4014 - პროფილი. ნობელალუმინა XBX-043P სწორი/ფიგურიანი გვერდი ინოქსი,გალუ4014,პროფილი. ნობელალუმინა XBX-043P სწორი/ფიგურიანი გვერდი,ინოქსი,000016288,გალუ4349 - პროფილი. ნობელალუმინა XBF-013 თხ. ტიხარი/ზედა შემკვრელი ინოქსი,პროფილი. ნობელალუმინა XBF-013 თხ. ტიხარი/ზედა შემკვრელი,გალუ4349,ინოქსი,000016297,გალუ4337 - პროფილი. ნობელალუმინა XSEK-502 თხ. ქვედა შემკვრელი ინოქსი,პროფილი. ნობელალუმინა XSEK-502 თხ. ქვედა შემკვრელი,გალუ4337,ინოქსი,000016295,გალუ4349 - პროფილი. ნობელალუმინა XBF-013 თხ. ტიხარი/ზედა შემკვრელი ინოქსი,პროფილი. ნობელალუმინა XBF-013 თხ. ტიხარი/ზედა შემკვრელი,გალუ4349,ინოქსი,000016297,გმქნ4061 - შემაფერხებელიანი მიმმართველი ალუმინის ფასადის.  ნობელალუმინა HB01,000013473
ფარცა ,1000,2600,500,1100,1000-1400,2600-2700,"პნლა275132 - გასაგორებელი კარი ფარცა, ინოქსი, 1000-1400, გალუ4206",პნლა275132,ინოქსი,გალუ4206,000041619,გალუ4206 - პროფილი. ნობელალუმინა XGJB-618P შტ. ფასადის გვერდი ინოქსი,გალუ4206,პროფილი. ნობელალუმინა XGJB-618P შტ. ფასადის გვერდი,ინოქსი,000016289,გალუ4226 - პროფილი. ნობელალუმინა XGJB-619P შტ. ზედა შემკვრელი ინოქსი,პროფილი. ნობელალუმინა XGJB-619P შტ. ზედა შემკვრელი,გალუ4226,ინოქსი,000016293,გალუ4221 - პროფილი. ნობელალუმინა XGJB-619AP შტ. ქვედა შემკვრელი ინოქსი,პროფილი. ნობელალუმინა XGJB-619AP შტ. ქვედა შემკვრელი,გალუ4221,ინოქსი,000016291,გალუ4226 - პროფილი. ნობელალუმინა XGJB-619P შტ. ზედა შემკვრელი ინოქსი,პროფილი. ნობელალუმინა XGJB-619P შტ. ზედა შემკვრელი,გალუ4226,ინოქსი,000016293,გმქნ4061 - შემაფერხებელიანი მიმმართველი ალუმინის ფასადის.  ნობელალუმინა HB01,000013473
ფარცა ,1000,2600,500,1100,1401-2000,2600-2700,"პნლა275150 - გასაგორებელი კარი ფარცა, ინოქსი, 1401-2000, გალუ4206",პნლა275150,ინოქსი,გალუ4206,000041637,გალუ4206 - პროფილი. ნობელალუმინა XGJB-618P შტ. ფასადის გვერდი ინოქსი,გალუ4206,პროფილი. ნობელალუმინა XGJB-618P შტ. ფასადის გვერდი,ინოქსი,000016289,გალუ4226 - პროფილი. ნობელალუმინა XGJB-619P შტ. ზედა შემკვრელი ინოქსი,პროფილი. ნობელალუმინა XGJB-619P შტ. ზედა შემკვრელი,გალუ4226,ინოქსი,000016293,გალუ4221 - პროფილი. ნობელალუმინა XGJB-619AP შტ. ქვედა შემკვრელი ინოქსი,პროფილი. ნობელალუმინა XGJB-619AP შტ. ქვედა შემკვრელი,გალუ4221,ინოქსი,000016291,გალუ4226 - პროფილი. ნობელალუმინა XGJB-619P შტ. ზედა შემკვრელი ინოქსი,პროფილი. ნობელალუმინა XGJB-619P შტ. ზედა შემკვრელი,გალუ4226,ინოქსი,000016293,გმქნ4061 - შემაფერხებელიანი მიმმართველი ალუმინის ფასადის.  ნობელალუმინა HB01,000013473
ფარცა ,1000,2600,500,1100,2001-2600,2600-2700,"პნლა275168 - გასაგორებელი კარი ფარცა, ინოქსი, 2001-2600, გალუ4206",პნლა275168,ინოქსი,გალუ4206,000041655,გალუ4206 - პროფილი. ნობელალუმინა XGJB-618P შტ. ფასადის გვერდი ინოქსი,გალუ4206,პროფილი. ნობელალუმინა XGJB-618P შტ. ფასადის გვერდი,ინოქსი,000016289,გალუ4226 - პროფილი. ნობელალუმინა XGJB-619P შტ. ზედა შემკვრელი ინოქსი,პროფილი. ნობელალუმინა XGJB-619P შტ. ზედა შემკვრელი,გალუ4226,ინოქსი,000016293,გალუ4221 - პროფილი. ნობელალუმინა XGJB-619AP შტ. ქვედა შემკვრელი ინოქსი,პროფილი. ნობელალუმინა XGJB-619AP შტ. ქვედა შემკვრელი,გალუ4221,ინოქსი,000016291,გალუ4226 - პროფილი. ნობელალუმინა XGJB-619P შტ. ზედა შემკვრელი ინოქსი,პროფილი. ნობელალუმინა XGJB-619P შტ. ზედა შემკვრელი,გალუ4226,ინოქსი,000016293,გმქნ4061 - შემაფერხებელიანი მიმმართველი ალუმინის ფასადის.  ნობელალუმინა HB01,000013473
ფარცა ,1000,2600,500,1100,1000-1400,2600-2700,"პნლა275133 - გასაგორებელი კარი ფარცა, შავი, 1000-1400, გალუ4206",პნლა275133,ინოქსი,გალუ4206,000041620,გალუ4206 - პროფილი. ნობელალუმინა XGJB-618P შტ. ფასადის გვერდი შავი,გალუ4206,პროფილი. ნობელალუმინა XGJB-618P შტ. ფასადის გვერდი,შავი,000016290,გალუ4226 - პროფილი. ნობელალუმინა XGJB-619P შტ. ზედა შემკვრელი შავი,პროფილი. ნობელალუმინა XGJB-619P შტ. ზედა შემკვრელი,გალუ4226,შავი,000016294,გალუ4221 - პროფილი. ნობელალუმინა XGJB-619AP შტ. ქვედა შემკვრელი შავი,პროფილი. ნობელალუმინა XGJB-619AP შტ. ქვედა შემკვრელი,გალუ4221,შავი,000016292,გალუ4226 - პროფილი. ნობელალუმინა XGJB-619P შტ. ზედა შემკვრელი შავი,პროფილი. ნობელალუმინა XGJB-619P შტ. ზედა შემკვრელი,გალუ4226,შავი,000016294,გმქნ4061 - შემაფერხებელიანი მიმმართველი ალუმინის ფასადის.  ნობელალუმინა HB01,000013473
ფარცა ,1000,2600,500,1100,1401-2000,2600-2700,"პნლა275151 - გასაგორებელი კარი ფარცა, შავი, 1401-2000, გალუ4206",პნლა275151,ინოქსი,გალუ4206,000041638,გალუ4206 - პროფილი. ნობელალუმინა XGJB-618P შტ. ფასადის გვერდი შავი,გალუ4206,პროფილი. ნობელალუმინა XGJB-618P შტ. ფასადის გვერდი,შავი,000016290,გალუ4226 - პროფილი. ნობელალუმინა XGJB-619P შტ. ზედა შემკვრელი შავი,პროფილი. ნობელალუმინა XGJB-619P შტ. ზედა შემკვრელი,გალუ4226,შავი,000016294,გალუ4221 - პროფილი. ნობელალუმინა XGJB-619AP შტ. ქვედა შემკვრელი შავი,პროფილი. ნობელალუმინა XGJB-619AP შტ. ქვედა შემკვრელი,გალუ4221,შავი,000016292,გალუ4226 - პროფილი. ნობელალუმინა XGJB-619P შტ. ზედა შემკვრელი შავი,პროფილი. ნობელალუმინა XGJB-619P შტ. ზედა შემკვრელი,გალუ4226,შავი,000016294,გმქნ4061 - შემაფერხებელიანი მიმმართველი ალუმინის ფასადის.  ნობელალუმინა HB01,000013473
ფარცა ,1000,2600,500,1100,2001-2600,2600-2700,"პნლა275169 - გასაგორებელი კარი ფარცა, შავი, 2001-2600, გალუ4206",პნლა275169,ინოქსი,გალუ4206,000041656,გალუ4206 - პროფილი. ნობელალუმინა XGJB-618P შტ. ფასადის გვერდი შავი,გალუ4206,პროფილი. ნობელალუმინა XGJB-618P შტ. ფასადის გვერდი,შავი,000016290,გალუ4226 - პროფილი. ნობელალუმინა XGJB-619P შტ. ზედა შემკვრელი შავი,პროფილი. ნობელალუმინა XGJB-619P შტ. ზედა შემკვრელი,გალუ4226,შავი,000016294,გალუ4221 - პროფილი. ნობელალუმინა XGJB-619AP შტ. ქვედა შემკვრელი შავი,პროფილი. ნობელალუმინა XGJB-619AP შტ. ქვედა შემკვრელი,გალუ4221,შავი,000016292,გალუ4226 - პროფილი. ნობელალუმინა XGJB-619P შტ. ზედა შემკვრელი შავი,პროფილი. ნობელალუმინა XGJB-619P შტ. ზედა შემკვრელი,გალუ4226,შავი,000016294,გმქნ4061 - შემაფერხებელიანი მიმმართველი ალუმინის ფასადის.  ნობელალუმინა HB01,000013473
ფარცა ,1000,2600,500,1100,1000-1400,2600-2700,"პნლა275134 - გასაგორებელი კარი ფარცა, ინოქსი, 1000-1400, გალუ4323",პნლა275134,ინოქსი,გალუ4323,000041621,გალუ4323 - პროფილი. ნობელალუმინა ZJB-715 შემკვრელი გვერდი ინოქსი,გალუ4323,პროფილი. ნობელალუმინა ZJB-715 შემკვრელი გვერდი,ინოქსი,000015211,გალუ4349 - პროფილი. ნობელალუმინა XBF-013 თხ. ტიხარი/ზედა შემკვრელი ინოქსი,პროფილი. ნობელალუმინა XBF-013 თხ. ტიხარი/ზედა შემკვრელი,გალუ4349,ინოქსი,000016297,გალუ4337 - პროფილი. ნობელალუმინა XSEK-502 თხ. ქვედა შემკვრელი ინოქსი,პროფილი. ნობელალუმინა XSEK-502 თხ. ქვედა შემკვრელი,გალუ4337,ინოქსი,000016295,გალუ4349 - პროფილი. ნობელალუმინა XBF-013 თხ. ტიხარი/ზედა შემკვრელი ინოქსი,პროფილი. ნობელალუმინა XBF-013 თხ. ტიხარი/ზედა შემკვრელი,გალუ4349,ინოქსი,000016297,გმქნ4061 - შემაფერხებელიანი მიმმართველი ალუმინის ფასადის.  ნობელალუმინა HB01,000013473
ფარცა ,1000,2600,500,1100,1401-2000,2600-2700,"პნლა275152 - გასაგორებელი კარი ფარცა, ინოქსი, 1401-2000, გალუ4323",პნლა275152,ინოქსი,გალუ4323,000041639,გალუ4323 - პროფილი. ნობელალუმინა ZJB-715 შემკვრელი გვერდი ინოქსი,გალუ4323,პროფილი. ნობელალუმინა ZJB-715 შემკვრელი გვერდი,ინოქსი,000015211,გალუ4349 - პროფილი. ნობელალუმინა XBF-013 თხ. ტიხარი/ზედა შემკვრელი ინოქსი,პროფილი. ნობელალუმინა XBF-013 თხ. ტიხარი/ზედა შემკვრელი,გალუ4349,ინოქსი,000016297,გალუ4337 - პროფილი. ნობელალუმინა XSEK-502 თხ. ქვედა შემკვრელი ინოქსი,პროფილი. ნობელალუმინა XSEK-502 თხ. ქვედა შემკვრელი,გალუ4337,ინოქსი,000016295,გალუ4349 - პროფილი. ნობელალუმინა XBF-013 თხ. ტიხარი/ზედა შემკვრელი ინოქსი,პროფილი. ნობელალუმინა XBF-013 თხ. ტიხარი/ზედა შემკვრელი,გალუ4349,ინოქსი,000016297,გმქნ4061 - შემაფერხებელიანი მიმმართველი ალუმინის ფასადის.  ნობელალუმინა HB01,000013473
ფარცა ,1000,2600,500,1100,2001-2600,2600-2700,"პნლა275170 - გასაგორებელი კარი ფარცა, ინოქსი, 2001-2600, გალუ4323",პნლა275170,ინოქსი,გალუ4323,000041657,გალუ4323 - პროფილი. ნობელალუმინა ZJB-715 შემკვრელი გვერდი ინოქსი,გალუ4323,პროფილი. ნობელალუმინა ZJB-715 შემკვრელი გვერდი,ინოქსი,000015211,გალუ4349 - პროფილი. ნობელალუმინა XBF-013 თხ. ტიხარი/ზედა შემკვრელი ინოქსი,პროფილი. ნობელალუმინა XBF-013 თხ. ტიხარი/ზედა შემკვრელი,გალუ4349,ინოქსი,000016297,გალუ4337 - პროფილი. ნობელალუმინა XSEK-502 თხ. ქვედა შემკვრელი ინოქსი,პროფილი. ნობელალუმინა XSEK-502 თხ. ქვედა შემკვრელი,გალუ4337,ინოქსი,000016295,გალუ4349 - პროფილი. ნობელალუმინა XBF-013 თხ. ტიხარი/ზედა შემკვრელი ინოქსი,პროფილი. ნობელალუმინა XBF-013 თხ. ტიხარი/ზედა შემკვრელი,გალუ4349,ინოქსი,000016297,გმქნ4061 - შემაფერხებელიანი მიმმართველი ალუმინის ფასადის.  ნობელალუმინა HB01,000013473
ფარცა ,1000,2600,500,1100,1000-1400,2600-2700,"პნლა275135 - გასაგორებელი კარი ფარცა, შავი, 1000-1400, გალუ4323",პნლა275135,ინოქსი,გალუ4323,000041622,გალუ4323 - პროფილი. ნობელალუმინა ZJB-715 შემკვრელი გვერდი შავი,გალუ4323,პროფილი. ნობელალუმინა ZJB-715 შემკვრელი გვერდი,შავი,000015212,გალუ4349 - პროფილი. ნობელალუმინა XBF-013 თხ. ტიხარი/ზედა შემკვრელი შავი,პროფილი. ნობელალუმინა XBF-013 თხ. ტიხარი/ზედა შემკვრელი,გალუ4349,შავი,000016298,გალუ4337 - პროფილი. ნობელალუმინა XSEK-502 თხ. ქვედა შემკვრელი შავი,პროფილი. ნობელალუმინა XSEK-502 თხ. ქვედა შემკვრელი,გალუ4337,შავი,000016296,გალუ4349 - პროფილი. ნობელალუმინა XBF-013 თხ. ტიხარი/ზედა შემკვრელი შავი,პროფილი. ნობელალუმინა XBF-013 თხ. ტიხარი/ზედა შემკვრელი,გალუ4349,შავი,000016298,გმქნ4061 - შემაფერხებელიანი მიმმართველი ალუმინის ფასადის.  ნობელალუმინა HB01,000013473
ფარცა ,1000,2600,500,1100,1401-2000,2600-2700,"პნლა275153 - გასაგორებელი კარი ფარცა, შავი, 1401-2000, გალუ4323",პნლა275153,ინოქსი,გალუ4323,000041640,გალუ4323 - პროფილი. ნობელალუმინა ZJB-715 შემკვრელი გვერდი შავი,გალუ4323,პროფილი. ნობელალუმინა ZJB-715 შემკვრელი გვერდი,შავი,000015212,გალუ4349 - პროფილი. ნობელალუმინა XBF-013 თხ. ტიხარი/ზედა შემკვრელი შავი,პროფილი. ნობელალუმინა XBF-013 თხ. ტიხარი/ზედა შემკვრელი,გალუ4349,შავი,000016298,გალუ4337 - პროფილი. ნობელალუმინა XSEK-502 თხ. ქვედა შემკვრელი შავი,პროფილი. ნობელალუმინა XSEK-502 თხ. ქვედა შემკვრელი,გალუ4337,შავი,000016296,გალუ4349 - პროფილი. ნობელალუმინა XBF-013 თხ. ტიხარი/ზედა შემკვრელი შავი,პროფილი. ნობელალუმინა XBF-013 თხ. ტიხარი/ზედა შემკვრელი,გალუ4349,შავი,000016298,გმქნ4061 - შემაფერხებელიანი მიმმართველი ალუმინის ფასადის.  ნობელალუმინა HB01,000013473
ფარცა ,1000,2600,500,1100,2001-2600,2600-2700,"პნლა275171 - გასაგორებელი კარი ფარცა, შავი, 2001-2600, გალუ4323",პნლა275171,ინოქსი,გალუ4323,000041658,გალუ4323 - პროფილი. ნობელალუმინა ZJB-715 შემკვრელი გვერდი შავი,გალუ4323,პროფილი. ნობელალუმინა ZJB-715 შემკვრელი გვერდი,შავი,000015212,გალუ4349 - პროფილი. ნობელალუმინა XBF-013 თხ. ტიხარი/ზედა შემკვრელი შავი,პროფილი. ნობელალუმინა XBF-013 თხ. ტიხარი/ზედა შემკვრელი,გალუ4349,შავი,000016298,გალუ4337 - პროფილი. ნობელალუმინა XSEK-502 თხ. ქვედა შემკვრელი შავი,პროფილი. ნობელალუმინა XSEK-502 თხ. ქვედა შემკვრელი,გალუ4337,შავი,000016296,გალუ4349 - პროფილი. ნობელალუმინა XBF-013 თხ. ტიხარი/ზედა შემკვრელი შავი,პროფილი. ნობელალუმინა XBF-013 თხ. ტიხარი/ზედა შემკვრელი,გალუ4349,შავი,000016298,გმქნ4061 - შემაფერხებელიანი მიმმართველი ალუმინის ფასადის.  ნობელალუმინა HB01,000013473
ფარცა ,1000,2600,500,1100,1000-1400,2600-2700,"პნლა275136 - გასაგორებელი კარი ფარცა, ინოქსი, 1000-1400, გალუ4355",პნლა275136,ინოქსი,გალუ4355,000041623,გალუ4355 - პროფილი. ნობელალუმინა LWY-002 ფასადის გვერდი ინოქსი,გალუ4355,პროფილი. ნობელალუმინა LWY-002 ფასადის გვერდი,ინოქსი,000016300,გალუ4349 - პროფილი. ნობელალუმინა XBF-013 თხ. ტიხარი/ზედა შემკვრელი ინოქსი,პროფილი. ნობელალუმინა XBF-013 თხ. ტიხარი/ზედა შემკვრელი,გალუ4349,ინოქსი,000016297,გალუ4337 - პროფილი. ნობელალუმინა XSEK-502 თხ. ქვედა შემკვრელი ინოქსი,პროფილი. ნობელალუმინა XSEK-502 თხ. ქვედა შემკვრელი,გალუ4337,ინოქსი,000016295,გალუ4349 - პროფილი. ნობელალუმინა XBF-013 თხ. ტიხარი/ზედა შემკვრელი ინოქსი,პროფილი. ნობელალუმინა XBF-013 თხ. ტიხარი/ზედა შემკვრელი,გალუ4349,ინოქსი,000016297,გმქნ4061 - შემაფერხებელიანი მიმმართველი ალუმინის ფასადის.  ნობელალუმინა HB01,000013473
ფარცა ,1000,2600,500,1100,1401-2000,2600-2700,"პნლა275154 - გასაგორებელი კარი ფარცა, ინოქსი, 1401-2000, გალუ4355",პნლა275154,ინოქსი,გალუ4355,000041641,გალუ4355 - პროფილი. ნობელალუმინა LWY-002 ფასადის გვერდი ინოქსი,გალუ4355,პროფილი. ნობელალუმინა LWY-002 ფასადის გვერდი,ინოქსი,000016300,გალუ4349 - პროფილი. ნობელალუმინა XBF-013 თხ. ტიხარი/ზედა შემკვრელი ინოქსი,პროფილი. ნობელალუმინა XBF-013 თხ. ტიხარი/ზედა შემკვრელი,გალუ4349,ინოქსი,000016297,გალუ4337 - პროფილი. ნობელალუმინა XSEK-502 თხ. ქვედა შემკვრელი ინოქსი,პროფილი. ნობელალუმინა XSEK-502 თხ. ქვედა შემკვრელი,გალუ4337,ინოქსი,000016295,გალუ4349 - პროფილი. ნობელალუმინა XBF-013 თხ. ტიხარი/ზედა შემკვრელი ინოქსი,პროფილი. ნობელალუმინა XBF-013 თხ. ტიხარი/ზედა შემკვრელი,გალუ4349,ინოქსი,000016297,გმქნ4061 - შემაფერხებელიანი მიმმართველი ალუმინის ფასადის.  ნობელალუმინა HB01,000013473
ფარცა ,1000,2600,500,1100,2001-2600,2600-2700,"პნლა275172 - გასაგორებელი კარი ფარცა, ინოქსი, 2001-2600, გალუ4355",პნლა275172,ინოქსი,გალუ4355,000041659,გალუ4355 - პროფილი. ნობელალუმინა LWY-002 ფასადის გვერდი ინოქსი,გალუ4355,პროფილი. ნობელალუმინა LWY-002 ფასადის გვერდი,ინოქსი,000016300,გალუ4349 - პროფილი. ნობელალუმინა XBF-013 თხ. ტიხარი/ზედა შემკვრელი ინოქსი,პროფილი. ნობელალუმინა XBF-013 თხ. ტიხარი/ზედა შემკვრელი,გალუ4349,ინოქსი,000016297,გალუ4337 - პროფილი. ნობელალუმინა XSEK-502 თხ. ქვედა შემკვრელი ინოქსი,პროფილი. ნობელალუმინა XSEK-502 თხ. ქვედა შემკვრელი,გალუ4337,ინოქსი,000016295,გალუ4349 - პროფილი. ნობელალუმინა XBF-013 თხ. ტიხარი/ზედა შემკვრელი ინოქსი,პროფილი. ნობელალუმინა XBF-013 თხ. ტიხარი/ზედა შემკვრელი,გალუ4349,ინოქსი,000016297,გმქნ4061 - შემაფერხებელიანი მიმმართველი ალუმინის ფასადის.  ნობელალუმინა HB01,000013473
ფარცა ,1000,2600,500,1100,1000-1400,2600-2700,"პნლა275137 - გასაგორებელი კარი ფარცა, შავი, 1000-1400, გალუ4355",პნლა275137,ინოქსი,გალუ4355,000041624,გალუ4355 - პროფილი. ნობელალუმინა LWY-002 ფასადის გვერდი შავი,გალუ4355,პროფილი. ნობელალუმინა LWY-002 ფასადის გვერდი,შავი,000016299,გალუ4349 - პროფილი. ნობელალუმინა XBF-013 თხ. ტიხარი/ზედა შემკვრელი შავი,პროფილი. ნობელალუმინა XBF-013 თხ. ტიხარი/ზედა შემკვრელი,გალუ4349,შავი,000016298,გალუ4337 - პროფილი. ნობელალუმინა XSEK-502 თხ. ქვედა შემკვრელი შავი,პროფილი. ნობელალუმინა XSEK-502 თხ. ქვედა შემკვრელი,გალუ4337,შავი,000016296,გალუ4349 - პროფილი. ნობელალუმინა XBF-013 თხ. ტიხარი/ზედა შემკვრელი შავი,პროფილი. ნობელალუმინა XBF-013 თხ. ტიხარი/ზედა შემკვრელი,გალუ4349,შავი,000016298,გმქნ4061 - შემაფერხებელიანი მიმმართველი ალუმინის ფასადის.  ნობელალუმინა HB01,000013473
ფარცა ,1000,2600,500,1100,1401-2000,2600-2700,"პნლა275155 - გასაგორებელი კარი ფარცა, შავი, 1401-2000, გალუ4355",პნლა275155,ინოქსი,გალუ4355,000041642,გალუ4355 - პროფილი. ნობელალუმინა LWY-002 ფასადის გვერდი შავი,გალუ4355,პროფილი. ნობელალუმინა LWY-002 ფასადის გვერდი,შავი,000016299,გალუ4349 - პროფილი. ნობელალუმინა XBF-013 თხ. ტიხარი/ზედა შემკვრელი შავი,პროფილი. ნობელალუმინა XBF-013 თხ. ტიხარი/ზედა შემკვრელი,გალუ4349,შავი,000016298,გალუ4337 - პროფილი. ნობელალუმინა XSEK-502 თხ. ქვედა შემკვრელი შავი,პროფილი. ნობელალუმინა XSEK-502 თხ. ქვედა შემკვრელი,გალუ4337,შავი,000016296,გალუ4349 - პროფილი. ნობელალუმინა XBF-013 თხ. ტიხარი/ზედა შემკვრელი შავი,პროფილი. ნობელალუმინა XBF-013 თხ. ტიხარი/ზედა შემკვრელი,გალუ4349,შავი,000016298,გმქნ4061 - შემაფერხებელიანი მიმმართველი ალუმინის ფასადის.  ნობელალუმინა HB01,000013473
ფარცა ,1000,2600,500,1100,2001-2600,2600-2700,"პნლა275173 - გასაგორებელი კარი ფარცა, შავი, 2001-2600, გალუ4355",პნლა275173,ინოქსი,გალუ4355,000041660,გალუ4355 - პროფილი. ნობელალუმინა LWY-002 ფასადის გვერდი შავი,გალუ4355,პროფილი. ნობელალუმინა LWY-002 ფასადის გვერდი,შავი,000016299,გალუ4349 - პროფილი. ნობელალუმინა XBF-013 თხ. ტიხარი/ზედა შემკვრელი შავი,პროფილი. ნობელალუმინა XBF-013 თხ. ტიხარი/ზედა შემკვრელი,გალუ4349,შავი,000016298,გალუ4337 - პროფილი. ნობელალუმინა XSEK-502 თხ. ქვედა შემკვრელი შავი,პროფილი. ნობელალუმინა XSEK-502 თხ. ქვედა შემკვრელი,გალუ4337,შავი,000016296,გალუ4349 - პროფილი. ნობელალუმინა XBF-013 თხ. ტიხარი/ზედა შემკვრელი შავი,პროფილი. ნობელალუმინა XBF-013 თხ. ტიხარი/ზედა შემკვრელი,გალუ4349,შავი,000016298,გმქნ4061 - შემაფერხებელიანი მიმმართველი ალუმინის ფასადის.  ნობელალუმინა HB01,000013473
ფარცა ,1000,2600,500,1100,1000-1400,2600-2700,"პნლა275138 - გასაგორებელი კარი ფარცა, ინოქსი, 1000-1400, გალუ4111",პნლა275138,ინოქსი,გალუ4111,000041625,გალუ4111 - პროფილი. ნობელალუმინა XGJB-629 ვწ. ფასადის გვერდი ინოქსი,გალუ4111,პროფილი. ნობელალუმინა XGJB-629 ვწ. ფასადის გვერდი,ინოქსი,000015194,გალუ4126 - პროფილი. ნობელალუმინა XGJB-340 ვწ. ზედა შემკვრელი ინოქსი,პროფილი. ნობელალუმინა XGJB-340 ვწ. ზედა შემკვრელი,გალუ4126,ინოქსი,000015198,გალუ4121 - პროფილი. ნობელალუმინა XGJB-339 ვწ. ქვედა შემკვრელი ინოქსი,პროფილი. ნობელალუმინა XGJB-339 ვწ. ქვედა შემკვრელი,გალუ4121,ინოქსი,000015196,გალუ4132 - პროფილი. ნობელალუმინა XGJB-341P ვწ. შიდა ტიხარი ინოქსი,პროფილი. ნობელალუმინა XGJB-341P ვწ. შიდა ტიხარი,გალუ4132,ინოქსი,000015200,გმქნ4061 - შემაფერხებელიანი მიმმართველი ალუმინის ფასადის.  ნობელალუმინა HB01,000013473
ფარცა ,1000,2600,500,1100,1401-2000,2600-2700,"პნლა275156 - გასაგორებელი კარი ფარცა, ინოქსი, 1401-2000, გალუ4111",პნლა275156,ინოქსი,გალუ4111,000041643,გალუ4111 - პროფილი. ნობელალუმინა XGJB-629 ვწ. ფასადის გვერდი ინოქსი,გალუ4111,პროფილი. ნობელალუმინა XGJB-629 ვწ. ფასადის გვერდი,ინოქსი,000015194,გალუ4126 - პროფილი. ნობელალუმინა XGJB-340 ვწ. ზედა შემკვრელი ინოქსი,პროფილი. ნობელალუმინა XGJB-340 ვწ. ზედა შემკვრელი,გალუ4126,ინოქსი,000015198,გალუ4121 - პროფილი. ნობელალუმინა XGJB-339 ვწ. ქვედა შემკვრელი ინოქსი,პროფილი. ნობელალუმინა XGJB-339 ვწ. ქვედა შემკვრელი,გალუ4121,ინოქსი,000015196,გალუ4132 - პროფილი. ნობელალუმინა XGJB-341P ვწ. შიდა ტიხარი ინოქსი,პროფილი. ნობელალუმინა XGJB-341P ვწ. შიდა ტიხარი,გალუ4132,ინოქსი,000015200,გმქნ4061 - შემაფერხებელიანი მიმმართველი ალუმინის ფასადის.  ნობელალუმინა HB01,000013473
ფარცა ,1000,2600,500,1100,2001-2600,2600-2700,"პნლა275174 - გასაგორებელი კარი ფარცა, ინოქსი, 2001-2600, გალუ4111",პნლა275174,ინოქსი,გალუ4111,000041661,გალუ4111 - პროფილი. ნობელალუმინა XGJB-629 ვწ. ფასადის გვერდი ინოქსი,გალუ4111,პროფილი. ნობელალუმინა XGJB-629 ვწ. ფასადის გვერდი,ინოქსი,000015194,გალუ4126 - პროფილი. ნობელალუმინა XGJB-340 ვწ. ზედა შემკვრელი ინოქსი,პროფილი. ნობელალუმინა XGJB-340 ვწ. ზედა შემკვრელი,გალუ4126,ინოქსი,000015198,გალუ4121 - პროფილი. ნობელალუმინა XGJB-339 ვწ. ქვედა შემკვრელი ინოქსი,პროფილი. ნობელალუმინა XGJB-339 ვწ. ქვედა შემკვრელი,გალუ4121,ინოქსი,000015196,გალუ4132 - პროფილი. ნობელალუმინა XGJB-341P ვწ. შიდა ტიხარი ინოქსი,პროფილი. ნობელალუმინა XGJB-341P ვწ. შიდა ტიხარი,გალუ4132,ინოქსი,000015200,გმქნ4061 - შემაფერხებელიანი მიმმართველი ალუმინის ფასადის.  ნობელალუმინა HB01,000013473
ფარცა ,1000,2600,500,1100,1000-1400,2600-2700,"პნლა275139 - გასაგორებელი კარი ფარცა, შავი, 1000-1400, გალუ4111",პნლა275139,ინოქსი,გალუ4111,000041626,გალუ4111 - პროფილი. ნობელალუმინა XGJB-629 ვწ. ფასადის გვერდი შავი,გალუ4111,პროფილი. ნობელალუმინა XGJB-629 ვწ. ფასადის გვერდი,შავი,000015195,გალუ4126 - პროფილი. ნობელალუმინა XGJB-340 ვწ. ზედა შემკვრელი შავი,პროფილი. ნობელალუმინა XGJB-340 ვწ. ზედა შემკვრელი,გალუ4126,შავი,000015199,გალუ4121 - პროფილი. ნობელალუმინა XGJB-339 ვწ. ქვედა შემკვრელი შავი,პროფილი. ნობელალუმინა XGJB-339 ვწ. ქვედა შემკვრელი,გალუ4121,შავი,000015197,გალუ4132 - პროფილი. ნობელალუმინა XGJB-341P ვწ. შიდა ტიხარი შავი,პროფილი. ნობელალუმინა XGJB-341P ვწ. შიდა ტიხარი,გალუ4132,შავი,000015201,გმქნ4061 - შემაფერხებელიანი მიმმართველი ალუმინის ფასადის.  ნობელალუმინა HB01,000013473
ფარცა ,1000,2600,500,1100,1401-2000,2600-2700,"პნლა275157 - გასაგორებელი კარი ფარცა, შავი, 1401-2000, გალუ4111",პნლა275157,ინოქსი,გალუ4111,000041644,გალუ4111 - პროფილი. ნობელალუმინა XGJB-629 ვწ. ფასადის გვერდი შავი,გალუ4111,პროფილი. ნობელალუმინა XGJB-629 ვწ. ფასადის გვერდი,შავი,000015195,გალუ4126 - პროფილი. ნობელალუმინა XGJB-340 ვწ. ზედა შემკვრელი შავი,პროფილი. ნობელალუმინა XGJB-340 ვწ. ზედა შემკვრელი,გალუ4126,შავი,000015199,გალუ4121 - პროფილი. ნობელალუმინა XGJB-339 ვწ. ქვედა შემკვრელი შავი,პროფილი. ნობელალუმინა XGJB-339 ვწ. ქვედა შემკვრელი,გალუ4121,შავი,000015197,გალუ4132 - პროფილი. ნობელალუმინა XGJB-341P ვწ. შიდა ტიხარი შავი,პროფილი. ნობელალუმინა XGJB-341P ვწ. შიდა ტიხარი,გალუ4132,შავი,000015201,გმქნ4061 - შემაფერხებელიანი მიმმართველი ალუმინის ფასადის.  ნობელალუმინა HB01,000013473
ფარცა ,1000,2600,500,1100,2001-2600,2600-2700,"პნლა275175 - გასაგორებელი კარი ფარცა, შავი, 2001-2600, გალუ4111",პნლა275175,ინოქსი,გალუ4111,000041662,გალუ4111 - პროფილი. ნობელალუმინა XGJB-629 ვწ. ფასადის გვერდი შავი,გალუ4111,პროფილი. ნობელალუმინა XGJB-629 ვწ. ფასადის გვერდი,შავი,000015195,გალუ4126 - პროფილი. ნობელალუმინა XGJB-340 ვწ. ზედა შემკვრელი შავი,პროფილი. ნობელალუმინა XGJB-340 ვწ. ზედა შემკვრელი,გალუ4126,შავი,000015199,გალუ4121 - პროფილი. ნობელალუმინა XGJB-339 ვწ. ქვედა შემკვრელი შავი,პროფილი. ნობელალუმინა XGJB-339 ვწ. ქვედა შემკვრელი,გალუ4121,შავი,000015197,გალუ4132 - პროფილი. ნობელალუმინა XGJB-341P ვწ. შიდა ტიხარი შავი,პროფილი. ნობელალუმინა XGJB-341P ვწ. შიდა ტიხარი,გალუ4132,შავი,000015201,გმქნ4061 - შემაფერხებელიანი მიმმართველი ალუმინის ფასადის.  ნობელალუმინა HB01,000013473
ფარცა ,1000,2600,500,1100,1000-1400,2600-2700,"პნლა275140 - გასაგორებელი კარი ფარცა, ინოქსი, 1000-1400, გალუ4171",პნლა275140,ინოქსი,გალუ4171,000041627,გალუ4171 - პროფილი. ნობელალუმინა XGJB-1372 კუბიკი გვერდი ინოქსი,გალუ4171,პროფილი. ნობელალუმინა XGJB-1372 კუბიკი გვერდი,ინოქსი,000015180,გალუ4176 - პროფილი. ნობელალუმინა XGJB-1371 კუბიკი ზედა შემკვრელი ინოქსი,პროფილი. ნობელალუმინა XGJB-1371 კუბიკი ზედა შემკვრელი,გალუ4176,ინოქსი,000015205,გალუ4174 - პროფილი. ნობელალუმინა XGJB-1369 კუბიკი ქვედა შემკვრელი ინოქსი,პროფილი. ნობელალუმინა XGJB-1369 კუბიკი ქვედა შემკვრელი,გალუ4174,ინოქსი,000015203,გალუ4179 - პროფილი. ნობელალუმინა XGJB-1370 კუბიკი შიდა ტიხარი ინოქსი,პროფილი. ნობელალუმინა XGJB-1370 კუბიკი შიდა ტიხარი,გალუ4179,ინოქსი,000015207,გმქნ4061 - შემაფერხებელიანი მიმმართველი ალუმინის ფასადის.  ნობელალუმინა HB01,000013473
ფარცა ,1000,2600,500,1100,1401-2000,2600-2700,"პნლა275158 - გასაგორებელი კარი ფარცა, ინოქსი, 1401-2000, გალუ4171",პნლა275158,ინოქსი,გალუ4171,000041645,გალუ4171 - პროფილი. ნობელალუმინა XGJB-1372 კუბიკი გვერდი ინოქსი,გალუ4171,პროფილი. ნობელალუმინა XGJB-1372 კუბიკი გვერდი,ინოქსი,000015180,გალუ4176 - პროფილი. ნობელალუმინა XGJB-1371 კუბიკი ზედა შემკვრელი ინოქსი,პროფილი. ნობელალუმინა XGJB-1371 კუბიკი ზედა შემკვრელი,გალუ4176,ინოქსი,000015205,გალუ4174 - პროფილი. ნობელალუმინა XGJB-1369 კუბიკი ქვედა შემკვრელი ინოქსი,პროფილი. ნობელალუმინა XGJB-1369 კუბიკი ქვედა შემკვრელი,გალუ4174,ინოქსი,000015203,გალუ4179 - პროფილი. ნობელალუმინა XGJB-1370 კუბიკი შიდა ტიხარი ინოქსი,პროფილი. ნობელალუმინა XGJB-1370 კუბიკი შიდა ტიხარი,გალუ4179,ინოქსი,000015207,გმქნ4061 - შემაფერხებელიანი მიმმართველი ალუმინის ფასადის.  ნობელალუმინა HB01,000013473
ფარცა ,1000,2600,500,1100,2001-2600,2600-2700,"პნლა275176 - გასაგორებელი კარი ფარცა, ინოქსი, 2001-2600, გალუ4171",პნლა275176,ინოქსი,გალუ4171,000041663,გალუ4171 - პროფილი. ნობელალუმინა XGJB-1372 კუბიკი გვერდი ინოქსი,გალუ4171,პროფილი. ნობელალუმინა XGJB-1372 კუბიკი გვერდი,ინოქსი,000015180,გალუ4176 - პროფილი. ნობელალუმინა XGJB-1371 კუბიკი ზედა შემკვრელი ინოქსი,პროფილი. ნობელალუმინა XGJB-1371 კუბიკი ზედა შემკვრელი,გალუ4176,ინოქსი,000015205,გალუ4174 - პროფილი. ნობელალუმინა XGJB-1369 კუბიკი ქვედა შემკვრელი ინოქსი,პროფილი. ნობელალუმინა XGJB-1369 კუბიკი ქვედა შემკვრელი,გალუ4174,ინოქსი,000015203,გალუ4179 - პროფილი. ნობელალუმინა XGJB-1370 კუბიკი შიდა ტიხარი ინოქსი,პროფილი. ნობელალუმინა XGJB-1370 კუბიკი შიდა ტიხარი,გალუ4179,ინოქსი,000015207,გმქნ4061 - შემაფერხებელიანი მიმმართველი ალუმინის ფასადის.  ნობელალუმინა HB01,000013473
ფარცა ,1000,2600,500,1100,1000-1400,2600-2700,"პნლა275141 - გასაგორებელი კარი ფარცა, შავი, 1000-1400, გალუ4171",პნლა275141,ინოქსი,გალუ4171,000041628,გალუ4171 - პროფილი. ნობელალუმინა XGJB-1372 კუბიკი გვერდი შავი,გალუ4171,პროფილი. ნობელალუმინა XGJB-1372 კუბიკი გვერდი,შავი,000015202,გალუ4176 - პროფილი. ნობელალუმინა XGJB-1371 კუბიკი ზედა შემკვრელი შავი,პროფილი. ნობელალუმინა XGJB-1371 კუბიკი ზედა შემკვრელი,გალუ4176,შავი,000015206,გალუ4174 - პროფილი. ნობელალუმინა XGJB-1369 კუბიკი ქვედა შემკვრელი შავი,პროფილი. ნობელალუმინა XGJB-1369 კუბიკი ქვედა შემკვრელი,გალუ4174,შავი,000015204,გალუ4179 - პროფილი. ნობელალუმინა XGJB-1370 კუბიკი შიდა ტიხარი შავი,პროფილი. ნობელალუმინა XGJB-1370 კუბიკი შიდა ტიხარი,გალუ4179,შავი,000015208,გმქნ4061 - შემაფერხებელიანი მიმმართველი ალუმინის ფასადის.  ნობელალუმინა HB01,000013473
ფარცა ,1000,2600,500,1100,1401-2000,2600-2700,"პნლა275159 - გასაგორებელი კარი ფარცა, შავი, 1401-2000, გალუ4171",პნლა275159,ინოქსი,გალუ4171,000041646,გალუ4171 - პროფილი. ნობელალუმინა XGJB-1372 კუბიკი გვერდი შავი,გალუ4171,პროფილი. ნობელალუმინა XGJB-1372 კუბიკი გვერდი,შავი,000015202,გალუ4176 - პროფილი. ნობელალუმინა XGJB-1371 კუბიკი ზედა შემკვრელი შავი,პროფილი. ნობელალუმინა XGJB-1371 კუბიკი ზედა შემკვრელი,გალუ4176,შავი,000015206,გალუ4174 - პროფილი. ნობელალუმინა XGJB-1369 კუბიკი ქვედა შემკვრელი შავი,პროფილი. ნობელალუმინა XGJB-1369 კუბიკი ქვედა შემკვრელი,გალუ4174,შავი,000015204,გალუ4179 - პროფილი. ნობელალუმინა XGJB-1370 კუბიკი შიდა ტიხარი შავი,პროფილი. ნობელალუმინა XGJB-1370 კუბიკი შიდა ტიხარი,გალუ4179,შავი,000015208,გმქნ4061 - შემაფერხებელიანი მიმმართველი ალუმინის ფასადის.  ნობელალუმინა HB01,000013473
ფარცა ,1000,2600,500,1100,2001-2600,2600-2700,"პნლა275177 - გასაგორებელი კარი ფარცა, შავი, 2001-2600, გალუ4171",პნლა275177,ინოქსი,გალუ4171,000041664,გალუ4171 - პროფილი. ნობელალუმინა XGJB-1372 კუბიკი გვერდი შავი,გალუ4171,პროფილი. ნობელალუმინა XGJB-1372 კუბიკი გვერდი,შავი,000015202,გალუ4176 - პროფილი. ნობელალუმინა XGJB-1371 კუბიკი ზედა შემკვრელი შავი,პროფილი. ნობელალუმინა XGJB-1371 კუბიკი ზედა შემკვრელი,გალუ4176,შავი,000015206,გალუ4174 - პროფილი. ნობელალუმინა XGJB-1369 კუბიკი ქვედა შემკვრელი შავი,პროფილი. ნობელალუმინა XGJB-1369 კუბიკი ქვედა შემკვრელი,გალუ4174,შავი,000015204,გალუ4179 - პროფილი. ნობელალუმინა XGJB-1370 კუბიკი შიდა ტიხარი შავი,პროფილი. ნობელალუმინა XGJB-1370 კუბიკი შიდა ტიხარი,გალუ4179,შავი,000015208,გმქნ4061 - შემაფერხებელიანი მიმმართველი ალუმინის ფასადის.  ნობელალუმინა HB01,000013473
ფარცა ,1000,2600,500,1100,1000-1400,2600-2700,"პნლა275142 - გასაგორებელი კარი ფარცა, ინოქს, 1000-1400, ალდ4722",პნლა275142,ინოქსი,ალდ4722,000041629,"ალდ4722 - პროფილი ალ. შემკვრელი გვერდი, დემსას 4722დპ2 პ/ინოქს",ალდ4722,"პროფილი ალ. შემკვრელი გვერდი, დემსას 4722დპ2",პ/ინოქს,000004465,"ალდ4722 - პროფილი ალ. შემკვრელი გვერდი, დემსას 4722დპ2 პ/ინოქს","პროფილი ალ. შემკვრელი გვერდი, დემსას 4722დპ2",ალდ4722,ინოქსი,000004465,"ალდ4045 - პროფილი ალ. შემკვრელი ქვედა, დემსას 4045დპ2 პ/ინოქს","პროფილი ალ. შემკვრელი ქვედა, დემსას 4045დპ2",ალდ4045,ინოქსი,000004461,"ალდ3998 - პროფილი ალ. შემკვრელი შუა, დემსას 3998დპ2 პ/ინოქს","პროფილი ალ. შემკვრელი შუა, დემსას 3998დპ2",ალდ3998,ინოქსი,000004460,გმქნ4061 - შემაფერხებელიანი მიმმართველი ალუმინის ფასადის.  ნობელალუმინა HB01,000013473
ფარცა ,1000,2600,500,1100,1401-2000,2600-2700,"პნლა275160 - გასაგორებელი კარი ფარცა, ინოქს, 1401-2000, ალდ4722",პნლა275160,ინოქსი,ალდ4722,000041647,"ალდ4722 - პროფილი ალ. შემკვრელი გვერდი, დემსას 4722დპ2 პ/ინოქს",ალდ4722,"პროფილი ალ. შემკვრელი გვერდი, დემსას 4722დპ2",პ/ინოქს,000004465,"ალდ4722 - პროფილი ალ. შემკვრელი გვერდი, დემსას 4722დპ2 პ/ინოქს","პროფილი ალ. შემკვრელი გვერდი, დემსას 4722დპ2",ალდ4722,ინოქსი,000004465,"ალდ4045 - პროფილი ალ. შემკვრელი ქვედა, დემსას 4045დპ2 პ/ინოქს","პროფილი ალ. შემკვრელი ქვედა, დემსას 4045დპ2",ალდ4045,ინოქსი,000004461,"ალდ3998 - პროფილი ალ. შემკვრელი შუა, დემსას 3998დპ2 პ/ინოქს","პროფილი ალ. შემკვრელი შუა, დემსას 3998დპ2",ალდ3998,ინოქსი,000004460,გმქნ4061 - შემაფერხებელიანი მიმმართველი ალუმინის ფასადის.  ნობელალუმინა HB01,000013473
ფარცა ,1000,2600,500,1100,2001-2600,2600-2700,"პნლა275178 - გასაგორებელი კარი ფარცა, ინოქს, 2001-2600, ალდ4722",პნლა275178,ინოქსი,ალდ4722,000041665,"ალდ4722 - პროფილი ალ. შემკვრელი გვერდი, დემსას 4722დპ2 პ/ინოქს",ალდ4722,"პროფილი ალ. შემკვრელი გვერდი, დემსას 4722დპ2",პ/ინოქს,000004465,"ალდ4722 - პროფილი ალ. შემკვრელი გვერდი, დემსას 4722დპ2 პ/ინოქს","პროფილი ალ. შემკვრელი გვერდი, დემსას 4722დპ2",ალდ4722,ინოქსი,000004465,"ალდ4045 - პროფილი ალ. შემკვრელი ქვედა, დემსას 4045დპ2 პ/ინოქს","პროფილი ალ. შემკვრელი ქვედა, დემსას 4045დპ2",ალდ4045,ინოქსი,000004461,"ალდ3998 - პროფილი ალ. შემკვრელი შუა, დემსას 3998დპ2 პ/ინოქს","პროფილი ალ. შემკვრელი შუა, დემსას 3998დპ2",ალდ3998,ინოქსი,000004460,გმქნ4061 - შემაფერხებელიანი მიმმართველი ალუმინის ფასადის.  ნობელალუმინა HB01,000013473
ფარცა ,1000,2600,500,1100,1000-1400,2600-2700,"პნლა275143 - გასაგორებელი კარი ფარცა, ინოქსი, 1000-1400, გალუ4312",პნლა275143,ინოქსი,გალუ4312,000041630,გალუ4312 - პროფილი. ნობელალუმინა FSQ-047 შემკვრელი გვერდი ინოქსი,გალუ4312,პროფილი. ნობელალუმინა FSQ-047 შემკვრელი გვერდი,ინოქსი,000015209,გალუ4349 - პროფილი. ნობელალუმინა XBF-013 თხ. ტიხარი/ზედა შემკვრელი ინოქსი,პროფილი. ნობელალუმინა XBF-013 თხ. ტიხარი/ზედა შემკვრელი,გალუ4349,ინოქსი,000016297,გალუ4337 - პროფილი. ნობელალუმინა XSEK-502 თხ. ქვედა შემკვრელი ინოქსი,პროფილი. ნობელალუმინა XSEK-502 თხ. ქვედა შემკვრელი,გალუ4337,ინოქსი,000016295,გალუ4349 - პროფილი. ნობელალუმინა XBF-013 თხ. ტიხარი/ზედა შემკვრელი ინოქსი,პროფილი. ნობელალუმინა XBF-013 თხ. ტიხარი/ზედა შემკვრელი,გალუ4349,ინოქსი,000016297,გმქნ4061 - შემაფერხებელიანი მიმმართველი ალუმინის ფასადის.  ნობელალუმინა HB01,000013473
ფარცა ,1000,2600,500,1100,1401-2000,2600-2700,"პნლა275161 - გასაგორებელი კარი ფარცა, ინოქსი, 1401-2000, გალუ4312",პნლა275161,ინოქსი,გალუ4312,000041648,გალუ4312 - პროფილი. ნობელალუმინა FSQ-047 შემკვრელი გვერდი ინოქსი,გალუ4312,პროფილი. ნობელალუმინა FSQ-047 შემკვრელი გვერდი,ინოქსი,000015209,გალუ4349 - პროფილი. ნობელალუმინა XBF-013 თხ. ტიხარი/ზედა შემკვრელი ინოქსი,პროფილი. ნობელალუმინა XBF-013 თხ. ტიხარი/ზედა შემკვრელი,გალუ4349,ინოქსი,000016297,გალუ4337 - პროფილი. ნობელალუმინა XSEK-502 თხ. ქვედა შემკვრელი ინოქსი,პროფილი. ნობელალუმინა XSEK-502 თხ. ქვედა შემკვრელი,გალუ4337,ინოქსი,000016295,გალუ4349 - პროფილი. ნობელალუმინა XBF-013 თხ. ტიხარი/ზედა შემკვრელი ინოქსი,პროფილი. ნობელალუმინა XBF-013 თხ. ტიხარი/ზედა შემკვრელი,გალუ4349,ინოქსი,000016297,გმქნ4061 - შემაფერხებელიანი მიმმართველი ალუმინის ფასადის.  ნობელალუმინა HB01,000013473
ფარცა ,1000,2600,500,1100,2001-2600,2600-2700,"პნლა275179 - გასაგორებელი კარი ფარცა, ინოქსი, 2001-2600, გალუ4312",პნლა275179,ინოქსი,გალუ4312,000041666,გალუ4312 - პროფილი. ნობელალუმინა FSQ-047 შემკვრელი გვერდი ინოქსი,გალუ4312,პროფილი. ნობელალუმინა FSQ-047 შემკვრელი გვერდი,ინოქსი,000015209,გალუ4349 - პროფილი. ნობელალუმინა XBF-013 თხ. ტიხარი/ზედა შემკვრელი ინოქსი,პროფილი. ნობელალუმინა XBF-013 თხ. ტიხარი/ზედა შემკვრელი,გალუ4349,ინოქსი,000016297,გალუ4337 - პროფილი. ნობელალუმინა XSEK-502 თხ. ქვედა შემკვრელი ინოქსი,პროფილი. ნობელალუმინა XSEK-502 თხ. ქვედა შემკვრელი,გალუ4337,ინოქსი,000016295,გალუ4349 - პროფილი. ნობელალუმინა XBF-013 თხ. ტიხარი/ზედა შემკვრელი ინოქსი,პროფილი. ნობელალუმინა XBF-013 თხ. ტიხარი/ზედა შემკვრელი,გალუ4349,ინოქსი,000016297,გმქნ4061 - შემაფერხებელიანი მიმმართველი ალუმინის ფასადის.  ნობელალუმინა HB01,000013473
ფარცა ,1000,2600,500,1100,1000-1400,2600-2700,"პნლა275144 - გასაგორებელი კარი ფარცა, შავი, 1000-1400, გალუ4312",პნლა275144,ინოქსი,გალუ4312,000041631,გალუ4312 - პროფილი. ნობელალუმინა FSQ-047 შემკვრელი გვერდი შავი,გალუ4312,პროფილი. ნობელალუმინა FSQ-047 შემკვრელი გვერდი,შავი,000015210,გალუ4349 - პროფილი. ნობელალუმინა XBF-013 თხ. ტიხარი/ზედა შემკვრელი შავი,პროფილი. ნობელალუმინა XBF-013 თხ. ტიხარი/ზედა შემკვრელი,გალუ4349,შავი,000016298,გალუ4337 - პროფილი. ნობელალუმინა XSEK-502 თხ. ქვედა შემკვრელი შავი,პროფილი. ნობელალუმინა XSEK-502 თხ. ქვედა შემკვრელი,გალუ4337,შავი,000016296,გალუ4349 - პროფილი. ნობელალუმინა XBF-013 თხ. ტიხარი/ზედა შემკვრელი შავი,პროფილი. ნობელალუმინა XBF-013 თხ. ტიხარი/ზედა შემკვრელი,გალუ4349,შავი,000016298,გმქნ4061 - შემაფერხებელიანი მიმმართველი ალუმინის ფასადის.  ნობელალუმინა HB01,000013473
ფარცა ,1000,2600,500,1100,1401-2000,2600-2700,"პნლა275162 - გასაგორებელი კარი ფარცა, შავი, 1401-2000, გალუ4312",პნლა275162,ინოქსი,გალუ4312,000041649,გალუ4312 - პროფილი. ნობელალუმინა FSQ-047 შემკვრელი გვერდი შავი,გალუ4312,პროფილი. ნობელალუმინა FSQ-047 შემკვრელი გვერდი,შავი,000015210,გალუ4349 - პროფილი. ნობელალუმინა XBF-013 თხ. ტიხარი/ზედა შემკვრელი შავი,პროფილი. ნობელალუმინა XBF-013 თხ. ტიხარი/ზედა შემკვრელი,გალუ4349,შავი,000016298,გალუ4337 - პროფილი. ნობელალუმინა XSEK-502 თხ. ქვედა შემკვრელი შავი,პროფილი. ნობელალუმინა XSEK-502 თხ. ქვედა შემკვრელი,გალუ4337,შავი,000016296,გალუ4349 - პროფილი. ნობელალუმინა XBF-013 თხ. ტიხარი/ზედა შემკვრელი შავი,პროფილი. ნობელალუმინა XBF-013 თხ. ტიხარი/ზედა შემკვრელი,გალუ4349,შავი,000016298,გმქნ4061 - შემაფერხებელიანი მიმმართველი ალუმინის ფასადის.  ნობელალუმინა HB01,000013473
ფარცა ,1000,2600,500,1100,2001-2600,2600-2700,"პნლა275180 - გასაგორებელი კარი ფარცა, შავი, 2001-2600, გალუ4312",პნლა275180,ინოქსი,გალუ4312,000041667,გალუ4312 - პროფილი. ნობელალუმინა FSQ-047 შემკვრელი გვერდი შავი,გალუ4312,პროფილი. ნობელალუმინა FSQ-047 შემკვრელი გვერდი,შავი,000015210,გალუ4349 - პროფილი. ნობელალუმინა XBF-013 თხ. ტიხარი/ზედა შემკვრელი შავი,პროფილი. ნობელალუმინა XBF-013 თხ. ტიხარი/ზედა შემკვრელი,გალუ4349,შავი,000016298,გალუ4337 - პროფილი. ნობელალუმინა XSEK-502 თხ. ქვედა შემკვრელი შავი,პროფილი. ნობელალუმინა XSEK-502 თხ. ქვედა შემკვრელი,გალუ4337,შავი,000016296,გალუ4349 - პროფილი. ნობელალუმინა XBF-013 თხ. ტიხარი/ზედა შემკვრელი შავი,პროფილი. ნობელალუმინა XBF-013 თხ. ტიხარი/ზედა შემკვრელი,გალუ4349,შავი,000016298,გმქნ4061 - შემაფერხებელიანი მიმმართველი ალუმინის ფასადის.  ნობელალუმინა HB01,000013473
ნადური,800,2600,500,1100,800-1400,2600-2700,"პნლა275181 - გასაგორებელი კარი ნადური, ინოქსი, 800-1400, გალუ4108",პნლა275181,ინოქსი,გალუ4108,000041668,გალუ4108 - პროფილი. ნობელალუმინა XGJB-1058P ვწ. ორმხრივი გვერდი ინოქსი,გალუ4108,პროფილი. ნობელალუმინა XGJB-1058P ვწ. ორმხრივი გვერდი,ინოქსი,000015192,გალუ4349 - პროფილი. ნობელალუმინა XBF-013 თხ. ტიხარი/ზედა შემკვრელი ინოქსი,პროფილი. ნობელალუმინა XBF-013 თხ. ტიხარი/ზედა შემკვრელი,გალუ4349,ინოქსი,000016297,გალუ4337 - პროფილი. ნობელალუმინა XSEK-502 თხ. ქვედა შემკვრელი ინოქსი,პროფილი. ნობელალუმინა XSEK-502 თხ. ქვედა შემკვრელი,გალუ4337,ინოქსი,000016295,გალუ4349 - პროფილი. ნობელალუმინა XBF-013 თხ. ტიხარი/ზედა შემკვრელი ინოქსი,პროფილი. ნობელალუმინა XBF-013 თხ. ტიხარი/ზედა შემკვრელი,გალუ4349,ინოქსი,000016297,გმქნ4061 - შემაფერხებელიანი მიმმართველი ალუმინის ფასადის.  ნობელალუმინა HB01,000013473
ნადური,800,2600,500,1100,1401-2000,2600-2700,"პნლა275199 - გასაგორებელი კარი ნადური, ინოქსი, 1401-2000, გალუ4108",პნლა275199,ინოქსი,გალუ4108,000041686,გალუ4108 - პროფილი. ნობელალუმინა XGJB-1058P ვწ. ორმხრივი გვერდი ინოქსი,გალუ4108,პროფილი. ნობელალუმინა XGJB-1058P ვწ. ორმხრივი გვერდი,ინოქსი,000015192,გალუ4349 - პროფილი. ნობელალუმინა XBF-013 თხ. ტიხარი/ზედა შემკვრელი ინოქსი,პროფილი. ნობელალუმინა XBF-013 თხ. ტიხარი/ზედა შემკვრელი,გალუ4349,ინოქსი,000016297,გალუ4337 - პროფილი. ნობელალუმინა XSEK-502 თხ. ქვედა შემკვრელი ინოქსი,პროფილი. ნობელალუმინა XSEK-502 თხ. ქვედა შემკვრელი,გალუ4337,ინოქსი,000016295,გალუ4349 - პროფილი. ნობელალუმინა XBF-013 თხ. ტიხარი/ზედა შემკვრელი ინოქსი,პროფილი. ნობელალუმინა XBF-013 თხ. ტიხარი/ზედა შემკვრელი,გალუ4349,ინოქსი,000016297,გმქნ4061 - შემაფერხებელიანი მიმმართველი ალუმინის ფასადის.  ნობელალუმინა HB01,000013473
ნადური,800,2600,500,1100,2001-2600,2600-2700,"პნლა275217 - გასაგორებელი კარი ნადური, ინოქსი, 2001-2600, გალუ4108",პნლა275217,ინოქსი,გალუ4108,000041704,გალუ4108 - პროფილი. ნობელალუმინა XGJB-1058P ვწ. ორმხრივი გვერდი ინოქსი,გალუ4108,პროფილი. ნობელალუმინა XGJB-1058P ვწ. ორმხრივი გვერდი,ინოქსი,000015192,გალუ4349 - პროფილი. ნობელალუმინა XBF-013 თხ. ტიხარი/ზედა შემკვრელი ინოქსი,პროფილი. ნობელალუმინა XBF-013 თხ. ტიხარი/ზედა შემკვრელი,გალუ4349,ინოქსი,000016297,გალუ4337 - პროფილი. ნობელალუმინა XSEK-502 თხ. ქვედა შემკვრელი ინოქსი,პროფილი. ნობელალუმინა XSEK-502 თხ. ქვედა შემკვრელი,გალუ4337,ინოქსი,000016295,გალუ4349 - პროფილი. ნობელალუმინა XBF-013 თხ. ტიხარი/ზედა შემკვრელი ინოქსი,პროფილი. ნობელალუმინა XBF-013 თხ. ტიხარი/ზედა შემკვრელი,გალუ4349,ინოქსი,000016297,გმქნ4061 - შემაფერხებელიანი მიმმართველი ალუმინის ფასადის.  ნობელალუმინა HB01,000013473
ნადური,800,2600,500,1100,800-1400,2600-2700,"პნლა275182 - გასაგორებელი კარი ნადური, შავი, 800-1400, გალუ4108",პნლა275182,ინოქსი,გალუ4108,000041669,გალუ4108 - პროფილი. ნობელალუმინა XGJB-1058P ვწ. ორმხრივი გვერდი შავი,გალუ4108,პროფილი. ნობელალუმინა XGJB-1058P ვწ. ორმხრივი გვერდი,შავი,000015193,გალუ4349 - პროფილი. ნობელალუმინა XBF-013 თხ. ტიხარი/ზედა შემკვრელი შავი,პროფილი. ნობელალუმინა XBF-013 თხ. ტიხარი/ზედა შემკვრელი,გალუ4349,შავი,000016298,გალუ4337 - პროფილი. ნობელალუმინა XSEK-502 თხ. ქვედა შემკვრელი შავი,პროფილი. ნობელალუმინა XSEK-502 თხ. ქვედა შემკვრელი,გალუ4337,შავი,000016296,გალუ4349 - პროფილი. ნობელალუმინა XBF-013 თხ. ტიხარი/ზედა შემკვრელი შავი,პროფილი. ნობელალუმინა XBF-013 თხ. ტიხარი/ზედა შემკვრელი,გალუ4349,შავი,000016298,გმქნ4061 - შემაფერხებელიანი მიმმართველი ალუმინის ფასადის.  ნობელალუმინა HB01,000013473
ნადური,800,2600,500,1100,1401-2000,2600-2700,"პნლა275200 - გასაგორებელი კარი ნადური, შავი, 1401-2000, გალუ4108",პნლა275200,ინოქსი,გალუ4108,000041687,გალუ4108 - პროფილი. ნობელალუმინა XGJB-1058P ვწ. ორმხრივი გვერდი შავი,გალუ4108,პროფილი. ნობელალუმინა XGJB-1058P ვწ. ორმხრივი გვერდი,შავი,000015193,გალუ4349 - პროფილი. ნობელალუმინა XBF-013 თხ. ტიხარი/ზედა შემკვრელი შავი,პროფილი. ნობელალუმინა XBF-013 თხ. ტიხარი/ზედა შემკვრელი,გალუ4349,შავი,000016298,გალუ4337 - პროფილი. ნობელალუმინა XSEK-502 თხ. ქვედა შემკვრელი შავი,პროფილი. ნობელალუმინა XSEK-502 თხ. ქვედა შემკვრელი,გალუ4337,შავი,000016296,გალუ4349 - პროფილი. ნობელალუმინა XBF-013 თხ. ტიხარი/ზედა შემკვრელი შავი,პროფილი. ნობელალუმინა XBF-013 თხ. ტიხარი/ზედა შემკვრელი,გალუ4349,შავი,000016298,გმქნ4061 - შემაფერხებელიანი მიმმართველი ალუმინის ფასადის.  ნობელალუმინა HB01,000013473
ნადური,800,2600,500,1100,2001-2600,2600-2700,"პნლა275218 - გასაგორებელი კარი ნადური, შავი, 2001-2600, გალუ4108",პნლა275218,ინოქსი,გალუ4108,000041705,გალუ4108 - პროფილი. ნობელალუმინა XGJB-1058P ვწ. ორმხრივი გვერდი შავი,გალუ4108,პროფილი. ნობელალუმინა XGJB-1058P ვწ. ორმხრივი გვერდი,შავი,000015193,გალუ4349 - პროფილი. ნობელალუმინა XBF-013 თხ. ტიხარი/ზედა შემკვრელი შავი,პროფილი. ნობელალუმინა XBF-013 თხ. ტიხარი/ზედა შემკვრელი,გალუ4349,შავი,000016298,გალუ4337 - პროფილი. ნობელალუმინა XSEK-502 თხ. ქვედა შემკვრელი შავი,პროფილი. ნობელალუმინა XSEK-502 თხ. ქვედა შემკვრელი,გალუ4337,შავი,000016296,გალუ4349 - პროფილი. ნობელალუმინა XBF-013 თხ. ტიხარი/ზედა შემკვრელი შავი,პროფილი. ნობელალუმინა XBF-013 თხ. ტიხარი/ზედა შემკვრელი,გალუ4349,შავი,000016298,გმქნ4061 - შემაფერხებელიანი მიმმართველი ალუმინის ფასადის.  ნობელალუმინა HB01,000013473
ნადური,800,2600,500,1100,800-1400,2600-2700,"პნლა275183 - გასაგორებელი კარი ნადური, გრაფიტი, 800-1400, გალუ4181",პნლა275183,ინოქსი,გალუ4181,000041670,გალუ4181 - პროფილი. ნობელალუმინა XGJB-1354 ორი დონე გვერდი გრაფიტი,გალუ4181,პროფილი. ნობელალუმინა XGJB-1354 ორი დონე გვერდი,გრაფიტი,000016301,გალუ4186 - პროფილი. ნობელალუმინა XGJB-1352 ორი დონე ზედა შემკვრელი გრაფიტი,პროფილი. ნობელალუმინა XGJB-1352 ორი დონე ზედა შემკვრელი,გალუ4186,გრაფიტი,000016303,გალუ4184 - პროფილი. ნობელალუმინა XGJB-1353 ორი დონე ქვედა შემკვრელი გრაფიტი,პროფილი. ნობელალუმინა XGJB-1353 ორი დონე ქვედა შემკვრელი,გალუ4184,გრაფიტი,000016302,გალუ4189 - პროფილი. ნობელალუმინა XGJB-1368P ორი დონე შიდა ტიხარი გრაფიტი,პროფილი. ნობელალუმინა XGJB-1368P ორი დონე შიდა ტიხარი,გალუ4189,გრაფიტი,000016304,გმქნ4061 - შემაფერხებელიანი მიმმართველი ალუმინის ფასადის.  ნობელალუმინა HB01,000013473
ნადური,800,2600,500,1100,1401-2000,2600-2700,"პნლა275201 - გასაგორებელი კარი ნადური, გრაფიტი, 1401-2000, გალუ4181",პნლა275201,ინოქსი,გალუ4181,000041688,გალუ4181 - პროფილი. ნობელალუმინა XGJB-1354 ორი დონე გვერდი გრაფიტი,გალუ4181,პროფილი. ნობელალუმინა XGJB-1354 ორი დონე გვერდი,გრაფიტი,000016301,გალუ4186 - პროფილი. ნობელალუმინა XGJB-1352 ორი დონე ზედა შემკვრელი გრაფიტი,პროფილი. ნობელალუმინა XGJB-1352 ორი დონე ზედა შემკვრელი,გალუ4186,გრაფიტი,000016303,გალუ4184 - პროფილი. ნობელალუმინა XGJB-1353 ორი დონე ქვედა შემკვრელი გრაფიტი,პროფილი. ნობელალუმინა XGJB-1353 ორი დონე ქვედა შემკვრელი,გალუ4184,გრაფიტი,000016302,გალუ4189 - პროფილი. ნობელალუმინა XGJB-1368P ორი დონე შიდა ტიხარი გრაფიტი,პროფილი. ნობელალუმინა XGJB-1368P ორი დონე შიდა ტიხარი,გალუ4189,გრაფიტი,000016304,გმქნ4061 - შემაფერხებელიანი მიმმართველი ალუმინის ფასადის.  ნობელალუმინა HB01,000013473
ნადური,800,2600,500,1100,2001-2600,2600-2700,"პნლა275219 - გასაგორებელი კარი ნადური, გრაფიტი, 2001-2600, გალუ4181",პნლა275219,ინოქსი,გალუ4181,000041706,გალუ4181 - პროფილი. ნობელალუმინა XGJB-1354 ორი დონე გვერდი გრაფიტი,გალუ4181,პროფილი. ნობელალუმინა XGJB-1354 ორი დონე გვერდი,გრაფიტი,000016301,გალუ4186 - პროფილი. ნობელალუმინა XGJB-1352 ორი დონე ზედა შემკვრელი გრაფიტი,პროფილი. ნობელალუმინა XGJB-1352 ორი დონე ზედა შემკვრელი,გალუ4186,გრაფიტი,000016303,გალუ4184 - პროფილი. ნობელალუმინა XGJB-1353 ორი დონე ქვედა შემკვრელი გრაფიტი,პროფილი. ნობელალუმინა XGJB-1353 ორი დონე ქვედა შემკვრელი,გალუ4184,გრაფიტი,000016302,გალუ4189 - პროფილი. ნობელალუმინა XGJB-1368P ორი დონე შიდა ტიხარი გრაფიტი,პროფილი. ნობელალუმინა XGJB-1368P ორი დონე შიდა ტიხარი,გალუ4189,გრაფიტი,000016304,გმქნ4061 - შემაფერხებელიანი მიმმართველი ალუმინის ფასადის.  ნობელალუმინა HB01,000013473
ნადური,800,2600,500,1100,800-1400,2600-2700,"პნლა275184 - გასაგორებელი კარი ნადური, სილვერი, 800-1400, გალუ4014",პნლა275184,ინოქსი,გალუ4014,000041671,გალუ4014 - პროფილი. ნობელალუმინა XBX-043P სწორი/ფიგურიანი გვერდი სილვერი,გალუ4014,პროფილი. ნობელალუმინა XBX-043P სწორი/ფიგურიანი გვერდი,სილვერი,000012321,გალუ4156 - პროფილი. ნობელალუმინა LXD-3025 თხ. ზედა შემკვრელი სილვერი,პროფილი. ნობელალუმინა LXD-3025 თხ. ზედა შემკვრელი,გალუ4156,სილვერი,000012323,გალუ4151 - პროფილი. ნობელალუმინა LXD-3027 თხ. ქვედა შემკვრელი სილვერი,პროფილი. ნობელალუმინა LXD-3027 თხ. ქვედა შემკვრელი,გალუ4151,სილვერი,000012322,გალუ4162 - პროფილი. ნობელალუმინა LXD-3026 თხ. შიდა ტიხარი სილვერი,პროფილი. ნობელალუმინა LXD-3026 თხ. შიდა ტიხარი,გალუ4162,სილვერი,000012324,გმქნ4061 - შემაფერხებელიანი მიმმართველი ალუმინის ფასადის.  ნობელალუმინა HB01,000013473
ნადური,800,2600,500,1100,1401-2000,2600-2700,"პნლა275202 - გასაგორებელი კარი ნადური, სილვერი, 1401-2000, გალუ4014",პნლა275202,ინოქსი,გალუ4014,000041689,გალუ4014 - პროფილი. ნობელალუმინა XBX-043P სწორი/ფიგურიანი გვერდი სილვერი,გალუ4014,პროფილი. ნობელალუმინა XBX-043P სწორი/ფიგურიანი გვერდი,სილვერი,000012321,გალუ4156 - პროფილი. ნობელალუმინა LXD-3025 თხ. ზედა შემკვრელი სილვერი,პროფილი. ნობელალუმინა LXD-3025 თხ. ზედა შემკვრელი,გალუ4156,სილვერი,000012323,გალუ4151 - პროფილი. ნობელალუმინა LXD-3027 თხ. ქვედა შემკვრელი სილვერი,პროფილი. ნობელალუმინა LXD-3027 თხ. ქვედა შემკვრელი,გალუ4151,სილვერი,000012322,გალუ4162 - პროფილი. ნობელალუმინა LXD-3026 თხ. შიდა ტიხარი სილვერი,პროფილი. ნობელალუმინა LXD-3026 თხ. შიდა ტიხარი,გალუ4162,სილვერი,000012324,გმქნ4061 - შემაფერხებელიანი მიმმართველი ალუმინის ფასადის.  ნობელალუმინა HB01,000013473
ნადური,800,2600,500,1100,2001-2600,2600-2700,"პნლა275220 - გასაგორებელი კარი ნადური, სილვერი, 2001-2600, გალუ4014",პნლა275220,ინოქსი,გალუ4014,000041707,გალუ4014 - პროფილი. ნობელალუმინა XBX-043P სწორი/ფიგურიანი გვერდი სილვერი,გალუ4014,პროფილი. ნობელალუმინა XBX-043P სწორი/ფიგურიანი გვერდი,სილვერი,000012321,გალუ4156 - პროფილი. ნობელალუმინა LXD-3025 თხ. ზედა შემკვრელი სილვერი,პროფილი. ნობელალუმინა LXD-3025 თხ. ზედა შემკვრელი,გალუ4156,სილვერი,000012323,გალუ4151 - პროფილი. ნობელალუმინა LXD-3027 თხ. ქვედა შემკვრელი სილვერი,პროფილი. ნობელალუმინა LXD-3027 თხ. ქვედა შემკვრელი,გალუ4151,სილვერი,000012322,გალუ4162 - პროფილი. ნობელალუმინა LXD-3026 თხ. შიდა ტიხარი სილვერი,პროფილი. ნობელალუმინა LXD-3026 თხ. შიდა ტიხარი,გალუ4162,სილვერი,000012324,გმქნ4061 - შემაფერხებელიანი მიმმართველი ალუმინის ფასადის.  ნობელალუმინა HB01,000013473
ნადური,800,2600,500,1100,800-1400,2600-2700,"პნლა275185 - გასაგორებელი კარი ნადური, ინოქსი, 800-1400, გალუ4014",პნლა275185,ინოქსი,გალუ4014,000041672,გალუ4014 - პროფილი. ნობელალუმინა XBX-043P სწორი/ფიგურიანი გვერდი ინოქსი,გალუ4014,პროფილი. ნობელალუმინა XBX-043P სწორი/ფიგურიანი გვერდი,ინოქსი,000016288,გალუ4349 - პროფილი. ნობელალუმინა XBF-013 თხ. ტიხარი/ზედა შემკვრელი ინოქსი,პროფილი. ნობელალუმინა XBF-013 თხ. ტიხარი/ზედა შემკვრელი,გალუ4349,ინოქსი,000016297,გალუ4337 - პროფილი. ნობელალუმინა XSEK-502 თხ. ქვედა შემკვრელი ინოქსი,პროფილი. ნობელალუმინა XSEK-502 თხ. ქვედა შემკვრელი,გალუ4337,ინოქსი,000016295,გალუ4349 - პროფილი. ნობელალუმინა XBF-013 თხ. ტიხარი/ზედა შემკვრელი ინოქსი,პროფილი. ნობელალუმინა XBF-013 თხ. ტიხარი/ზედა შემკვრელი,გალუ4349,ინოქსი,000016297,გმქნ4061 - შემაფერხებელიანი მიმმართველი ალუმინის ფასადის.  ნობელალუმინა HB01,000013473
ნადური,800,2600,500,1100,1401-2000,2600-2700,"პნლა275203 - გასაგორებელი კარი ნადური, ინოქსი, 1401-2000, გალუ4014",პნლა275203,ინოქსი,გალუ4014,000041690,გალუ4014 - პროფილი. ნობელალუმინა XBX-043P სწორი/ფიგურიანი გვერდი ინოქსი,გალუ4014,პროფილი. ნობელალუმინა XBX-043P სწორი/ფიგურიანი გვერდი,ინოქსი,000016288,გალუ4349 - პროფილი. ნობელალუმინა XBF-013 თხ. ტიხარი/ზედა შემკვრელი ინოქსი,პროფილი. ნობელალუმინა XBF-013 თხ. ტიხარი/ზედა შემკვრელი,გალუ4349,ინოქსი,000016297,გალუ4337 - პროფილი. ნობელალუმინა XSEK-502 თხ. ქვედა შემკვრელი ინოქსი,პროფილი. ნობელალუმინა XSEK-502 თხ. ქვედა შემკვრელი,გალუ4337,ინოქსი,000016295,გალუ4349 - პროფილი. ნობელალუმინა XBF-013 თხ. ტიხარი/ზედა შემკვრელი ინოქსი,პროფილი. ნობელალუმინა XBF-013 თხ. ტიხარი/ზედა შემკვრელი,გალუ4349,ინოქსი,000016297,გმქნ4061 - შემაფერხებელიანი მიმმართველი ალუმინის ფასადის.  ნობელალუმინა HB01,000013473
ნადური,800,2600,500,1100,2001-2600,2600-2700,"პნლა275221 - გასაგორებელი კარი ნადური, ინოქსი, 2001-2600, გალუ4014",პნლა275221,ინოქსი,გალუ4014,000041708,გალუ4014 - პროფილი. ნობელალუმინა XBX-043P სწორი/ფიგურიანი გვერდი ინოქსი,გალუ4014,პროფილი. ნობელალუმინა XBX-043P სწორი/ფიგურიანი გვერდი,ინოქსი,000016288,გალუ4349 - პროფილი. ნობელალუმინა XBF-013 თხ. ტიხარი/ზედა შემკვრელი ინოქსი,პროფილი. ნობელალუმინა XBF-013 თხ. ტიხარი/ზედა შემკვრელი,გალუ4349,ინოქსი,000016297,გალუ4337 - პროფილი. ნობელალუმინა XSEK-502 თხ. ქვედა შემკვრელი ინოქსი,პროფილი. ნობელალუმინა XSEK-502 თხ. ქვედა შემკვრელი,გალუ4337,ინოქსი,000016295,გალუ4349 - პროფილი. ნობელალუმინა XBF-013 თხ. ტიხარი/ზედა შემკვრელი ინოქსი,პროფილი. ნობელალუმინა XBF-013 თხ. ტიხარი/ზედა შემკვრელი,გალუ4349,ინოქსი,000016297,გმქნ4061 - შემაფერხებელიანი მიმმართველი ალუმინის ფასადის.  ნობელალუმინა HB01,000013473
ნადური,800,2600,500,1100,800-1400,2600-2700,"პნლა275186 - გასაგორებელი კარი ნადური, ინოქსი, 800-1400, გალუ4206",პნლა275186,ინოქსი,გალუ4206,000041674,გალუ4206 - პროფილი. ნობელალუმინა XGJB-618P შტ. ფასადის გვერდი ინოქსი,გალუ4206,პროფილი. ნობელალუმინა XGJB-618P შტ. ფასადის გვერდი,ინოქსი,000016289,გალუ4226 - პროფილი. ნობელალუმინა XGJB-619P შტ. ზედა შემკვრელი ინოქსი,პროფილი. ნობელალუმინა XGJB-619P შტ. ზედა შემკვრელი,გალუ4226,ინოქსი,000016293,გალუ4221 - პროფილი. ნობელალუმინა XGJB-619AP შტ. ქვედა შემკვრელი ინოქსი,პროფილი. ნობელალუმინა XGJB-619AP შტ. ქვედა შემკვრელი,გალუ4221,ინოქსი,000016291,გალუ4226 - პროფილი. ნობელალუმინა XGJB-619P შტ. ზედა შემკვრელი ინოქსი,პროფილი. ნობელალუმინა XGJB-619P შტ. ზედა შემკვრელი,გალუ4226,ინოქსი,000016293,გმქნ4061 - შემაფერხებელიანი მიმმართველი ალუმინის ფასადის.  ნობელალუმინა HB01,000013473
ნადური,800,2600,500,1100,1401-2000,2600-2700,"პნლა275204 - გასაგორებელი კარი ნადური, ინოქსი, 1401-2000, გალუ4206",პნლა275204,ინოქსი,გალუ4206,000041691,გალუ4206 - პროფილი. ნობელალუმინა XGJB-618P შტ. ფასადის გვერდი ინოქსი,გალუ4206,პროფილი. ნობელალუმინა XGJB-618P შტ. ფასადის გვერდი,ინოქსი,000016289,გალუ4226 - პროფილი. ნობელალუმინა XGJB-619P შტ. ზედა შემკვრელი ინოქსი,პროფილი. ნობელალუმინა XGJB-619P შტ. ზედა შემკვრელი,გალუ4226,ინოქსი,000016293,გალუ4221 - პროფილი. ნობელალუმინა XGJB-619AP შტ. ქვედა შემკვრელი ინოქსი,პროფილი. ნობელალუმინა XGJB-619AP შტ. ქვედა შემკვრელი,გალუ4221,ინოქსი,000016291,გალუ4226 - პროფილი. ნობელალუმინა XGJB-619P შტ. ზედა შემკვრელი ინოქსი,პროფილი. ნობელალუმინა XGJB-619P შტ. ზედა შემკვრელი,გალუ4226,ინოქსი,000016293,გმქნ4061 - შემაფერხებელიანი მიმმართველი ალუმინის ფასადის.  ნობელალუმინა HB01,000013473
ნადური,800,2600,500,1100,2001-2600,2600-2700,"პნლა275222 - გასაგორებელი კარი ნადური, ინოქსი, 2001-2600, გალუ4206",პნლა275222,ინოქსი,გალუ4206,000041709,გალუ4206 - პროფილი. ნობელალუმინა XGJB-618P შტ. ფასადის გვერდი ინოქსი,გალუ4206,პროფილი. ნობელალუმინა XGJB-618P შტ. ფასადის გვერდი,ინოქსი,000016289,გალუ4226 - პროფილი. ნობელალუმინა XGJB-619P შტ. ზედა შემკვრელი ინოქსი,პროფილი. ნობელალუმინა XGJB-619P შტ. ზედა შემკვრელი,გალუ4226,ინოქსი,000016293,გალუ4221 - პროფილი. ნობელალუმინა XGJB-619AP შტ. ქვედა შემკვრელი ინოქსი,პროფილი. ნობელალუმინა XGJB-619AP შტ. ქვედა შემკვრელი,გალუ4221,ინოქსი,000016291,გალუ4226 - პროფილი. ნობელალუმინა XGJB-619P შტ. ზედა შემკვრელი ინოქსი,პროფილი. ნობელალუმინა XGJB-619P შტ. ზედა შემკვრელი,გალუ4226,ინოქსი,000016293,გმქნ4061 - შემაფერხებელიანი მიმმართველი ალუმინის ფასადის.  ნობელალუმინა HB01,000013473
ნადური,800,2600,500,1100,800-1400,2600-2700,"პნლა275187 - გასაგორებელი კარი ნადური, შავი, 800-1400, გალუ4206",პნლა275187,ინოქსი,გალუ4206,000041673,გალუ4206 - პროფილი. ნობელალუმინა XGJB-618P შტ. ფასადის გვერდი შავი,გალუ4206,პროფილი. ნობელალუმინა XGJB-618P შტ. ფასადის გვერდი,შავი,000016290,გალუ4226 - პროფილი. ნობელალუმინა XGJB-619P შტ. ზედა შემკვრელი შავი,პროფილი. ნობელალუმინა XGJB-619P შტ. ზედა შემკვრელი,გალუ4226,შავი,000016294,გალუ4221 - პროფილი. ნობელალუმინა XGJB-619AP შტ. ქვედა შემკვრელი შავი,პროფილი. ნობელალუმინა XGJB-619AP შტ. ქვედა შემკვრელი,გალუ4221,შავი,000016292,გალუ4226 - პროფილი. ნობელალუმინა XGJB-619P შტ. ზედა შემკვრელი შავი,პროფილი. ნობელალუმინა XGJB-619P შტ. ზედა შემკვრელი,გალუ4226,შავი,000016294,გმქნ4061 - შემაფერხებელიანი მიმმართველი ალუმინის ფასადის.  ნობელალუმინა HB01,000013473
ნადური,800,2600,500,1100,1401-2000,2600-2700,"პნლა275205 - გასაგორებელი კარი ნადური, შავი, 1401-2000, გალუ4206",პნლა275205,ინოქსი,გალუ4206,000041692,გალუ4206 - პროფილი. ნობელალუმინა XGJB-618P შტ. ფასადის გვერდი შავი,გალუ4206,პროფილი. ნობელალუმინა XGJB-618P შტ. ფასადის გვერდი,შავი,000016290,გალუ4226 - პროფილი. ნობელალუმინა XGJB-619P შტ. ზედა შემკვრელი შავი,პროფილი. ნობელალუმინა XGJB-619P შტ. ზედა შემკვრელი,გალუ4226,შავი,000016294,გალუ4221 - პროფილი. ნობელალუმინა XGJB-619AP შტ. ქვედა შემკვრელი შავი,პროფილი. ნობელალუმინა XGJB-619AP შტ. ქვედა შემკვრელი,გალუ4221,შავი,000016292,გალუ4226 - პროფილი. ნობელალუმინა XGJB-619P შტ. ზედა შემკვრელი შავი,პროფილი. ნობელალუმინა XGJB-619P შტ. ზედა შემკვრელი,გალუ4226,შავი,000016294,გმქნ4061 - შემაფერხებელიანი მიმმართველი ალუმინის ფასადის.  ნობელალუმინა HB01,000013473
ნადური,800,2600,500,1100,2001-2600,2600-2700,"პნლა275223 - გასაგორებელი კარი ნადური, შავი, 2001-2600, გალუ4206",პნლა275223,ინოქსი,გალუ4206,000041710,გალუ4206 - პროფილი. ნობელალუმინა XGJB-618P შტ. ფასადის გვერდი შავი,გალუ4206,პროფილი. ნობელალუმინა XGJB-618P შტ. ფასადის გვერდი,შავი,000016290,გალუ4226 - პროფილი. ნობელალუმინა XGJB-619P შტ. ზედა შემკვრელი შავი,პროფილი. ნობელალუმინა XGJB-619P შტ. ზედა შემკვრელი,გალუ4226,შავი,000016294,გალუ4221 - პროფილი. ნობელალუმინა XGJB-619AP შტ. ქვედა შემკვრელი შავი,პროფილი. ნობელალუმინა XGJB-619AP შტ. ქვედა შემკვრელი,გალუ4221,შავი,000016292,გალუ4226 - პროფილი. ნობელალუმინა XGJB-619P შტ. ზედა შემკვრელი შავი,პროფილი. ნობელალუმინა XGJB-619P შტ. ზედა შემკვრელი,გალუ4226,შავი,000016294,გმქნ4061 - შემაფერხებელიანი მიმმართველი ალუმინის ფასადის.  ნობელალუმინა HB01,000013473
ნადური,800,2600,500,1100,800-1400,2600-2700,"პნლა275188 - გასაგორებელი კარი ნადური, ინოქსი, 800-1400, გალუ4323",პნლა275188,ინოქსი,გალუ4323,000041675,გალუ4323 - პროფილი. ნობელალუმინა ZJB-715 შემკვრელი გვერდი ინოქსი,გალუ4323,პროფილი. ნობელალუმინა ZJB-715 შემკვრელი გვერდი,ინოქსი,000015211,გალუ4349 - პროფილი. ნობელალუმინა XBF-013 თხ. ტიხარი/ზედა შემკვრელი ინოქსი,პროფილი. ნობელალუმინა XBF-013 თხ. ტიხარი/ზედა შემკვრელი,გალუ4349,ინოქსი,000016297,გალუ4337 - პროფილი. ნობელალუმინა XSEK-502 თხ. ქვედა შემკვრელი ინოქსი,პროფილი. ნობელალუმინა XSEK-502 თხ. ქვედა შემკვრელი,გალუ4337,ინოქსი,000016295,გალუ4349 - პროფილი. ნობელალუმინა XBF-013 თხ. ტიხარი/ზედა შემკვრელი ინოქსი,პროფილი. ნობელალუმინა XBF-013 თხ. ტიხარი/ზედა შემკვრელი,გალუ4349,ინოქსი,000016297,გმქნ4061 - შემაფერხებელიანი მიმმართველი ალუმინის ფასადის.  ნობელალუმინა HB01,000013473
ნადური,800,2600,500,1100,1401-2000,2600-2700,"პნლა275206 - გასაგორებელი კარი ნადური, ინოქსი, 1401-2000, გალუ4323",პნლა275206,ინოქსი,გალუ4323,000041693,გალუ4323 - პროფილი. ნობელალუმინა ZJB-715 შემკვრელი გვერდი ინოქსი,გალუ4323,პროფილი. ნობელალუმინა ZJB-715 შემკვრელი გვერდი,ინოქსი,000015211,გალუ4349 - პროფილი. ნობელალუმინა XBF-013 თხ. ტიხარი/ზედა შემკვრელი ინოქსი,პროფილი. ნობელალუმინა XBF-013 თხ. ტიხარი/ზედა შემკვრელი,გალუ4349,ინოქსი,000016297,გალუ4337 - პროფილი. ნობელალუმინა XSEK-502 თხ. ქვედა შემკვრელი ინოქსი,პროფილი. ნობელალუმინა XSEK-502 თხ. ქვედა შემკვრელი,გალუ4337,ინოქსი,000016295,გალუ4349 - პროფილი. ნობელალუმინა XBF-013 თხ. ტიხარი/ზედა შემკვრელი ინოქსი,პროფილი. ნობელალუმინა XBF-013 თხ. ტიხარი/ზედა შემკვრელი,გალუ4349,ინოქსი,000016297,გმქნ4061 - შემაფერხებელიანი მიმმართველი ალუმინის ფასადის.  ნობელალუმინა HB01,000013473
ნადური,800,2600,500,1100,2001-2600,2600-2700,"პნლა275224 - გასაგორებელი კარი ნადური, ინოქსი, 2001-2600, გალუ4323",პნლა275224,ინოქსი,გალუ4323,000041711,გალუ4323 - პროფილი. ნობელალუმინა ZJB-715 შემკვრელი გვერდი ინოქსი,გალუ4323,პროფილი. ნობელალუმინა ZJB-715 შემკვრელი გვერდი,ინოქსი,000015211,გალუ4349 - პროფილი. ნობელალუმინა XBF-013 თხ. ტიხარი/ზედა შემკვრელი ინოქსი,პროფილი. ნობელალუმინა XBF-013 თხ. ტიხარი/ზედა შემკვრელი,გალუ4349,ინოქსი,000016297,გალუ4337 - პროფილი. ნობელალუმინა XSEK-502 თხ. ქვედა შემკვრელი ინოქსი,პროფილი. ნობელალუმინა XSEK-502 თხ. ქვედა შემკვრელი,გალუ4337,ინოქსი,000016295,გალუ4349 - პროფილი. ნობელალუმინა XBF-013 თხ. ტიხარი/ზედა შემკვრელი ინოქსი,პროფილი. ნობელალუმინა XBF-013 თხ. ტიხარი/ზედა შემკვრელი,გალუ4349,ინოქსი,000016297,გმქნ4061 - შემაფერხებელიანი მიმმართველი ალუმინის ფასადის.  ნობელალუმინა HB01,000013473
ნადური,800,2600,500,1100,800-1400,2600-2700,"პნლა275189 - გასაგორებელი კარი ნადური, შავი, 800-1400, გალუ4323",პნლა275189,ინოქსი,გალუ4323,000041676,გალუ4323 - პროფილი. ნობელალუმინა ZJB-715 შემკვრელი გვერდი შავი,გალუ4323,პროფილი. ნობელალუმინა ZJB-715 შემკვრელი გვერდი,შავი,000015212,გალუ4349 - პროფილი. ნობელალუმინა XBF-013 თხ. ტიხარი/ზედა შემკვრელი შავი,პროფილი. ნობელალუმინა XBF-013 თხ. ტიხარი/ზედა შემკვრელი,გალუ4349,შავი,000016298,გალუ4337 - პროფილი. ნობელალუმინა XSEK-502 თხ. ქვედა შემკვრელი შავი,პროფილი. ნობელალუმინა XSEK-502 თხ. ქვედა შემკვრელი,გალუ4337,შავი,000016296,გალუ4349 - პროფილი. ნობელალუმინა XBF-013 თხ. ტიხარი/ზედა შემკვრელი შავი,პროფილი. ნობელალუმინა XBF-013 თხ. ტიხარი/ზედა შემკვრელი,გალუ4349,შავი,000016298,გმქნ4061 - შემაფერხებელიანი მიმმართველი ალუმინის ფასადის.  ნობელალუმინა HB01,000013473
ნადური,800,2600,500,1100,1401-2000,2600-2700,"პნლა275207 - გასაგორებელი კარი ნადური, შავი, 1401-2000, გალუ4323",პნლა275207,ინოქსი,გალუ4323,000041694,გალუ4323 - პროფილი. ნობელალუმინა ZJB-715 შემკვრელი გვერდი შავი,გალუ4323,პროფილი. ნობელალუმინა ZJB-715 შემკვრელი გვერდი,შავი,000015212,გალუ4349 - პროფილი. ნობელალუმინა XBF-013 თხ. ტიხარი/ზედა შემკვრელი შავი,პროფილი. ნობელალუმინა XBF-013 თხ. ტიხარი/ზედა შემკვრელი,გალუ4349,შავი,000016298,გალუ4337 - პროფილი. ნობელალუმინა XSEK-502 თხ. ქვედა შემკვრელი შავი,პროფილი. ნობელალუმინა XSEK-502 თხ. ქვედა შემკვრელი,გალუ4337,შავი,000016296,გალუ4349 - პროფილი. ნობელალუმინა XBF-013 თხ. ტიხარი/ზედა შემკვრელი შავი,პროფილი. ნობელალუმინა XBF-013 თხ. ტიხარი/ზედა შემკვრელი,გალუ4349,შავი,000016298,გმქნ4061 - შემაფერხებელიანი მიმმართველი ალუმინის ფასადის.  ნობელალუმინა HB01,000013473
ნადური,800,2600,500,1100,2001-2600,2600-2700,"პნლა275225 - გასაგორებელი კარი ნადური, შავი, 2001-2600, გალუ4323",პნლა275225,ინოქსი,გალუ4323,000041712,გალუ4323 - პროფილი. ნობელალუმინა ZJB-715 შემკვრელი გვერდი შავი,გალუ4323,პროფილი. ნობელალუმინა ZJB-715 შემკვრელი გვერდი,შავი,000015212,გალუ4349 - პროფილი. ნობელალუმინა XBF-013 თხ. ტიხარი/ზედა შემკვრელი შავი,პროფილი. ნობელალუმინა XBF-013 თხ. ტიხარი/ზედა შემკვრელი,გალუ4349,შავი,000016298,გალუ4337 - პროფილი. ნობელალუმინა XSEK-502 თხ. ქვედა შემკვრელი შავი,პროფილი. ნობელალუმინა XSEK-502 თხ. ქვედა შემკვრელი,გალუ4337,შავი,000016296,გალუ4349 - პროფილი. ნობელალუმინა XBF-013 თხ. ტიხარი/ზედა შემკვრელი შავი,პროფილი. ნობელალუმინა XBF-013 თხ. ტიხარი/ზედა შემკვრელი,გალუ4349,შავი,000016298,გმქნ4061 - შემაფერხებელიანი მიმმართველი ალუმინის ფასადის.  ნობელალუმინა HB01,000013473
ნადური,800,2600,500,1100,800-1400,2600-2700,"პნლა275190 - გასაგორებელი კარი ნადური, ინოქსი, 800-1400, გალუ4355",პნლა275190,ინოქსი,გალუ4355,000041677,გალუ4355 - პროფილი. ნობელალუმინა LWY-002 ფასადის გვერდი ინოქსი,გალუ4355,პროფილი. ნობელალუმინა LWY-002 ფასადის გვერდი,ინოქსი,000016300,გალუ4349 - პროფილი. ნობელალუმინა XBF-013 თხ. ტიხარი/ზედა შემკვრელი ინოქსი,პროფილი. ნობელალუმინა XBF-013 თხ. ტიხარი/ზედა შემკვრელი,გალუ4349,ინოქსი,000016297,გალუ4337 - პროფილი. ნობელალუმინა XSEK-502 თხ. ქვედა შემკვრელი ინოქსი,პროფილი. ნობელალუმინა XSEK-502 თხ. ქვედა შემკვრელი,გალუ4337,ინოქსი,000016295,გალუ4349 - პროფილი. ნობელალუმინა XBF-013 თხ. ტიხარი/ზედა შემკვრელი ინოქსი,პროფილი. ნობელალუმინა XBF-013 თხ. ტიხარი/ზედა შემკვრელი,გალუ4349,ინოქსი,000016297,გმქნ4061 - შემაფერხებელიანი მიმმართველი ალუმინის ფასადის.  ნობელალუმინა HB01,000013473
ნადური,800,2600,500,1100,1401-2000,2600-2700,"პნლა275208 - გასაგორებელი კარი ნადური, ინოქსი, 1401-2000, გალუ4355",პნლა275208,ინოქსი,გალუ4355,000041695,გალუ4355 - პროფილი. ნობელალუმინა LWY-002 ფასადის გვერდი ინოქსი,გალუ4355,პროფილი. ნობელალუმინა LWY-002 ფასადის გვერდი,ინოქსი,000016300,გალუ4349 - პროფილი. ნობელალუმინა XBF-013 თხ. ტიხარი/ზედა შემკვრელი ინოქსი,პროფილი. ნობელალუმინა XBF-013 თხ. ტიხარი/ზედა შემკვრელი,გალუ4349,ინოქსი,000016297,გალუ4337 - პროფილი. ნობელალუმინა XSEK-502 თხ. ქვედა შემკვრელი ინოქსი,პროფილი. ნობელალუმინა XSEK-502 თხ. ქვედა შემკვრელი,გალუ4337,ინოქსი,000016295,გალუ4349 - პროფილი. ნობელალუმინა XBF-013 თხ. ტიხარი/ზედა შემკვრელი ინოქსი,პროფილი. ნობელალუმინა XBF-013 თხ. ტიხარი/ზედა შემკვრელი,გალუ4349,ინოქსი,000016297,გმქნ4061 - შემაფერხებელიანი მიმმართველი ალუმინის ფასადის.  ნობელალუმინა HB01,000013473
ნადური,800,2600,500,1100,2001-2600,2600-2700,"პნლა275226 - გასაგორებელი კარი ნადური, ინოქსი, 2001-2600, გალუ4355",პნლა275226,ინოქსი,გალუ4355,000041713,გალუ4355 - პროფილი. ნობელალუმინა LWY-002 ფასადის გვერდი ინოქსი,გალუ4355,პროფილი. ნობელალუმინა LWY-002 ფასადის გვერდი,ინოქსი,000016300,გალუ4349 - პროფილი. ნობელალუმინა XBF-013 თხ. ტიხარი/ზედა შემკვრელი ინოქსი,პროფილი. ნობელალუმინა XBF-013 თხ. ტიხარი/ზედა შემკვრელი,გალუ4349,ინოქსი,000016297,გალუ4337 - პროფილი. ნობელალუმინა XSEK-502 თხ. ქვედა შემკვრელი ინოქსი,პროფილი. ნობელალუმინა XSEK-502 თხ. ქვედა შემკვრელი,გალუ4337,ინოქსი,000016295,გალუ4349 - პროფილი. ნობელალუმინა XBF-013 თხ. ტიხარი/ზედა შემკვრელი ინოქსი,პროფილი. ნობელალუმინა XBF-013 თხ. ტიხარი/ზედა შემკვრელი,გალუ4349,ინოქსი,000016297,გმქნ4061 - შემაფერხებელიანი მიმმართველი ალუმინის ფასადის.  ნობელალუმინა HB01,000013473
ნადური,800,2600,500,1100,800-1400,2600-2700,"პნლა275191 - გასაგორებელი კარი ნადური, შავი, 800-1400, გალუ4355",პნლა275191,ინოქსი,გალუ4355,000041678,გალუ4355 - პროფილი. ნობელალუმინა LWY-002 ფასადის გვერდი შავი,გალუ4355,პროფილი. ნობელალუმინა LWY-002 ფასადის გვერდი,შავი,000016299,გალუ4349 - პროფილი. ნობელალუმინა XBF-013 თხ. ტიხარი/ზედა შემკვრელი შავი,პროფილი. ნობელალუმინა XBF-013 თხ. ტიხარი/ზედა შემკვრელი,გალუ4349,შავი,000016298,გალუ4337 - პროფილი. ნობელალუმინა XSEK-502 თხ. ქვედა შემკვრელი შავი,პროფილი. ნობელალუმინა XSEK-502 თხ. ქვედა შემკვრელი,გალუ4337,შავი,000016296,გალუ4349 - პროფილი. ნობელალუმინა XBF-013 თხ. ტიხარი/ზედა შემკვრელი შავი,პროფილი. ნობელალუმინა XBF-013 თხ. ტიხარი/ზედა შემკვრელი,გალუ4349,შავი,000016298,გმქნ4061 - შემაფერხებელიანი მიმმართველი ალუმინის ფასადის.  ნობელალუმინა HB01,000013473
ნადური,800,2600,500,1100,1401-2000,2600-2700,"პნლა275209 - გასაგორებელი კარი ნადური, შავი, 1401-2000, გალუ4355",პნლა275209,ინოქსი,გალუ4355,000041696,გალუ4355 - პროფილი. ნობელალუმინა LWY-002 ფასადის გვერდი შავი,გალუ4355,პროფილი. ნობელალუმინა LWY-002 ფასადის გვერდი,შავი,000016299,გალუ4349 - პროფილი. ნობელალუმინა XBF-013 თხ. ტიხარი/ზედა შემკვრელი შავი,პროფილი. ნობელალუმინა XBF-013 თხ. ტიხარი/ზედა შემკვრელი,გალუ4349,შავი,000016298,გალუ4337 - პროფილი. ნობელალუმინა XSEK-502 თხ. ქვედა შემკვრელი შავი,პროფილი. ნობელალუმინა XSEK-502 თხ. ქვედა შემკვრელი,გალუ4337,შავი,000016296,გალუ4349 - პროფილი. ნობელალუმინა XBF-013 თხ. ტიხარი/ზედა შემკვრელი შავი,პროფილი. ნობელალუმინა XBF-013 თხ. ტიხარი/ზედა შემკვრელი,გალუ4349,შავი,000016298,გმქნ4061 - შემაფერხებელიანი მიმმართველი ალუმინის ფასადის.  ნობელალუმინა HB01,000013473
ნადური,800,2600,500,1100,2001-2600,2600-2700,"პნლა275227 - გასაგორებელი კარი ნადური, შავი, 2001-2600, გალუ4355",პნლა275227,ინოქსი,გალუ4355,000041714,გალუ4355 - პროფილი. ნობელალუმინა LWY-002 ფასადის გვერდი შავი,გალუ4355,პროფილი. ნობელალუმინა LWY-002 ფასადის გვერდი,შავი,000016299,გალუ4349 - პროფილი. ნობელალუმინა XBF-013 თხ. ტიხარი/ზედა შემკვრელი შავი,პროფილი. ნობელალუმინა XBF-013 თხ. ტიხარი/ზედა შემკვრელი,გალუ4349,შავი,000016298,გალუ4337 - პროფილი. ნობელალუმინა XSEK-502 თხ. ქვედა შემკვრელი შავი,პროფილი. ნობელალუმინა XSEK-502 თხ. ქვედა შემკვრელი,გალუ4337,შავი,000016296,გალუ4349 - პროფილი. ნობელალუმინა XBF-013 თხ. ტიხარი/ზედა შემკვრელი შავი,პროფილი. ნობელალუმინა XBF-013 თხ. ტიხარი/ზედა შემკვრელი,გალუ4349,შავი,000016298,გმქნ4061 - შემაფერხებელიანი მიმმართველი ალუმინის ფასადის.  ნობელალუმინა HB01,000013473
ნადური,800,2600,500,1100,800-1400,2600-2700,"პნლა275192 - გასაგორებელი კარი ნადური, ინოქსი, 800-1400, გალუ4111",პნლა275192,ინოქსი,გალუ4111,000041679,გალუ4111 - პროფილი. ნობელალუმინა XGJB-629 ვწ. ფასადის გვერდი ინოქსი,გალუ4111,პროფილი. ნობელალუმინა XGJB-629 ვწ. ფასადის გვერდი,ინოქსი,000015194,გალუ4126 - პროფილი. ნობელალუმინა XGJB-340 ვწ. ზედა შემკვრელი ინოქსი,პროფილი. ნობელალუმინა XGJB-340 ვწ. ზედა შემკვრელი,გალუ4126,ინოქსი,000015198,გალუ4121 - პროფილი. ნობელალუმინა XGJB-339 ვწ. ქვედა შემკვრელი ინოქსი,პროფილი. ნობელალუმინა XGJB-339 ვწ. ქვედა შემკვრელი,გალუ4121,ინოქსი,000015196,გალუ4132 - პროფილი. ნობელალუმინა XGJB-341P ვწ. შიდა ტიხარი ინოქსი,პროფილი. ნობელალუმინა XGJB-341P ვწ. შიდა ტიხარი,გალუ4132,ინოქსი,000015200,გმქნ4061 - შემაფერხებელიანი მიმმართველი ალუმინის ფასადის.  ნობელალუმინა HB01,000013473
ნადური,800,2600,500,1100,1401-2000,2600-2700,"პნლა275210 - გასაგორებელი კარი ნადური, ინოქსი, 1401-2000, გალუ4111",პნლა275210,ინოქსი,გალუ4111,000041698,გალუ4111 - პროფილი. ნობელალუმინა XGJB-629 ვწ. ფასადის გვერდი ინოქსი,გალუ4111,პროფილი. ნობელალუმინა XGJB-629 ვწ. ფასადის გვერდი,ინოქსი,000015194,გალუ4126 - პროფილი. ნობელალუმინა XGJB-340 ვწ. ზედა შემკვრელი ინოქსი,პროფილი. ნობელალუმინა XGJB-340 ვწ. ზედა შემკვრელი,გალუ4126,ინოქსი,000015198,გალუ4121 - პროფილი. ნობელალუმინა XGJB-339 ვწ. ქვედა შემკვრელი ინოქსი,პროფილი. ნობელალუმინა XGJB-339 ვწ. ქვედა შემკვრელი,გალუ4121,ინოქსი,000015196,გალუ4132 - პროფილი. ნობელალუმინა XGJB-341P ვწ. შიდა ტიხარი ინოქსი,პროფილი. ნობელალუმინა XGJB-341P ვწ. შიდა ტიხარი,გალუ4132,ინოქსი,000015200,გმქნ4061 - შემაფერხებელიანი მიმმართველი ალუმინის ფასადის.  ნობელალუმინა HB01,000013473
ნადური,800,2600,500,1100,2001-2600,2600-2700,"პნლა275228 - გასაგორებელი კარი ნადური, ინოქსი, 2001-2600, გალუ4111",პნლა275228,ინოქსი,გალუ4111,000041715,გალუ4111 - პროფილი. ნობელალუმინა XGJB-629 ვწ. ფასადის გვერდი ინოქსი,გალუ4111,პროფილი. ნობელალუმინა XGJB-629 ვწ. ფასადის გვერდი,ინოქსი,000015194,გალუ4126 - პროფილი. ნობელალუმინა XGJB-340 ვწ. ზედა შემკვრელი ინოქსი,პროფილი. ნობელალუმინა XGJB-340 ვწ. ზედა შემკვრელი,გალუ4126,ინოქსი,000015198,გალუ4121 - პროფილი. ნობელალუმინა XGJB-339 ვწ. ქვედა შემკვრელი ინოქსი,პროფილი. ნობელალუმინა XGJB-339 ვწ. ქვედა შემკვრელი,გალუ4121,ინოქსი,000015196,გალუ4132 - პროფილი. ნობელალუმინა XGJB-341P ვწ. შიდა ტიხარი ინოქსი,პროფილი. ნობელალუმინა XGJB-341P ვწ. შიდა ტიხარი,გალუ4132,ინოქსი,000015200,გმქნ4061 - შემაფერხებელიანი მიმმართველი ალუმინის ფასადის.  ნობელალუმინა HB01,000013473
ნადური,800,2600,500,1100,800-1400,2600-2700,"პნლა275193 - გასაგორებელი კარი ნადური, შავი, 800-1400, გალუ4111",პნლა275193,ინოქსი,გალუ4111,000041680,გალუ4111 - პროფილი. ნობელალუმინა XGJB-629 ვწ. ფასადის გვერდი შავი,გალუ4111,პროფილი. ნობელალუმინა XGJB-629 ვწ. ფასადის გვერდი,შავი,000015195,გალუ4126 - პროფილი. ნობელალუმინა XGJB-340 ვწ. ზედა შემკვრელი შავი,პროფილი. ნობელალუმინა XGJB-340 ვწ. ზედა შემკვრელი,გალუ4126,შავი,000015199,გალუ4121 - პროფილი. ნობელალუმინა XGJB-339 ვწ. ქვედა შემკვრელი შავი,პროფილი. ნობელალუმინა XGJB-339 ვწ. ქვედა შემკვრელი,გალუ4121,შავი,000015197,გალუ4132 - პროფილი. ნობელალუმინა XGJB-341P ვწ. შიდა ტიხარი შავი,პროფილი. ნობელალუმინა XGJB-341P ვწ. შიდა ტიხარი,გალუ4132,შავი,000015201,გმქნ4061 - შემაფერხებელიანი მიმმართველი ალუმინის ფასადის.  ნობელალუმინა HB01,000013473
ნადური,800,2600,500,1100,1401-2000,2600-2700,"პნლა275211 - გასაგორებელი კარი ნადური, შავი, 1401-2000, გალუ4111",პნლა275211,ინოქსი,გალუ4111,000041697,გალუ4111 - პროფილი. ნობელალუმინა XGJB-629 ვწ. ფასადის გვერდი შავი,გალუ4111,პროფილი. ნობელალუმინა XGJB-629 ვწ. ფასადის გვერდი,შავი,000015195,გალუ4126 - პროფილი. ნობელალუმინა XGJB-340 ვწ. ზედა შემკვრელი შავი,პროფილი. ნობელალუმინა XGJB-340 ვწ. ზედა შემკვრელი,გალუ4126,შავი,000015199,გალუ4121 - პროფილი. ნობელალუმინა XGJB-339 ვწ. ქვედა შემკვრელი შავი,პროფილი. ნობელალუმინა XGJB-339 ვწ. ქვედა შემკვრელი,გალუ4121,შავი,000015197,გალუ4132 - პროფილი. ნობელალუმინა XGJB-341P ვწ. შიდა ტიხარი შავი,პროფილი. ნობელალუმინა XGJB-341P ვწ. შიდა ტიხარი,გალუ4132,შავი,000015201,გმქნ4061 - შემაფერხებელიანი მიმმართველი ალუმინის ფასადის.  ნობელალუმინა HB01,000013473
ნადური,800,2600,500,1100,2001-2600,2600-2700,"პნლა275229 - გასაგორებელი კარი ნადური, შავი, 2001-2600, გალუ4111",პნლა275229,ინოქსი,გალუ4111,000041716,გალუ4111 - პროფილი. ნობელალუმინა XGJB-629 ვწ. ფასადის გვერდი შავი,გალუ4111,პროფილი. ნობელალუმინა XGJB-629 ვწ. ფასადის გვერდი,შავი,000015195,გალუ4126 - პროფილი. ნობელალუმინა XGJB-340 ვწ. ზედა შემკვრელი შავი,პროფილი. ნობელალუმინა XGJB-340 ვწ. ზედა შემკვრელი,გალუ4126,შავი,000015199,გალუ4121 - პროფილი. ნობელალუმინა XGJB-339 ვწ. ქვედა შემკვრელი შავი,პროფილი. ნობელალუმინა XGJB-339 ვწ. ქვედა შემკვრელი,გალუ4121,შავი,000015197,გალუ4132 - პროფილი. ნობელალუმინა XGJB-341P ვწ. შიდა ტიხარი შავი,პროფილი. ნობელალუმინა XGJB-341P ვწ. შიდა ტიხარი,გალუ4132,შავი,000015201,გმქნ4061 - შემაფერხებელიანი მიმმართველი ალუმინის ფასადის.  ნობელალუმინა HB01,000013473
ნადური,800,2600,500,1100,800-1400,2600-2700,"პნლა275194 - გასაგორებელი კარი ნადური, ინოქსი, 800-1400, გალუ4171",პნლა275194,ინოქსი,გალუ4171,000041681,გალუ4171 - პროფილი. ნობელალუმინა XGJB-1372 კუბიკი გვერდი ინოქსი,გალუ4171,პროფილი. ნობელალუმინა XGJB-1372 კუბიკი გვერდი,ინოქსი,000015180,გალუ4176 - პროფილი. ნობელალუმინა XGJB-1371 კუბიკი ზედა შემკვრელი ინოქსი,პროფილი. ნობელალუმინა XGJB-1371 კუბიკი ზედა შემკვრელი,გალუ4176,ინოქსი,000015205,გალუ4174 - პროფილი. ნობელალუმინა XGJB-1369 კუბიკი ქვედა შემკვრელი ინოქსი,პროფილი. ნობელალუმინა XGJB-1369 კუბიკი ქვედა შემკვრელი,გალუ4174,ინოქსი,000015203,გალუ4179 - პროფილი. ნობელალუმინა XGJB-1370 კუბიკი შიდა ტიხარი ინოქსი,პროფილი. ნობელალუმინა XGJB-1370 კუბიკი შიდა ტიხარი,გალუ4179,ინოქსი,000015207,გმქნ4061 - შემაფერხებელიანი მიმმართველი ალუმინის ფასადის.  ნობელალუმინა HB01,000013473
ნადური,800,2600,500,1100,1401-2000,2600-2700,"პნლა275212 - გასაგორებელი კარი ნადური, ინოქსი, 1401-2000, გალუ4171",პნლა275212,ინოქსი,გალუ4171,000041699,გალუ4171 - პროფილი. ნობელალუმინა XGJB-1372 კუბიკი გვერდი ინოქსი,გალუ4171,პროფილი. ნობელალუმინა XGJB-1372 კუბიკი გვერდი,ინოქსი,000015180,გალუ4176 - პროფილი. ნობელალუმინა XGJB-1371 კუბიკი ზედა შემკვრელი ინოქსი,პროფილი. ნობელალუმინა XGJB-1371 კუბიკი ზედა შემკვრელი,გალუ4176,ინოქსი,000015205,გალუ4174 - პროფილი. ნობელალუმინა XGJB-1369 კუბიკი ქვედა შემკვრელი ინოქსი,პროფილი. ნობელალუმინა XGJB-1369 კუბიკი ქვედა შემკვრელი,გალუ4174,ინოქსი,000015203,გალუ4179 - პროფილი. ნობელალუმინა XGJB-1370 კუბიკი შიდა ტიხარი ინოქსი,პროფილი. ნობელალუმინა XGJB-1370 კუბიკი შიდა ტიხარი,გალუ4179,ინოქსი,000015207,გმქნ4061 - შემაფერხებელიანი მიმმართველი ალუმინის ფასადის.  ნობელალუმინა HB01,000013473
ნადური,800,2600,500,1100,2001-2600,2600-2700,"პნლა275230 - გასაგორებელი კარი ნადური, ინოქსი, 2001-2600, გალუ4171",პნლა275230,ინოქსი,გალუ4171,000041717,გალუ4171 - პროფილი. ნობელალუმინა XGJB-1372 კუბიკი გვერდი ინოქსი,გალუ4171,პროფილი. ნობელალუმინა XGJB-1372 კუბიკი გვერდი,ინოქსი,000015180,გალუ4176 - პროფილი. ნობელალუმინა XGJB-1371 კუბიკი ზედა შემკვრელი ინოქსი,პროფილი. ნობელალუმინა XGJB-1371 კუბიკი ზედა შემკვრელი,გალუ4176,ინოქსი,000015205,გალუ4174 - პროფილი. ნობელალუმინა XGJB-1369 კუბიკი ქვედა შემკვრელი ინოქსი,პროფილი. ნობელალუმინა XGJB-1369 კუბიკი ქვედა შემკვრელი,გალუ4174,ინოქსი,000015203,გალუ4179 - პროფილი. ნობელალუმინა XGJB-1370 კუბიკი შიდა ტიხარი ინოქსი,პროფილი. ნობელალუმინა XGJB-1370 კუბიკი შიდა ტიხარი,გალუ4179,ინოქსი,000015207,გმქნ4061 - შემაფერხებელიანი მიმმართველი ალუმინის ფასადის.  ნობელალუმინა HB01,000013473
ნადური,800,2600,500,1100,800-1400,2600-2700,"პნლა275195 - გასაგორებელი კარი ნადური, შავი, 800-1400, გალუ4171",პნლა275195,ინოქსი,გალუ4171,000041682,გალუ4171 - პროფილი. ნობელალუმინა XGJB-1372 კუბიკი გვერდი შავი,გალუ4171,პროფილი. ნობელალუმინა XGJB-1372 კუბიკი გვერდი,შავი,000015202,გალუ4176 - პროფილი. ნობელალუმინა XGJB-1371 კუბიკი ზედა შემკვრელი შავი,პროფილი. ნობელალუმინა XGJB-1371 კუბიკი ზედა შემკვრელი,გალუ4176,შავი,000015206,გალუ4174 - პროფილი. ნობელალუმინა XGJB-1369 კუბიკი ქვედა შემკვრელი შავი,პროფილი. ნობელალუმინა XGJB-1369 კუბიკი ქვედა შემკვრელი,გალუ4174,შავი,000015204,გალუ4179 - პროფილი. ნობელალუმინა XGJB-1370 კუბიკი შიდა ტიხარი შავი,პროფილი. ნობელალუმინა XGJB-1370 კუბიკი შიდა ტიხარი,გალუ4179,შავი,000015208,გმქნ4061 - შემაფერხებელიანი მიმმართველი ალუმინის ფასადის.  ნობელალუმინა HB01,000013473
ნადური,800,2600,500,1100,1401-2000,2600-2700,"პნლა275213 - გასაგორებელი კარი ნადური, შავი, 1401-2000, გალუ4171",პნლა275213,ინოქსი,გალუ4171,000041700,გალუ4171 - პროფილი. ნობელალუმინა XGJB-1372 კუბიკი გვერდი შავი,გალუ4171,პროფილი. ნობელალუმინა XGJB-1372 კუბიკი გვერდი,შავი,000015202,გალუ4176 - პროფილი. ნობელალუმინა XGJB-1371 კუბიკი ზედა შემკვრელი შავი,პროფილი. ნობელალუმინა XGJB-1371 კუბიკი ზედა შემკვრელი,გალუ4176,შავი,000015206,გალუ4174 - პროფილი. ნობელალუმინა XGJB-1369 კუბიკი ქვედა შემკვრელი შავი,პროფილი. ნობელალუმინა XGJB-1369 კუბიკი ქვედა შემკვრელი,გალუ4174,შავი,000015204,გალუ4179 - პროფილი. ნობელალუმინა XGJB-1370 კუბიკი შიდა ტიხარი შავი,პროფილი. ნობელალუმინა XGJB-1370 კუბიკი შიდა ტიხარი,გალუ4179,შავი,000015208,გმქნ4061 - შემაფერხებელიანი მიმმართველი ალუმინის ფასადის.  ნობელალუმინა HB01,000013473
ნადური,800,2600,500,1100,2001-2600,2600-2700,"პნლა275231 - გასაგორებელი კარი ნადური, შავი, 2001-2600, გალუ4171",პნლა275231,ინოქსი,გალუ4171,000041719,გალუ4171 - პროფილი. ნობელალუმინა XGJB-1372 კუბიკი გვერდი შავი,გალუ4171,პროფილი. ნობელალუმინა XGJB-1372 კუბიკი გვერდი,შავი,000015202,გალუ4176 - პროფილი. ნობელალუმინა XGJB-1371 კუბიკი ზედა შემკვრელი შავი,პროფილი. ნობელალუმინა XGJB-1371 კუბიკი ზედა შემკვრელი,გალუ4176,შავი,000015206,გალუ4174 - პროფილი. ნობელალუმინა XGJB-1369 კუბიკი ქვედა შემკვრელი შავი,პროფილი. ნობელალუმინა XGJB-1369 კუბიკი ქვედა შემკვრელი,გალუ4174,შავი,000015204,გალუ4179 - პროფილი. ნობელალუმინა XGJB-1370 კუბიკი შიდა ტიხარი შავი,პროფილი. ნობელალუმინა XGJB-1370 კუბიკი შიდა ტიხარი,გალუ4179,შავი,000015208,გმქნ4061 - შემაფერხებელიანი მიმმართველი ალუმინის ფასადის.  ნობელალუმინა HB01,000013473
ნადური,800,2600,500,1100,800-1400,2600-2700,"პნლა275196 - გასაგორებელი კარი ნადური, ინოქს, 800-1400, ალდ4722",პნლა275196,ინოქსი,ალდ4722,000041683,"ალდ4722 - პროფილი ალ. შემკვრელი გვერდი, დემსას 4722დპ2 პ/ინოქს",ალდ4722,"პროფილი ალ. შემკვრელი გვერდი, დემსას 4722დპ2",პ/ინოქს,000004465,"ალდ4722 - პროფილი ალ. შემკვრელი გვერდი, დემსას 4722დპ2 პ/ინოქს","პროფილი ალ. შემკვრელი გვერდი, დემსას 4722დპ2",ალდ4722,ინოქსი,000004465,"ალდ4045 - პროფილი ალ. შემკვრელი ქვედა, დემსას 4045დპ2 პ/ინოქს","პროფილი ალ. შემკვრელი ქვედა, დემსას 4045დპ2",ალდ4045,ინოქსი,000004461,"ალდ3998 - პროფილი ალ. შემკვრელი შუა, დემსას 3998დპ2 პ/ინოქს","პროფილი ალ. შემკვრელი შუა, დემსას 3998დპ2",ალდ3998,ინოქსი,000004460,გმქნ4061 - შემაფერხებელიანი მიმმართველი ალუმინის ფასადის.  ნობელალუმინა HB01,000013473
ნადური,800,2600,500,1100,1401-2000,2600-2700,"პნლა275214 - გასაგორებელი კარი ნადური, ინოქს, 1401-2000, ალდ4722",პნლა275214,ინოქსი,ალდ4722,000041701,"ალდ4722 - პროფილი ალ. შემკვრელი გვერდი, დემსას 4722დპ2 პ/ინოქს",ალდ4722,"პროფილი ალ. შემკვრელი გვერდი, დემსას 4722დპ2",პ/ინოქს,000004465,"ალდ4722 - პროფილი ალ. შემკვრელი გვერდი, დემსას 4722დპ2 პ/ინოქს","პროფილი ალ. შემკვრელი გვერდი, დემსას 4722დპ2",ალდ4722,ინოქსი,000004465,"ალდ4045 - პროფილი ალ. შემკვრელი ქვედა, დემსას 4045დპ2 პ/ინოქს","პროფილი ალ. შემკვრელი ქვედა, დემსას 4045დპ2",ალდ4045,ინოქსი,000004461,"ალდ3998 - პროფილი ალ. შემკვრელი შუა, დემსას 3998დპ2 პ/ინოქს","პროფილი ალ. შემკვრელი შუა, დემსას 3998დპ2",ალდ3998,ინოქსი,000004460,გმქნ4061 - შემაფერხებელიანი მიმმართველი ალუმინის ფასადის.  ნობელალუმინა HB01,000013473
ნადური,800,2600,500,1100,2001-2600,2600-2700,"პნლა275232 - გასაგორებელი კარი ნადური, ინოქს, 2001-2600, ალდ4722",პნლა275232,ინოქსი,ალდ4722,000041718,"ალდ4722 - პროფილი ალ. შემკვრელი გვერდი, დემსას 4722დპ2 პ/ინოქს",ალდ4722,"პროფილი ალ. შემკვრელი გვერდი, დემსას 4722დპ2",პ/ინოქს,000004465,"ალდ4722 - პროფილი ალ. შემკვრელი გვერდი, დემსას 4722დპ2 პ/ინოქს","პროფილი ალ. შემკვრელი გვერდი, დემსას 4722დპ2",ალდ4722,ინოქსი,000004465,"ალდ4045 - პროფილი ალ. შემკვრელი ქვედა, დემსას 4045დპ2 პ/ინოქს","პროფილი ალ. შემკვრელი ქვედა, დემსას 4045დპ2",ალდ4045,ინოქსი,000004461,"ალდ3998 - პროფილი ალ. შემკვრელი შუა, დემსას 3998დპ2 პ/ინოქს","პროფილი ალ. შემკვრელი შუა, დემსას 3998დპ2",ალდ3998,ინოქსი,000004460,გმქნ4061 - შემაფერხებელიანი მიმმართველი ალუმინის ფასადის.  ნობელალუმინა HB01,000013473
ნადური,800,2600,500,1100,800-1400,2600-2700,"პნლა275197 - გასაგორებელი კარი ნადური, ინოქსი, 800-1400, გალუ4312",პნლა275197,ინოქსი,გალუ4312,000041684,გალუ4312 - პროფილი. ნობელალუმინა FSQ-047 შემკვრელი გვერდი ინოქსი,გალუ4312,პროფილი. ნობელალუმინა FSQ-047 შემკვრელი გვერდი,ინოქსი,000015209,გალუ4349 - პროფილი. ნობელალუმინა XBF-013 თხ. ტიხარი/ზედა შემკვრელი ინოქსი,პროფილი. ნობელალუმინა XBF-013 თხ. ტიხარი/ზედა შემკვრელი,გალუ4349,ინოქსი,000016297,გალუ4337 - პროფილი. ნობელალუმინა XSEK-502 თხ. ქვედა შემკვრელი ინოქსი,პროფილი. ნობელალუმინა XSEK-502 თხ. ქვედა შემკვრელი,გალუ4337,ინოქსი,000016295,გალუ4349 - პროფილი. ნობელალუმინა XBF-013 თხ. ტიხარი/ზედა შემკვრელი ინოქსი,პროფილი. ნობელალუმინა XBF-013 თხ. ტიხარი/ზედა შემკვრელი,გალუ4349,ინოქსი,000016297,გმქნ4061 - შემაფერხებელიანი მიმმართველი ალუმინის ფასადის.  ნობელალუმინა HB01,000013473
ნადური,800,2600,500,1100,1401-2000,2600-2700,"პნლა275215 - გასაგორებელი კარი ნადური, ინოქსი, 1401-2000, გალუ4312",პნლა275215,ინოქსი,გალუ4312,000041702,გალუ4312 - პროფილი. ნობელალუმინა FSQ-047 შემკვრელი გვერდი ინოქსი,გალუ4312,პროფილი. ნობელალუმინა FSQ-047 შემკვრელი გვერდი,ინოქსი,000015209,გალუ4349 - პროფილი. ნობელალუმინა XBF-013 თხ. ტიხარი/ზედა შემკვრელი ინოქსი,პროფილი. ნობელალუმინა XBF-013 თხ. ტიხარი/ზედა შემკვრელი,გალუ4349,ინოქსი,000016297,გალუ4337 - პროფილი. ნობელალუმინა XSEK-502 თხ. ქვედა შემკვრელი ინოქსი,პროფილი. ნობელალუმინა XSEK-502 თხ. ქვედა შემკვრელი,გალუ4337,ინოქსი,000016295,გალუ4349 - პროფილი. ნობელალუმინა XBF-013 თხ. ტიხარი/ზედა შემკვრელი ინოქსი,პროფილი. ნობელალუმინა XBF-013 თხ. ტიხარი/ზედა შემკვრელი,გალუ4349,ინოქსი,000016297,გმქნ4061 - შემაფერხებელიანი მიმმართველი ალუმინის ფასადის.  ნობელალუმინა HB01,000013473
ნადური,800,2600,500,1100,2001-2600,2600-2700,"პნლა275233 - გასაგორებელი კარი ნადური, ინოქსი, 2001-2600, გალუ4312",პნლა275233,ინოქსი,გალუ4312,000041720,გალუ4312 - პროფილი. ნობელალუმინა FSQ-047 შემკვრელი გვერდი ინოქსი,გალუ4312,პროფილი. ნობელალუმინა FSQ-047 შემკვრელი გვერდი,ინოქსი,000015209,გალუ4349 - პროფილი. ნობელალუმინა XBF-013 თხ. ტიხარი/ზედა შემკვრელი ინოქსი,პროფილი. ნობელალუმინა XBF-013 თხ. ტიხარი/ზედა შემკვრელი,გალუ4349,ინოქსი,000016297,გალუ4337 - პროფილი. ნობელალუმინა XSEK-502 თხ. ქვედა შემკვრელი ინოქსი,პროფილი. ნობელალუმინა XSEK-502 თხ. ქვედა შემკვრელი,გალუ4337,ინოქსი,000016295,გალუ4349 - პროფილი. ნობელალუმინა XBF-013 თხ. ტიხარი/ზედა შემკვრელი ინოქსი,პროფილი. ნობელალუმინა XBF-013 თხ. ტიხარი/ზედა შემკვრელი,გალუ4349,ინოქსი,000016297,გმქნ4061 - შემაფერხებელიანი მიმმართველი ალუმინის ფასადის.  ნობელალუმინა HB01,000013473
ნადური,800,2600,500,1100,800-1400,2600-2700,"პნლა275198 - გასაგორებელი კარი ნადური, შავი, 800-1400, გალუ4312",პნლა275198,ინოქსი,გალუ4312,000041685,გალუ4312 - პროფილი. ნობელალუმინა FSQ-047 შემკვრელი გვერდი შავი,გალუ4312,პროფილი. ნობელალუმინა FSQ-047 შემკვრელი გვერდი,შავი,000015210,გალუ4349 - პროფილი. ნობელალუმინა XBF-013 თხ. ტიხარი/ზედა შემკვრელი შავი,პროფილი. ნობელალუმინა XBF-013 თხ. ტიხარი/ზედა შემკვრელი,გალუ4349,შავი,000016298,გალუ4337 - პროფილი. ნობელალუმინა XSEK-502 თხ. ქვედა შემკვრელი შავი,პროფილი. ნობელალუმინა XSEK-502 თხ. ქვედა შემკვრელი,გალუ4337,შავი,000016296,გალუ4349 - პროფილი. ნობელალუმინა XBF-013 თხ. ტიხარი/ზედა შემკვრელი შავი,პროფილი. ნობელალუმინა XBF-013 თხ. ტიხარი/ზედა შემკვრელი,გალუ4349,შავი,000016298,გმქნ4061 - შემაფერხებელიანი მიმმართველი ალუმინის ფასადის.  ნობელალუმინა HB01,000013473
ნადური,800,2600,500,1100,1401-2000,2600-2700,"პნლა275216 - გასაგორებელი კარი ნადური, შავი, 1401-2000, გალუ4312",პნლა275216,ინოქსი,გალუ4312,000041703,გალუ4312 - პროფილი. ნობელალუმინა FSQ-047 შემკვრელი გვერდი შავი,გალუ4312,პროფილი. ნობელალუმინა FSQ-047 შემკვრელი გვერდი,შავი,000015210,გალუ4349 - პროფილი. ნობელალუმინა XBF-013 თხ. ტიხარი/ზედა შემკვრელი შავი,პროფილი. ნობელალუმინა XBF-013 თხ. ტიხარი/ზედა შემკვრელი,გალუ4349,შავი,000016298,გალუ4337 - პროფილი. ნობელალუმინა XSEK-502 თხ. ქვედა შემკვრელი შავი,პროფილი. ნობელალუმინა XSEK-502 თხ. ქვედა შემკვრელი,გალუ4337,შავი,000016296,გალუ4349 - პროფილი. ნობელალუმინა XBF-013 თხ. ტიხარი/ზედა შემკვრელი შავი,პროფილი. ნობელალუმინა XBF-013 თხ. ტიხარი/ზედა შემკვრელი,გალუ4349,შავი,000016298,გმქნ4061 - შემაფერხებელიანი მიმმართველი ალუმინის ფასადის.  ნობელალუმინა HB01,000013473
ნადური,800,2600,500,1100,2001-2600,2600-2700,"პნლა275234 - გასაგორებელი კარი ნადური, შავი, 2001-2600, გალუ4312",პნლა275234,ინოქსი,გალუ4312,000041721,გალუ4312 - პროფილი. ნობელალუმინა FSQ-047 შემკვრელი გვერდი შავი,გალუ4312,პროფილი. ნობელალუმინა FSQ-047 შემკვრელი გვერდი,შავი,000015210,გალუ4349 - პროფილი. ნობელალუმინა XBF-013 თხ. ტიხარი/ზედა შემკვრელი შავი,პროფილი. ნობელალუმინა XBF-013 თხ. ტიხარი/ზედა შემკვრელი,გალუ4349,შავი,000016298,გალუ4337 - პროფილი. ნობელალუმინა XSEK-502 თხ. ქვედა შემკვრელი შავი,პროფილი. ნობელალუმინა XSEK-502 თხ. ქვედა შემკვრელი,გალუ4337,შავი,000016296,გალუ4349 - პროფილი. ნობელალუმინა XBF-013 თხ. ტიხარი/ზედა შემკვრელი შავი,პროფილი. ნობელალუმინა XBF-013 თხ. ტიხარი/ზედა შემკვრელი,გალუ4349,შავი,000016298,გმქნ4061 - შემაფერხებელიანი მიმმართველი ალუმინის ფასადის.  ნობელალუმინა HB01,000013473
სამაია,600,2600,500,1100,600-800,2600-2700,"პნლა275235 - გასაგორებელი კარი სამაია, ინოქსი, 600-800, გალუ4108",პნლა275235,ინოქსი,გალუ4108,000041722,გალუ4108 - პროფილი. ნობელალუმინა XGJB-1058P ვწ. ორმხრივი გვერდი ინოქსი,გალუ4108,პროფილი. ნობელალუმინა XGJB-1058P ვწ. ორმხრივი გვერდი,ინოქსი,000015192,გალუ4349 - პროფილი. ნობელალუმინა XBF-013 თხ. ტიხარი/ზედა შემკვრელი ინოქსი,პროფილი. ნობელალუმინა XBF-013 თხ. ტიხარი/ზედა შემკვრელი,გალუ4349,ინოქსი,000016297,გალუ4337 - პროფილი. ნობელალუმინა XSEK-502 თხ. ქვედა შემკვრელი ინოქსი,პროფილი. ნობელალუმინა XSEK-502 თხ. ქვედა შემკვრელი,გალუ4337,ინოქსი,000016295,გალუ4349 - პროფილი. ნობელალუმინა XBF-013 თხ. ტიხარი/ზედა შემკვრელი ინოქსი,პროფილი. ნობელალუმინა XBF-013 თხ. ტიხარი/ზედა შემკვრელი,გალუ4349,ინოქსი,000016297,გმქნ4061 - შემაფერხებელიანი მიმმართველი ალუმინის ფასადის.  ნობელალუმინა HB01,000013473
სამაია,600,2600,500,1100,801-1400,2600-2700,"პნლა275253 - გასაგორებელი კარი სამაია, ინოქსი, 801-1400, გალუ4108",პნლა275253,ინოქსი,გალუ4108,000041740,გალუ4108 - პროფილი. ნობელალუმინა XGJB-1058P ვწ. ორმხრივი გვერდი ინოქსი,გალუ4108,პროფილი. ნობელალუმინა XGJB-1058P ვწ. ორმხრივი გვერდი,ინოქსი,000015192,გალუ4349 - პროფილი. ნობელალუმინა XBF-013 თხ. ტიხარი/ზედა შემკვრელი ინოქსი,პროფილი. ნობელალუმინა XBF-013 თხ. ტიხარი/ზედა შემკვრელი,გალუ4349,ინოქსი,000016297,გალუ4337 - პროფილი. ნობელალუმინა XSEK-502 თხ. ქვედა შემკვრელი ინოქსი,პროფილი. ნობელალუმინა XSEK-502 თხ. ქვედა შემკვრელი,გალუ4337,ინოქსი,000016295,გალუ4349 - პროფილი. ნობელალუმინა XBF-013 თხ. ტიხარი/ზედა შემკვრელი ინოქსი,პროფილი. ნობელალუმინა XBF-013 თხ. ტიხარი/ზედა შემკვრელი,გალუ4349,ინოქსი,000016297,გმქნ4061 - შემაფერხებელიანი მიმმართველი ალუმინის ფასადის.  ნობელალუმინა HB01,000013473
სამაია,600,2600,500,1100,1401-2000,2600-2700,"პნლა275271 - გასაგორებელი კარი სამაია, ინოქსი, 1401-2000, გალუ4108",პნლა275271,ინოქსი,გალუ4108,000041758,გალუ4108 - პროფილი. ნობელალუმინა XGJB-1058P ვწ. ორმხრივი გვერდი ინოქსი,გალუ4108,პროფილი. ნობელალუმინა XGJB-1058P ვწ. ორმხრივი გვერდი,ინოქსი,000015192,გალუ4349 - პროფილი. ნობელალუმინა XBF-013 თხ. ტიხარი/ზედა შემკვრელი ინოქსი,პროფილი. ნობელალუმინა XBF-013 თხ. ტიხარი/ზედა შემკვრელი,გალუ4349,ინოქსი,000016297,გალუ4337 - პროფილი. ნობელალუმინა XSEK-502 თხ. ქვედა შემკვრელი ინოქსი,პროფილი. ნობელალუმინა XSEK-502 თხ. ქვედა შემკვრელი,გალუ4337,ინოქსი,000016295,გალუ4349 - პროფილი. ნობელალუმინა XBF-013 თხ. ტიხარი/ზედა შემკვრელი ინოქსი,პროფილი. ნობელალუმინა XBF-013 თხ. ტიხარი/ზედა შემკვრელი,გალუ4349,ინოქსი,000016297,გმქნ4061 - შემაფერხებელიანი მიმმართველი ალუმინის ფასადის.  ნობელალუმინა HB01,000013473
სამაია,600,2600,500,1100,2001-2600,2600-2700,"პნლა275289 - გასაგორებელი კარი სამაია, ინოქსი, 2001-2600, გალუ4108",პნლა275289,ინოქსი,გალუ4108,000041776,გალუ4108 - პროფილი. ნობელალუმინა XGJB-1058P ვწ. ორმხრივი გვერდი ინოქსი,გალუ4108,პროფილი. ნობელალუმინა XGJB-1058P ვწ. ორმხრივი გვერდი,ინოქსი,000015192,გალუ4349 - პროფილი. ნობელალუმინა XBF-013 თხ. ტიხარი/ზედა შემკვრელი ინოქსი,პროფილი. ნობელალუმინა XBF-013 თხ. ტიხარი/ზედა შემკვრელი,გალუ4349,ინოქსი,000016297,გალუ4337 - პროფილი. ნობელალუმინა XSEK-502 თხ. ქვედა შემკვრელი ინოქსი,პროფილი. ნობელალუმინა XSEK-502 თხ. ქვედა შემკვრელი,გალუ4337,ინოქსი,000016295,გალუ4349 - პროფილი. ნობელალუმინა XBF-013 თხ. ტიხარი/ზედა შემკვრელი ინოქსი,პროფილი. ნობელალუმინა XBF-013 თხ. ტიხარი/ზედა შემკვრელი,გალუ4349,ინოქსი,000016297,გმქნ4061 - შემაფერხებელიანი მიმმართველი ალუმინის ფასადის.  ნობელალუმინა HB01,000013473
სამაია,600,2600,500,1100,600-800,2600-2700,"პნლა275236 - გასაგორებელი კარი სამაია, შავი, 600-800, გალუ4108",პნლა275236,ინოქსი,გალუ4108,000041724,გალუ4108 - პროფილი. ნობელალუმინა XGJB-1058P ვწ. ორმხრივი გვერდი შავი,გალუ4108,პროფილი. ნობელალუმინა XGJB-1058P ვწ. ორმხრივი გვერდი,შავი,000015193,გალუ4349 - პროფილი. ნობელალუმინა XBF-013 თხ. ტიხარი/ზედა შემკვრელი შავი,პროფილი. ნობელალუმინა XBF-013 თხ. ტიხარი/ზედა შემკვრელი,გალუ4349,შავი,000016298,გალუ4337 - პროფილი. ნობელალუმინა XSEK-502 თხ. ქვედა შემკვრელი შავი,პროფილი. ნობელალუმინა XSEK-502 თხ. ქვედა შემკვრელი,გალუ4337,შავი,000016296,გალუ4349 - პროფილი. ნობელალუმინა XBF-013 თხ. ტიხარი/ზედა შემკვრელი შავი,პროფილი. ნობელალუმინა XBF-013 თხ. ტიხარი/ზედა შემკვრელი,გალუ4349,შავი,000016298,გმქნ4061 - შემაფერხებელიანი მიმმართველი ალუმინის ფასადის.  ნობელალუმინა HB01,000013473
სამაია,600,2600,500,1100,801-1400,2600-2700,"პნლა275254 - გასაგორებელი კარი სამაია, შავი, 801-1400, გალუ4108",პნლა275254,ინოქსი,გალუ4108,000041741,გალუ4108 - პროფილი. ნობელალუმინა XGJB-1058P ვწ. ორმხრივი გვერდი შავი,გალუ4108,პროფილი. ნობელალუმინა XGJB-1058P ვწ. ორმხრივი გვერდი,შავი,000015193,გალუ4349 - პროფილი. ნობელალუმინა XBF-013 თხ. ტიხარი/ზედა შემკვრელი შავი,პროფილი. ნობელალუმინა XBF-013 თხ. ტიხარი/ზედა შემკვრელი,გალუ4349,შავი,000016298,გალუ4337 - პროფილი. ნობელალუმინა XSEK-502 თხ. ქვედა შემკვრელი შავი,პროფილი. ნობელალუმინა XSEK-502 თხ. ქვედა შემკვრელი,გალუ4337,შავი,000016296,გალუ4349 - პროფილი. ნობელალუმინა XBF-013 თხ. ტიხარი/ზედა შემკვრელი შავი,პროფილი. ნობელალუმინა XBF-013 თხ. ტიხარი/ზედა შემკვრელი,გალუ4349,შავი,000016298,გმქნ4061 - შემაფერხებელიანი მიმმართველი ალუმინის ფასადის.  ნობელალუმინა HB01,000013473
სამაია,600,2600,500,1100,1401-2000,2600-2700,"პნლა275272 - გასაგორებელი კარი სამაია, შავი, 1401-2000, გალუ4108",პნლა275272,ინოქსი,გალუ4108,000041759,გალუ4108 - პროფილი. ნობელალუმინა XGJB-1058P ვწ. ორმხრივი გვერდი შავი,გალუ4108,პროფილი. ნობელალუმინა XGJB-1058P ვწ. ორმხრივი გვერდი,შავი,000015193,გალუ4349 - პროფილი. ნობელალუმინა XBF-013 თხ. ტიხარი/ზედა შემკვრელი შავი,პროფილი. ნობელალუმინა XBF-013 თხ. ტიხარი/ზედა შემკვრელი,გალუ4349,შავი,000016298,გალუ4337 - პროფილი. ნობელალუმინა XSEK-502 თხ. ქვედა შემკვრელი შავი,პროფილი. ნობელალუმინა XSEK-502 თხ. ქვედა შემკვრელი,გალუ4337,შავი,000016296,გალუ4349 - პროფილი. ნობელალუმინა XBF-013 თხ. ტიხარი/ზედა შემკვრელი შავი,პროფილი. ნობელალუმინა XBF-013 თხ. ტიხარი/ზედა შემკვრელი,გალუ4349,შავი,000016298,გმქნ4061 - შემაფერხებელიანი მიმმართველი ალუმინის ფასადის.  ნობელალუმინა HB01,000013473
სამაია,600,2600,500,1100,2001-2600,2600-2700,"პნლა275290 - გასაგორებელი კარი სამაია, შავი, 2001-2600, გალუ4108",პნლა275290,ინოქსი,გალუ4108,000041777,გალუ4108 - პროფილი. ნობელალუმინა XGJB-1058P ვწ. ორმხრივი გვერდი შავი,გალუ4108,პროფილი. ნობელალუმინა XGJB-1058P ვწ. ორმხრივი გვერდი,შავი,000015193,გალუ4349 - პროფილი. ნობელალუმინა XBF-013 თხ. ტიხარი/ზედა შემკვრელი შავი,პროფილი. ნობელალუმინა XBF-013 თხ. ტიხარი/ზედა შემკვრელი,გალუ4349,შავი,000016298,გალუ4337 - პროფილი. ნობელალუმინა XSEK-502 თხ. ქვედა შემკვრელი შავი,პროფილი. ნობელალუმინა XSEK-502 თხ. ქვედა შემკვრელი,გალუ4337,შავი,000016296,გალუ4349 - პროფილი. ნობელალუმინა XBF-013 თხ. ტიხარი/ზედა შემკვრელი შავი,პროფილი. ნობელალუმინა XBF-013 თხ. ტიხარი/ზედა შემკვრელი,გალუ4349,შავი,000016298,გმქნ4061 - შემაფერხებელიანი მიმმართველი ალუმინის ფასადის.  ნობელალუმინა HB01,000013473
სამაია,600,2600,500,1100,600-800,2600-2700,"პნლა275237 - გასაგორებელი კარი სამაია, გრაფიტი, 600-800, გალუ4181",პნლა275237,ინოქსი,გალუ4181,000041723,გალუ4181 - პროფილი. ნობელალუმინა XGJB-1354 ორი დონე გვერდი გრაფიტი,გალუ4181,პროფილი. ნობელალუმინა XGJB-1354 ორი დონე გვერდი,გრაფიტი,000016301,გალუ4186 - პროფილი. ნობელალუმინა XGJB-1352 ორი დონე ზედა შემკვრელი გრაფიტი,პროფილი. ნობელალუმინა XGJB-1352 ორი დონე ზედა შემკვრელი,გალუ4186,გრაფიტი,000016303,გალუ4184 - პროფილი. ნობელალუმინა XGJB-1353 ორი დონე ქვედა შემკვრელი გრაფიტი,პროფილი. ნობელალუმინა XGJB-1353 ორი დონე ქვედა შემკვრელი,გალუ4184,გრაფიტი,000016302,გალუ4189 - პროფილი. ნობელალუმინა XGJB-1368P ორი დონე შიდა ტიხარი გრაფიტი,პროფილი. ნობელალუმინა XGJB-1368P ორი დონე შიდა ტიხარი,გალუ4189,გრაფიტი,000016304,გმქნ4061 - შემაფერხებელიანი მიმმართველი ალუმინის ფასადის.  ნობელალუმინა HB01,000013473
სამაია,600,2600,500,1100,801-1400,2600-2700,"პნლა275255 - გასაგორებელი კარი სამაია, გრაფიტი, 801-1400, გალუ4181",პნლა275255,ინოქსი,გალუ4181,000041742,გალუ4181 - პროფილი. ნობელალუმინა XGJB-1354 ორი დონე გვერდი გრაფიტი,გალუ4181,პროფილი. ნობელალუმინა XGJB-1354 ორი დონე გვერდი,გრაფიტი,000016301,გალუ4186 - პროფილი. ნობელალუმინა XGJB-1352 ორი დონე ზედა შემკვრელი გრაფიტი,პროფილი. ნობელალუმინა XGJB-1352 ორი დონე ზედა შემკვრელი,გალუ4186,გრაფიტი,000016303,გალუ4184 - პროფილი. ნობელალუმინა XGJB-1353 ორი დონე ქვედა შემკვრელი გრაფიტი,პროფილი. ნობელალუმინა XGJB-1353 ორი დონე ქვედა შემკვრელი,გალუ4184,გრაფიტი,000016302,გალუ4189 - პროფილი. ნობელალუმინა XGJB-1368P ორი დონე შიდა ტიხარი გრაფიტი,პროფილი. ნობელალუმინა XGJB-1368P ორი დონე შიდა ტიხარი,გალუ4189,გრაფიტი,000016304,გმქნ4061 - შემაფერხებელიანი მიმმართველი ალუმინის ფასადის.  ნობელალუმინა HB01,000013473
სამაია,600,2600,500,1100,1401-2000,2600-2700,"პნლა275273 - გასაგორებელი კარი სამაია, გრაფიტი, 1401-2000, გალუ4181",პნლა275273,ინოქსი,გალუ4181,000041760,გალუ4181 - პროფილი. ნობელალუმინა XGJB-1354 ორი დონე გვერდი გრაფიტი,გალუ4181,პროფილი. ნობელალუმინა XGJB-1354 ორი დონე გვერდი,გრაფიტი,000016301,გალუ4186 - პროფილი. ნობელალუმინა XGJB-1352 ორი დონე ზედა შემკვრელი გრაფიტი,პროფილი. ნობელალუმინა XGJB-1352 ორი დონე ზედა შემკვრელი,გალუ4186,გრაფიტი,000016303,გალუ4184 - პროფილი. ნობელალუმინა XGJB-1353 ორი დონე ქვედა შემკვრელი გრაფიტი,პროფილი. ნობელალუმინა XGJB-1353 ორი დონე ქვედა შემკვრელი,გალუ4184,გრაფიტი,000016302,გალუ4189 - პროფილი. ნობელალუმინა XGJB-1368P ორი დონე შიდა ტიხარი გრაფიტი,პროფილი. ნობელალუმინა XGJB-1368P ორი დონე შიდა ტიხარი,გალუ4189,გრაფიტი,000016304,გმქნ4061 - შემაფერხებელიანი მიმმართველი ალუმინის ფასადის.  ნობელალუმინა HB01,000013473
სამაია,600,2600,500,1100,2001-2600,2600-2700,"პნლა275291 - გასაგორებელი კარი სამაია, გრაფიტი, 2001-2600, გალუ4181",პნლა275291,ინოქსი,გალუ4181,000041778,გალუ4181 - პროფილი. ნობელალუმინა XGJB-1354 ორი დონე გვერდი გრაფიტი,გალუ4181,პროფილი. ნობელალუმინა XGJB-1354 ორი დონე გვერდი,გრაფიტი,000016301,გალუ4186 - პროფილი. ნობელალუმინა XGJB-1352 ორი დონე ზედა შემკვრელი გრაფიტი,პროფილი. ნობელალუმინა XGJB-1352 ორი დონე ზედა შემკვრელი,გალუ4186,გრაფიტი,000016303,გალუ4184 - პროფილი. ნობელალუმინა XGJB-1353 ორი დონე ქვედა შემკვრელი გრაფიტი,პროფილი. ნობელალუმინა XGJB-1353 ორი დონე ქვედა შემკვრელი,გალუ4184,გრაფიტი,000016302,გალუ4189 - პროფილი. ნობელალუმინა XGJB-1368P ორი დონე შიდა ტიხარი გრაფიტი,პროფილი. ნობელალუმინა XGJB-1368P ორი დონე შიდა ტიხარი,გალუ4189,გრაფიტი,000016304,გმქნ4061 - შემაფერხებელიანი მიმმართველი ალუმინის ფასადის.  ნობელალუმინა HB01,000013473
სამაია,600,2600,500,1100,600-800,2600-2700,"პნლა275238 - გასაგორებელი კარი სამაია, სილვერი, 600-800, გალუ4014",პნლა275238,ინოქსი,გალუ4014,000041725,გალუ4014 - პროფილი. ნობელალუმინა XBX-043P სწორი/ფიგურიანი გვერდი სილვერი,გალუ4014,პროფილი. ნობელალუმინა XBX-043P სწორი/ფიგურიანი გვერდი,სილვერი,000012321,გალუ4156 - პროფილი. ნობელალუმინა LXD-3025 თხ. ზედა შემკვრელი სილვერი,პროფილი. ნობელალუმინა LXD-3025 თხ. ზედა შემკვრელი,გალუ4156,სილვერი,000012323,გალუ4151 - პროფილი. ნობელალუმინა LXD-3027 თხ. ქვედა შემკვრელი სილვერი,პროფილი. ნობელალუმინა LXD-3027 თხ. ქვედა შემკვრელი,გალუ4151,სილვერი,000012322,გალუ4162 - პროფილი. ნობელალუმინა LXD-3026 თხ. შიდა ტიხარი სილვერი,პროფილი. ნობელალუმინა LXD-3026 თხ. შიდა ტიხარი,გალუ4162,სილვერი,000012324,გმქნ4061 - შემაფერხებელიანი მიმმართველი ალუმინის ფასადის.  ნობელალუმინა HB01,000013473
სამაია,600,2600,500,1100,801-1400,2600-2700,"პნლა275256 - გასაგორებელი კარი სამაია, სილვერი, 801-1400, გალუ4014",პნლა275256,ინოქსი,გალუ4014,000041743,გალუ4014 - პროფილი. ნობელალუმინა XBX-043P სწორი/ფიგურიანი გვერდი სილვერი,გალუ4014,პროფილი. ნობელალუმინა XBX-043P სწორი/ფიგურიანი გვერდი,სილვერი,000012321,გალუ4156 - პროფილი. ნობელალუმინა LXD-3025 თხ. ზედა შემკვრელი სილვერი,პროფილი. ნობელალუმინა LXD-3025 თხ. ზედა შემკვრელი,გალუ4156,სილვერი,000012323,გალუ4151 - პროფილი. ნობელალუმინა LXD-3027 თხ. ქვედა შემკვრელი სილვერი,პროფილი. ნობელალუმინა LXD-3027 თხ. ქვედა შემკვრელი,გალუ4151,სილვერი,000012322,გალუ4162 - პროფილი. ნობელალუმინა LXD-3026 თხ. შიდა ტიხარი სილვერი,პროფილი. ნობელალუმინა LXD-3026 თხ. შიდა ტიხარი,გალუ4162,სილვერი,000012324,გმქნ4061 - შემაფერხებელიანი მიმმართველი ალუმინის ფასადის.  ნობელალუმინა HB01,000013473
სამაია,600,2600,500,1100,1401-2000,2600-2700,"პნლა275274 - გასაგორებელი კარი სამაია, სილვერი, 1401-2000, გალუ4014",პნლა275274,ინოქსი,გალუ4014,000041761,გალუ4014 - პროფილი. ნობელალუმინა XBX-043P სწორი/ფიგურიანი გვერდი სილვერი,გალუ4014,პროფილი. ნობელალუმინა XBX-043P სწორი/ფიგურიანი გვერდი,სილვერი,000012321,გალუ4156 - პროფილი. ნობელალუმინა LXD-3025 თხ. ზედა შემკვრელი სილვერი,პროფილი. ნობელალუმინა LXD-3025 თხ. ზედა შემკვრელი,გალუ4156,სილვერი,000012323,გალუ4151 - პროფილი. ნობელალუმინა LXD-3027 თხ. ქვედა შემკვრელი სილვერი,პროფილი. ნობელალუმინა LXD-3027 თხ. ქვედა შემკვრელი,გალუ4151,სილვერი,000012322,გალუ4162 - პროფილი. ნობელალუმინა LXD-3026 თხ. შიდა ტიხარი სილვერი,პროფილი. ნობელალუმინა LXD-3026 თხ. შიდა ტიხარი,გალუ4162,სილვერი,000012324,გმქნ4061 - შემაფერხებელიანი მიმმართველი ალუმინის ფასადის.  ნობელალუმინა HB01,000013473
სამაია,600,2600,500,1100,2001-2600,2600-2700,"პნლა275292 - გასაგორებელი კარი სამაია, სილვერი, 2001-2600, გალუ4014",პნლა275292,ინოქსი,გალუ4014,000041779,გალუ4014 - პროფილი. ნობელალუმინა XBX-043P სწორი/ფიგურიანი გვერდი სილვერი,გალუ4014,პროფილი. ნობელალუმინა XBX-043P სწორი/ფიგურიანი გვერდი,სილვერი,000012321,გალუ4156 - პროფილი. ნობელალუმინა LXD-3025 თხ. ზედა შემკვრელი სილვერი,პროფილი. ნობელალუმინა LXD-3025 თხ. ზედა შემკვრელი,გალუ4156,სილვერი,000012323,გალუ4151 - პროფილი. ნობელალუმინა LXD-3027 თხ. ქვედა შემკვრელი სილვერი,პროფილი. ნობელალუმინა LXD-3027 თხ. ქვედა შემკვრელი,გალუ4151,სილვერი,000012322,გალუ4162 - პროფილი. ნობელალუმინა LXD-3026 თხ. შიდა ტიხარი სილვერი,პროფილი. ნობელალუმინა LXD-3026 თხ. შიდა ტიხარი,გალუ4162,სილვერი,000012324,გმქნ4061 - შემაფერხებელიანი მიმმართველი ალუმინის ფასადის.  ნობელალუმინა HB01,000013473
სამაია,600,2600,500,1100,600-800,2600-2700,"პნლა275239 - გასაგორებელი კარი სამაია, ინოქსი, 600-800, გალუ4014",პნლა275239,ინოქსი,გალუ4014,000041726,გალუ4014 - პროფილი. ნობელალუმინა XBX-043P სწორი/ფიგურიანი გვერდი ინოქსი,გალუ4014,პროფილი. ნობელალუმინა XBX-043P სწორი/ფიგურიანი გვერდი,ინოქსი,000016288,გალუ4349 - პროფილი. ნობელალუმინა XBF-013 თხ. ტიხარი/ზედა შემკვრელი ინოქსი,პროფილი. ნობელალუმინა XBF-013 თხ. ტიხარი/ზედა შემკვრელი,გალუ4349,ინოქსი,000016297,გალუ4337 - პროფილი. ნობელალუმინა XSEK-502 თხ. ქვედა შემკვრელი ინოქსი,პროფილი. ნობელალუმინა XSEK-502 თხ. ქვედა შემკვრელი,გალუ4337,ინოქსი,000016295,გალუ4349 - პროფილი. ნობელალუმინა XBF-013 თხ. ტიხარი/ზედა შემკვრელი ინოქსი,პროფილი. ნობელალუმინა XBF-013 თხ. ტიხარი/ზედა შემკვრელი,გალუ4349,ინოქსი,000016297,გმქნ4061 - შემაფერხებელიანი მიმმართველი ალუმინის ფასადის.  ნობელალუმინა HB01,000013473
სამაია,600,2600,500,1100,801-1400,2600-2700,"პნლა275257 - გასაგორებელი კარი სამაია, ინოქსი, 801-1400, გალუ4014",პნლა275257,ინოქსი,გალუ4014,000041744,გალუ4014 - პროფილი. ნობელალუმინა XBX-043P სწორი/ფიგურიანი გვერდი ინოქსი,გალუ4014,პროფილი. ნობელალუმინა XBX-043P სწორი/ფიგურიანი გვერდი,ინოქსი,000016288,გალუ4349 - პროფილი. ნობელალუმინა XBF-013 თხ. ტიხარი/ზედა შემკვრელი ინოქსი,პროფილი. ნობელალუმინა XBF-013 თხ. ტიხარი/ზედა შემკვრელი,გალუ4349,ინოქსი,000016297,გალუ4337 - პროფილი. ნობელალუმინა XSEK-502 თხ. ქვედა შემკვრელი ინოქსი,პროფილი. ნობელალუმინა XSEK-502 თხ. ქვედა შემკვრელი,გალუ4337,ინოქსი,000016295,გალუ4349 - პროფილი. ნობელალუმინა XBF-013 თხ. ტიხარი/ზედა შემკვრელი ინოქსი,პროფილი. ნობელალუმინა XBF-013 თხ. ტიხარი/ზედა შემკვრელი,გალუ4349,ინოქსი,000016297,გმქნ4061 - შემაფერხებელიანი მიმმართველი ალუმინის ფასადის.  ნობელალუმინა HB01,000013473
სამაია,600,2600,500,1100,1401-2000,2600-2700,"პნლა275275 - გასაგორებელი კარი სამაია, ინოქსი, 1401-2000, გალუ4014",პნლა275275,ინოქსი,გალუ4014,000041762,გალუ4014 - პროფილი. ნობელალუმინა XBX-043P სწორი/ფიგურიანი გვერდი ინოქსი,გალუ4014,პროფილი. ნობელალუმინა XBX-043P სწორი/ფიგურიანი გვერდი,ინოქსი,000016288,გალუ4349 - პროფილი. ნობელალუმინა XBF-013 თხ. ტიხარი/ზედა შემკვრელი ინოქსი,პროფილი. ნობელალუმინა XBF-013 თხ. ტიხარი/ზედა შემკვრელი,გალუ4349,ინოქსი,000016297,გალუ4337 - პროფილი. ნობელალუმინა XSEK-502 თხ. ქვედა შემკვრელი ინოქსი,პროფილი. ნობელალუმინა XSEK-502 თხ. ქვედა შემკვრელი,გალუ4337,ინოქსი,000016295,გალუ4349 - პროფილი. ნობელალუმინა XBF-013 თხ. ტიხარი/ზედა შემკვრელი ინოქსი,პროფილი. ნობელალუმინა XBF-013 თხ. ტიხარი/ზედა შემკვრელი,გალუ4349,ინოქსი,000016297,გმქნ4061 - შემაფერხებელიანი მიმმართველი ალუმინის ფასადის.  ნობელალუმინა HB01,000013473
სამაია,600,2600,500,1100,2001-2600,2600-2700,"პნლა275293 - გასაგორებელი კარი სამაია, ინოქსი, 2001-2600, გალუ4014",პნლა275293,ინოქსი,გალუ4014,000041780,გალუ4014 - პროფილი. ნობელალუმინა XBX-043P სწორი/ფიგურიანი გვერდი ინოქსი,გალუ4014,პროფილი. ნობელალუმინა XBX-043P სწორი/ფიგურიანი გვერდი,ინოქსი,000016288,გალუ4349 - პროფილი. ნობელალუმინა XBF-013 თხ. ტიხარი/ზედა შემკვრელი ინოქსი,პროფილი. ნობელალუმინა XBF-013 თხ. ტიხარი/ზედა შემკვრელი,გალუ4349,ინოქსი,000016297,გალუ4337 - პროფილი. ნობელალუმინა XSEK-502 თხ. ქვედა შემკვრელი ინოქსი,პროფილი. ნობელალუმინა XSEK-502 თხ. ქვედა შემკვრელი,გალუ4337,ინოქსი,000016295,გალუ4349 - პროფილი. ნობელალუმინა XBF-013 თხ. ტიხარი/ზედა შემკვრელი ინოქსი,პროფილი. ნობელალუმინა XBF-013 თხ. ტიხარი/ზედა შემკვრელი,გალუ4349,ინოქსი,000016297,გმქნ4061 - შემაფერხებელიანი მიმმართველი ალუმინის ფასადის.  ნობელალუმინა HB01,000013473
სამაია,600,2600,500,1100,600-800,2600-2700,"პნლა275240 - გასაგორებელი კარი სამაია, ინოქსი, 600-800, გალუ4206",პნლა275240,ინოქსი,გალუ4206,000041727,გალუ4206 - პროფილი. ნობელალუმინა XGJB-618P შტ. ფასადის გვერდი ინოქსი,გალუ4206,პროფილი. ნობელალუმინა XGJB-618P შტ. ფასადის გვერდი,ინოქსი,000016289,გალუ4226 - პროფილი. ნობელალუმინა XGJB-619P შტ. ზედა შემკვრელი ინოქსი,პროფილი. ნობელალუმინა XGJB-619P შტ. ზედა შემკვრელი,გალუ4226,ინოქსი,000016293,გალუ4221 - პროფილი. ნობელალუმინა XGJB-619AP შტ. ქვედა შემკვრელი ინოქსი,პროფილი. ნობელალუმინა XGJB-619AP შტ. ქვედა შემკვრელი,გალუ4221,ინოქსი,000016291,გალუ4226 - პროფილი. ნობელალუმინა XGJB-619P შტ. ზედა შემკვრელი ინოქსი,პროფილი. ნობელალუმინა XGJB-619P შტ. ზედა შემკვრელი,გალუ4226,ინოქსი,000016293,გმქნ4061 - შემაფერხებელიანი მიმმართველი ალუმინის ფასადის.  ნობელალუმინა HB01,000013473
სამაია,600,2600,500,1100,801-1400,2600-2700,"პნლა275258 - გასაგორებელი კარი სამაია, ინოქსი, 801-1400, გალუ4206",პნლა275258,ინოქსი,გალუ4206,000041745,გალუ4206 - პროფილი. ნობელალუმინა XGJB-618P შტ. ფასადის გვერდი ინოქსი,გალუ4206,პროფილი. ნობელალუმინა XGJB-618P შტ. ფასადის გვერდი,ინოქსი,000016289,გალუ4226 - პროფილი. ნობელალუმინა XGJB-619P შტ. ზედა შემკვრელი ინოქსი,პროფილი. ნობელალუმინა XGJB-619P შტ. ზედა შემკვრელი,გალუ4226,ინოქსი,000016293,გალუ4221 - პროფილი. ნობელალუმინა XGJB-619AP შტ. ქვედა შემკვრელი ინოქსი,პროფილი. ნობელალუმინა XGJB-619AP შტ. ქვედა შემკვრელი,გალუ4221,ინოქსი,000016291,გალუ4226 - პროფილი. ნობელალუმინა XGJB-619P შტ. ზედა შემკვრელი ინოქსი,პროფილი. ნობელალუმინა XGJB-619P შტ. ზედა შემკვრელი,გალუ4226,ინოქსი,000016293,გმქნ4061 - შემაფერხებელიანი მიმმართველი ალუმინის ფასადის.  ნობელალუმინა HB01,000013473
სამაია,600,2600,500,1100,1401-2000,2600-2700,"პნლა275276 - გასაგორებელი კარი სამაია, ინოქსი, 1401-2000, გალუ4206",პნლა275276,ინოქსი,გალუ4206,000041763,გალუ4206 - პროფილი. ნობელალუმინა XGJB-618P შტ. ფასადის გვერდი ინოქსი,გალუ4206,პროფილი. ნობელალუმინა XGJB-618P შტ. ფასადის გვერდი,ინოქსი,000016289,გალუ4226 - პროფილი. ნობელალუმინა XGJB-619P შტ. ზედა შემკვრელი ინოქსი,პროფილი. ნობელალუმინა XGJB-619P შტ. ზედა შემკვრელი,გალუ4226,ინოქსი,000016293,გალუ4221 - პროფილი. ნობელალუმინა XGJB-619AP შტ. ქვედა შემკვრელი ინოქსი,პროფილი. ნობელალუმინა XGJB-619AP შტ. ქვედა შემკვრელი,გალუ4221,ინოქსი,000016291,გალუ4226 - პროფილი. ნობელალუმინა XGJB-619P შტ. ზედა შემკვრელი ინოქსი,პროფილი. ნობელალუმინა XGJB-619P შტ. ზედა შემკვრელი,გალუ4226,ინოქსი,000016293,გმქნ4061 - შემაფერხებელიანი მიმმართველი ალუმინის ფასადის.  ნობელალუმინა HB01,000013473
სამაია,600,2600,500,1100,2001-2600,2600-2700,"პნლა275294 - გასაგორებელი კარი სამაია, ინოქსი, 2001-2600, გალუ4206",პნლა275294,ინოქსი,გალუ4206,000041781,გალუ4206 - პროფილი. ნობელალუმინა XGJB-618P შტ. ფასადის გვერდი ინოქსი,გალუ4206,პროფილი. ნობელალუმინა XGJB-618P შტ. ფასადის გვერდი,ინოქსი,000016289,გალუ4226 - პროფილი. ნობელალუმინა XGJB-619P შტ. ზედა შემკვრელი ინოქსი,პროფილი. ნობელალუმინა XGJB-619P შტ. ზედა შემკვრელი,გალუ4226,ინოქსი,000016293,გალუ4221 - პროფილი. ნობელალუმინა XGJB-619AP შტ. ქვედა შემკვრელი ინოქსი,პროფილი. ნობელალუმინა XGJB-619AP შტ. ქვედა შემკვრელი,გალუ4221,ინოქსი,000016291,გალუ4226 - პროფილი. ნობელალუმინა XGJB-619P შტ. ზედა შემკვრელი ინოქსი,პროფილი. ნობელალუმინა XGJB-619P შტ. ზედა შემკვრელი,გალუ4226,ინოქსი,000016293,გმქნ4061 - შემაფერხებელიანი მიმმართველი ალუმინის ფასადის.  ნობელალუმინა HB01,000013473
სამაია,600,2600,500,1100,600-800,2600-2700,"პნლა275241 - გასაგორებელი კარი სამაია, შავი, 600-800, გალუ4206",პნლა275241,ინოქსი,გალუ4206,000041728,გალუ4206 - პროფილი. ნობელალუმინა XGJB-618P შტ. ფასადის გვერდი შავი,გალუ4206,პროფილი. ნობელალუმინა XGJB-618P შტ. ფასადის გვერდი,შავი,000016290,გალუ4226 - პროფილი. ნობელალუმინა XGJB-619P შტ. ზედა შემკვრელი შავი,პროფილი. ნობელალუმინა XGJB-619P შტ. ზედა შემკვრელი,გალუ4226,შავი,000016294,გალუ4221 - პროფილი. ნობელალუმინა XGJB-619AP შტ. ქვედა შემკვრელი შავი,პროფილი. ნობელალუმინა XGJB-619AP შტ. ქვედა შემკვრელი,გალუ4221,შავი,000016292,გალუ4226 - პროფილი. ნობელალუმინა XGJB-619P შტ. ზედა შემკვრელი შავი,პროფილი. ნობელალუმინა XGJB-619P შტ. ზედა შემკვრელი,გალუ4226,შავი,000016294,გმქნ4061 - შემაფერხებელიანი მიმმართველი ალუმინის ფასადის.  ნობელალუმინა HB01,000013473
სამაია,600,2600,500,1100,801-1400,2600-2700,"პნლა275259 - გასაგორებელი კარი სამაია, შავი, 801-1400, გალუ4206",პნლა275259,ინოქსი,გალუ4206,000041746,გალუ4206 - პროფილი. ნობელალუმინა XGJB-618P შტ. ფასადის გვერდი შავი,გალუ4206,პროფილი. ნობელალუმინა XGJB-618P შტ. ფასადის გვერდი,შავი,000016290,გალუ4226 - პროფილი. ნობელალუმინა XGJB-619P შტ. ზედა შემკვრელი შავი,პროფილი. ნობელალუმინა XGJB-619P შტ. ზედა შემკვრელი,გალუ4226,შავი,000016294,გალუ4221 - პროფილი. ნობელალუმინა XGJB-619AP შტ. ქვედა შემკვრელი შავი,პროფილი. ნობელალუმინა XGJB-619AP შტ. ქვედა შემკვრელი,გალუ4221,შავი,000016292,გალუ4226 - პროფილი. ნობელალუმინა XGJB-619P შტ. ზედა შემკვრელი შავი,პროფილი. ნობელალუმინა XGJB-619P შტ. ზედა შემკვრელი,გალუ4226,შავი,000016294,გმქნ4061 - შემაფერხებელიანი მიმმართველი ალუმინის ფასადის.  ნობელალუმინა HB01,000013473
სამაია,600,2600,500,1100,1401-2000,2600-2700,"პნლა275277 - გასაგორებელი კარი სამაია, შავი, 1401-2000, გალუ4206",პნლა275277,ინოქსი,გალუ4206,000041764,გალუ4206 - პროფილი. ნობელალუმინა XGJB-618P შტ. ფასადის გვერდი შავი,გალუ4206,პროფილი. ნობელალუმინა XGJB-618P შტ. ფასადის გვერდი,შავი,000016290,გალუ4226 - პროფილი. ნობელალუმინა XGJB-619P შტ. ზედა შემკვრელი შავი,პროფილი. ნობელალუმინა XGJB-619P შტ. ზედა შემკვრელი,გალუ4226,შავი,000016294,გალუ4221 - პროფილი. ნობელალუმინა XGJB-619AP შტ. ქვედა შემკვრელი შავი,პროფილი. ნობელალუმინა XGJB-619AP შტ. ქვედა შემკვრელი,გალუ4221,შავი,000016292,გალუ4226 - პროფილი. ნობელალუმინა XGJB-619P შტ. ზედა შემკვრელი შავი,პროფილი. ნობელალუმინა XGJB-619P შტ. ზედა შემკვრელი,გალუ4226,შავი,000016294,გმქნ4061 - შემაფერხებელიანი მიმმართველი ალუმინის ფასადის.  ნობელალუმინა HB01,000013473
სამაია,600,2600,500,1100,2001-2600,2600-2700,"პნლა275295 - გასაგორებელი კარი სამაია, შავი, 2001-2600, გალუ4206",პნლა275295,ინოქსი,გალუ4206,000041782,გალუ4206 - პროფილი. ნობელალუმინა XGJB-618P შტ. ფასადის გვერდი შავი,გალუ4206,პროფილი. ნობელალუმინა XGJB-618P შტ. ფასადის გვერდი,შავი,000016290,გალუ4226 - პროფილი. ნობელალუმინა XGJB-619P შტ. ზედა შემკვრელი შავი,პროფილი. ნობელალუმინა XGJB-619P შტ. ზედა შემკვრელი,გალუ4226,შავი,000016294,გალუ4221 - პროფილი. ნობელალუმინა XGJB-619AP შტ. ქვედა შემკვრელი შავი,პროფილი. ნობელალუმინა XGJB-619AP შტ. ქვედა შემკვრელი,გალუ4221,შავი,000016292,გალუ4226 - პროფილი. ნობელალუმინა XGJB-619P შტ. ზედა შემკვრელი შავი,პროფილი. ნობელალუმინა XGJB-619P შტ. ზედა შემკვრელი,გალუ4226,შავი,000016294,გმქნ4061 - შემაფერხებელიანი მიმმართველი ალუმინის ფასადის.  ნობელალუმინა HB01,000013473
სამაია,600,2600,500,1100,600-800,2600-2700,"პნლა275242 - გასაგორებელი კარი სამაია, ინოქსი, 600-800, გალუ4323",პნლა275242,ინოქსი,გალუ4323,000041729,გალუ4323 - პროფილი. ნობელალუმინა ZJB-715 შემკვრელი გვერდი ინოქსი,გალუ4323,პროფილი. ნობელალუმინა ZJB-715 შემკვრელი გვერდი,ინოქსი,000015211,გალუ4349 - პროფილი. ნობელალუმინა XBF-013 თხ. ტიხარი/ზედა შემკვრელი ინოქსი,პროფილი. ნობელალუმინა XBF-013 თხ. ტიხარი/ზედა შემკვრელი,გალუ4349,ინოქსი,000016297,გალუ4337 - პროფილი. ნობელალუმინა XSEK-502 თხ. ქვედა შემკვრელი ინოქსი,პროფილი. ნობელალუმინა XSEK-502 თხ. ქვედა შემკვრელი,გალუ4337,ინოქსი,000016295,გალუ4349 - პროფილი. ნობელალუმინა XBF-013 თხ. ტიხარი/ზედა შემკვრელი ინოქსი,პროფილი. ნობელალუმინა XBF-013 თხ. ტიხარი/ზედა შემკვრელი,გალუ4349,ინოქსი,000016297,გმქნ4061 - შემაფერხებელიანი მიმმართველი ალუმინის ფასადის.  ნობელალუმინა HB01,000013473
სამაია,600,2600,500,1100,801-1400,2600-2700,"პნლა275260 - გასაგორებელი კარი სამაია, ინოქსი, 801-1400, გალუ4323",პნლა275260,ინოქსი,გალუ4323,000041747,გალუ4323 - პროფილი. ნობელალუმინა ZJB-715 შემკვრელი გვერდი ინოქსი,გალუ4323,პროფილი. ნობელალუმინა ZJB-715 შემკვრელი გვერდი,ინოქსი,000015211,გალუ4349 - პროფილი. ნობელალუმინა XBF-013 თხ. ტიხარი/ზედა შემკვრელი ინოქსი,პროფილი. ნობელალუმინა XBF-013 თხ. ტიხარი/ზედა შემკვრელი,გალუ4349,ინოქსი,000016297,გალუ4337 - პროფილი. ნობელალუმინა XSEK-502 თხ. ქვედა შემკვრელი ინოქსი,პროფილი. ნობელალუმინა XSEK-502 თხ. ქვედა შემკვრელი,გალუ4337,ინოქსი,000016295,გალუ4349 - პროფილი. ნობელალუმინა XBF-013 თხ. ტიხარი/ზედა შემკვრელი ინოქსი,პროფილი. ნობელალუმინა XBF-013 თხ. ტიხარი/ზედა შემკვრელი,გალუ4349,ინოქსი,000016297,გმქნ4061 - შემაფერხებელიანი მიმმართველი ალუმინის ფასადის.  ნობელალუმინა HB01,000013473
სამაია,600,2600,500,1100,1401-2000,2600-2700,"პნლა275278 - გასაგორებელი კარი სამაია, ინოქსი, 1401-2000, გალუ4323",პნლა275278,ინოქსი,გალუ4323,000041765,გალუ4323 - პროფილი. ნობელალუმინა ZJB-715 შემკვრელი გვერდი ინოქსი,გალუ4323,პროფილი. ნობელალუმინა ZJB-715 შემკვრელი გვერდი,ინოქსი,000015211,გალუ4349 - პროფილი. ნობელალუმინა XBF-013 თხ. ტიხარი/ზედა შემკვრელი ინოქსი,პროფილი. ნობელალუმინა XBF-013 თხ. ტიხარი/ზედა შემკვრელი,გალუ4349,ინოქსი,000016297,გალუ4337 - პროფილი. ნობელალუმინა XSEK-502 თხ. ქვედა შემკვრელი ინოქსი,პროფილი. ნობელალუმინა XSEK-502 თხ. ქვედა შემკვრელი,გალუ4337,ინოქსი,000016295,გალუ4349 - პროფილი. ნობელალუმინა XBF-013 თხ. ტიხარი/ზედა შემკვრელი ინოქსი,პროფილი. ნობელალუმინა XBF-013 თხ. ტიხარი/ზედა შემკვრელი,გალუ4349,ინოქსი,000016297,გმქნ4061 - შემაფერხებელიანი მიმმართველი ალუმინის ფასადის.  ნობელალუმინა HB01,000013473
სამაია,600,2600,500,1100,2001-2600,2600-2700,"პნლა275296 - გასაგორებელი კარი სამაია, ინოქსი, 2001-2600, გალუ4323",პნლა275296,ინოქსი,გალუ4323,000041783,გალუ4323 - პროფილი. ნობელალუმინა ZJB-715 შემკვრელი გვერდი ინოქსი,გალუ4323,პროფილი. ნობელალუმინა ZJB-715 შემკვრელი გვერდი,ინოქსი,000015211,გალუ4349 - პროფილი. ნობელალუმინა XBF-013 თხ. ტიხარი/ზედა შემკვრელი ინოქსი,პროფილი. ნობელალუმინა XBF-013 თხ. ტიხარი/ზედა შემკვრელი,გალუ4349,ინოქსი,000016297,გალუ4337 - პროფილი. ნობელალუმინა XSEK-502 თხ. ქვედა შემკვრელი ინოქსი,პროფილი. ნობელალუმინა XSEK-502 თხ. ქვედა შემკვრელი,გალუ4337,ინოქსი,000016295,გალუ4349 - პროფილი. ნობელალუმინა XBF-013 თხ. ტიხარი/ზედა შემკვრელი ინოქსი,პროფილი. ნობელალუმინა XBF-013 თხ. ტიხარი/ზედა შემკვრელი,გალუ4349,ინოქსი,000016297,გმქნ4061 - შემაფერხებელიანი მიმმართველი ალუმინის ფასადის.  ნობელალუმინა HB01,000013473
სამაია,600,2600,500,1100,600-800,2600-2700,"პნლა275243 - გასაგორებელი კარი სამაია, შავი, 600-800, გალუ4323",პნლა275243,ინოქსი,გალუ4323,000041730,გალუ4323 - პროფილი. ნობელალუმინა ZJB-715 შემკვრელი გვერდი შავი,გალუ4323,პროფილი. ნობელალუმინა ZJB-715 შემკვრელი გვერდი,შავი,000015212,გალუ4349 - პროფილი. ნობელალუმინა XBF-013 თხ. ტიხარი/ზედა შემკვრელი შავი,პროფილი. ნობელალუმინა XBF-013 თხ. ტიხარი/ზედა შემკვრელი,გალუ4349,შავი,000016298,გალუ4337 - პროფილი. ნობელალუმინა XSEK-502 თხ. ქვედა შემკვრელი შავი,პროფილი. ნობელალუმინა XSEK-502 თხ. ქვედა შემკვრელი,გალუ4337,შავი,000016296,გალუ4349 - პროფილი. ნობელალუმინა XBF-013 თხ. ტიხარი/ზედა შემკვრელი შავი,პროფილი. ნობელალუმინა XBF-013 თხ. ტიხარი/ზედა შემკვრელი,გალუ4349,შავი,000016298,გმქნ4061 - შემაფერხებელიანი მიმმართველი ალუმინის ფასადის.  ნობელალუმინა HB01,000013473
სამაია,600,2600,500,1100,801-1400,2600-2700,"პნლა275261 - გასაგორებელი კარი სამაია, შავი, 801-1400, გალუ4323",პნლა275261,ინოქსი,გალუ4323,000041748,გალუ4323 - პროფილი. ნობელალუმინა ZJB-715 შემკვრელი გვერდი შავი,გალუ4323,პროფილი. ნობელალუმინა ZJB-715 შემკვრელი გვერდი,შავი,000015212,გალუ4349 - პროფილი. ნობელალუმინა XBF-013 თხ. ტიხარი/ზედა შემკვრელი შავი,პროფილი. ნობელალუმინა XBF-013 თხ. ტიხარი/ზედა შემკვრელი,გალუ4349,შავი,000016298,გალუ4337 - პროფილი. ნობელალუმინა XSEK-502 თხ. ქვედა შემკვრელი შავი,პროფილი. ნობელალუმინა XSEK-502 თხ. ქვედა შემკვრელი,გალუ4337,შავი,000016296,გალუ4349 - პროფილი. ნობელალუმინა XBF-013 თხ. ტიხარი/ზედა შემკვრელი შავი,პროფილი. ნობელალუმინა XBF-013 თხ. ტიხარი/ზედა შემკვრელი,გალუ4349,შავი,000016298,გმქნ4061 - შემაფერხებელიანი მიმმართველი ალუმინის ფასადის.  ნობელალუმინა HB01,000013473
სამაია,600,2600,500,1100,1401-2000,2600-2700,"პნლა275279 - გასაგორებელი კარი სამაია, შავი, 1401-2000, გალუ4323",პნლა275279,ინოქსი,გალუ4323,000041766,გალუ4323 - პროფილი. ნობელალუმინა ZJB-715 შემკვრელი გვერდი შავი,გალუ4323,პროფილი. ნობელალუმინა ZJB-715 შემკვრელი გვერდი,შავი,000015212,გალუ4349 - პროფილი. ნობელალუმინა XBF-013 თხ. ტიხარი/ზედა შემკვრელი შავი,პროფილი. ნობელალუმინა XBF-013 თხ. ტიხარი/ზედა შემკვრელი,გალუ4349,შავი,000016298,გალუ4337 - პროფილი. ნობელალუმინა XSEK-502 თხ. ქვედა შემკვრელი შავი,პროფილი. ნობელალუმინა XSEK-502 თხ. ქვედა შემკვრელი,გალუ4337,შავი,000016296,გალუ4349 - პროფილი. ნობელალუმინა XBF-013 თხ. ტიხარი/ზედა შემკვრელი შავი,პროფილი. ნობელალუმინა XBF-013 თხ. ტიხარი/ზედა შემკვრელი,გალუ4349,შავი,000016298,გმქნ4061 - შემაფერხებელიანი მიმმართველი ალუმინის ფასადის.  ნობელალუმინა HB01,000013473
სამაია,600,2600,500,1100,2001-2600,2600-2700,"პნლა275297 - გასაგორებელი კარი სამაია, შავი, 2001-2600, გალუ4323",პნლა275297,ინოქსი,გალუ4323,000041784,გალუ4323 - პროფილი. ნობელალუმინა ZJB-715 შემკვრელი გვერდი შავი,გალუ4323,პროფილი. ნობელალუმინა ZJB-715 შემკვრელი გვერდი,შავი,000015212,გალუ4349 - პროფილი. ნობელალუმინა XBF-013 თხ. ტიხარი/ზედა შემკვრელი შავი,პროფილი. ნობელალუმინა XBF-013 თხ. ტიხარი/ზედა შემკვრელი,გალუ4349,შავი,000016298,გალუ4337 - პროფილი. ნობელალუმინა XSEK-502 თხ. ქვედა შემკვრელი შავი,პროფილი. ნობელალუმინა XSEK-502 თხ. ქვედა შემკვრელი,გალუ4337,შავი,000016296,გალუ4349 - პროფილი. ნობელალუმინა XBF-013 თხ. ტიხარი/ზედა შემკვრელი შავი,პროფილი. ნობელალუმინა XBF-013 თხ. ტიხარი/ზედა შემკვრელი,გალუ4349,შავი,000016298,გმქნ4061 - შემაფერხებელიანი მიმმართველი ალუმინის ფასადის.  ნობელალუმინა HB01,000013473
სამაია,600,2600,500,1100,600-800,2600-2700,"პნლა275244 - გასაგორებელი კარი სამაია, ინოქსი, 600-800, გალუ4355",პნლა275244,ინოქსი,გალუ4355,000041731,გალუ4355 - პროფილი. ნობელალუმინა LWY-002 ფასადის გვერდი ინოქსი,გალუ4355,პროფილი. ნობელალუმინა LWY-002 ფასადის გვერდი,ინოქსი,000016300,გალუ4349 - პროფილი. ნობელალუმინა XBF-013 თხ. ტიხარი/ზედა შემკვრელი ინოქსი,პროფილი. ნობელალუმინა XBF-013 თხ. ტიხარი/ზედა შემკვრელი,გალუ4349,ინოქსი,000016297,გალუ4337 - პროფილი. ნობელალუმინა XSEK-502 თხ. ქვედა შემკვრელი ინოქსი,პროფილი. ნობელალუმინა XSEK-502 თხ. ქვედა შემკვრელი,გალუ4337,ინოქსი,000016295,გალუ4349 - პროფილი. ნობელალუმინა XBF-013 თხ. ტიხარი/ზედა შემკვრელი ინოქსი,პროფილი. ნობელალუმინა XBF-013 თხ. ტიხარი/ზედა შემკვრელი,გალუ4349,ინოქსი,000016297,გმქნ4061 - შემაფერხებელიანი მიმმართველი ალუმინის ფასადის.  ნობელალუმინა HB01,000013473
სამაია,600,2600,500,1100,801-1400,2600-2700,"პნლა275262 - გასაგორებელი კარი სამაია, ინოქსი, 801-1400, გალუ4355",პნლა275262,ინოქსი,გალუ4355,000041749,გალუ4355 - პროფილი. ნობელალუმინა LWY-002 ფასადის გვერდი ინოქსი,გალუ4355,პროფილი. ნობელალუმინა LWY-002 ფასადის გვერდი,ინოქსი,000016300,გალუ4349 - პროფილი. ნობელალუმინა XBF-013 თხ. ტიხარი/ზედა შემკვრელი ინოქსი,პროფილი. ნობელალუმინა XBF-013 თხ. ტიხარი/ზედა შემკვრელი,გალუ4349,ინოქსი,000016297,გალუ4337 - პროფილი. ნობელალუმინა XSEK-502 თხ. ქვედა შემკვრელი ინოქსი,პროფილი. ნობელალუმინა XSEK-502 თხ. ქვედა შემკვრელი,გალუ4337,ინოქსი,000016295,გალუ4349 - პროფილი. ნობელალუმინა XBF-013 თხ. ტიხარი/ზედა შემკვრელი ინოქსი,პროფილი. ნობელალუმინა XBF-013 თხ. ტიხარი/ზედა შემკვრელი,გალუ4349,ინოქსი,000016297,გმქნ4061 - შემაფერხებელიანი მიმმართველი ალუმინის ფასადის.  ნობელალუმინა HB01,000013473
სამაია,600,2600,500,1100,1401-2000,2600-2700,"პნლა275280 - გასაგორებელი კარი სამაია, ინოქსი, 1401-2000, გალუ4355",პნლა275280,ინოქსი,გალუ4355,000041767,გალუ4355 - პროფილი. ნობელალუმინა LWY-002 ფასადის გვერდი ინოქსი,გალუ4355,პროფილი. ნობელალუმინა LWY-002 ფასადის გვერდი,ინოქსი,000016300,გალუ4349 - პროფილი. ნობელალუმინა XBF-013 თხ. ტიხარი/ზედა შემკვრელი ინოქსი,პროფილი. ნობელალუმინა XBF-013 თხ. ტიხარი/ზედა შემკვრელი,გალუ4349,ინოქსი,000016297,გალუ4337 - პროფილი. ნობელალუმინა XSEK-502 თხ. ქვედა შემკვრელი ინოქსი,პროფილი. ნობელალუმინა XSEK-502 თხ. ქვედა შემკვრელი,გალუ4337,ინოქსი,000016295,გალუ4349 - პროფილი. ნობელალუმინა XBF-013 თხ. ტიხარი/ზედა შემკვრელი ინოქსი,პროფილი. ნობელალუმინა XBF-013 თხ. ტიხარი/ზედა შემკვრელი,გალუ4349,ინოქსი,000016297,გმქნ4061 - შემაფერხებელიანი მიმმართველი ალუმინის ფასადის.  ნობელალუმინა HB01,000013473
სამაია,600,2600,500,1100,2001-2600,2600-2700,"პნლა275298 - გასაგორებელი კარი სამაია, ინოქსი, 2001-2600, გალუ4355",პნლა275298,ინოქსი,გალუ4355,000041785,გალუ4355 - პროფილი. ნობელალუმინა LWY-002 ფასადის გვერდი ინოქსი,გალუ4355,პროფილი. ნობელალუმინა LWY-002 ფასადის გვერდი,ინოქსი,000016300,გალუ4349 - პროფილი. ნობელალუმინა XBF-013 თხ. ტიხარი/ზედა შემკვრელი ინოქსი,პროფილი. ნობელალუმინა XBF-013 თხ. ტიხარი/ზედა შემკვრელი,გალუ4349,ინოქსი,000016297,გალუ4337 - პროფილი. ნობელალუმინა XSEK-502 თხ. ქვედა შემკვრელი ინოქსი,პროფილი. ნობელალუმინა XSEK-502 თხ. ქვედა შემკვრელი,გალუ4337,ინოქსი,000016295,გალუ4349 - პროფილი. ნობელალუმინა XBF-013 თხ. ტიხარი/ზედა შემკვრელი ინოქსი,პროფილი. ნობელალუმინა XBF-013 თხ. ტიხარი/ზედა შემკვრელი,გალუ4349,ინოქსი,000016297,გმქნ4061 - შემაფერხებელიანი მიმმართველი ალუმინის ფასადის.  ნობელალუმინა HB01,000013473
სამაია,600,2600,500,1100,600-800,2600-2700,"პნლა275245 - გასაგორებელი კარი სამაია, შავი, 600-800, გალუ4355",პნლა275245,ინოქსი,გალუ4355,000041732,გალუ4355 - პროფილი. ნობელალუმინა LWY-002 ფასადის გვერდი შავი,გალუ4355,პროფილი. ნობელალუმინა LWY-002 ფასადის გვერდი,შავი,000016299,გალუ4349 - პროფილი. ნობელალუმინა XBF-013 თხ. ტიხარი/ზედა შემკვრელი შავი,პროფილი. ნობელალუმინა XBF-013 თხ. ტიხარი/ზედა შემკვრელი,გალუ4349,შავი,000016298,გალუ4337 - პროფილი. ნობელალუმინა XSEK-502 თხ. ქვედა შემკვრელი შავი,პროფილი. ნობელალუმინა XSEK-502 თხ. ქვედა შემკვრელი,გალუ4337,შავი,000016296,გალუ4349 - პროფილი. ნობელალუმინა XBF-013 თხ. ტიხარი/ზედა შემკვრელი შავი,პროფილი. ნობელალუმინა XBF-013 თხ. ტიხარი/ზედა შემკვრელი,გალუ4349,შავი,000016298,გმქნ4061 - შემაფერხებელიანი მიმმართველი ალუმინის ფასადის.  ნობელალუმინა HB01,000013473
სამაია,600,2600,500,1100,801-1400,2600-2700,"პნლა275263 - გასაგორებელი კარი სამაია, შავი, 801-1400, გალუ4355",პნლა275263,ინოქსი,გალუ4355,000041750,გალუ4355 - პროფილი. ნობელალუმინა LWY-002 ფასადის გვერდი შავი,გალუ4355,პროფილი. ნობელალუმინა LWY-002 ფასადის გვერდი,შავი,000016299,გალუ4349 - პროფილი. ნობელალუმინა XBF-013 თხ. ტიხარი/ზედა შემკვრელი შავი,პროფილი. ნობელალუმინა XBF-013 თხ. ტიხარი/ზედა შემკვრელი,გალუ4349,შავი,000016298,გალუ4337 - პროფილი. ნობელალუმინა XSEK-502 თხ. ქვედა შემკვრელი შავი,პროფილი. ნობელალუმინა XSEK-502 თხ. ქვედა შემკვრელი,გალუ4337,შავი,000016296,გალუ4349 - პროფილი. ნობელალუმინა XBF-013 თხ. ტიხარი/ზედა შემკვრელი შავი,პროფილი. ნობელალუმინა XBF-013 თხ. ტიხარი/ზედა შემკვრელი,გალუ4349,შავი,000016298,გმქნ4061 - შემაფერხებელიანი მიმმართველი ალუმინის ფასადის.  ნობელალუმინა HB01,000013473
სამაია,600,2600,500,1100,1401-2000,2600-2700,"პნლა275281 - გასაგორებელი კარი სამაია, შავი, 1401-2000, გალუ4355",პნლა275281,ინოქსი,გალუ4355,000041768,გალუ4355 - პროფილი. ნობელალუმინა LWY-002 ფასადის გვერდი შავი,გალუ4355,პროფილი. ნობელალუმინა LWY-002 ფასადის გვერდი,შავი,000016299,გალუ4349 - პროფილი. ნობელალუმინა XBF-013 თხ. ტიხარი/ზედა შემკვრელი შავი,პროფილი. ნობელალუმინა XBF-013 თხ. ტიხარი/ზედა შემკვრელი,გალუ4349,შავი,000016298,გალუ4337 - პროფილი. ნობელალუმინა XSEK-502 თხ. ქვედა შემკვრელი შავი,პროფილი. ნობელალუმინა XSEK-502 თხ. ქვედა შემკვრელი,გალუ4337,შავი,000016296,გალუ4349 - პროფილი. ნობელალუმინა XBF-013 თხ. ტიხარი/ზედა შემკვრელი შავი,პროფილი. ნობელალუმინა XBF-013 თხ. ტიხარი/ზედა შემკვრელი,გალუ4349,შავი,000016298,გმქნ4061 - შემაფერხებელიანი მიმმართველი ალუმინის ფასადის.  ნობელალუმინა HB01,000013473
სამაია,600,2600,500,1100,2001-2600,2600-2700,"პნლა275299 - გასაგორებელი კარი სამაია, შავი, 2001-2600, გალუ4355",პნლა275299,ინოქსი,გალუ4355,000041786,გალუ4355 - პროფილი. ნობელალუმინა LWY-002 ფასადის გვერდი შავი,გალუ4355,პროფილი. ნობელალუმინა LWY-002 ფასადის გვერდი,შავი,000016299,გალუ4349 - პროფილი. ნობელალუმინა XBF-013 თხ. ტიხარი/ზედა შემკვრელი შავი,პროფილი. ნობელალუმინა XBF-013 თხ. ტიხარი/ზედა შემკვრელი,გალუ4349,შავი,000016298,გალუ4337 - პროფილი. ნობელალუმინა XSEK-502 თხ. ქვედა შემკვრელი შავი,პროფილი. ნობელალუმინა XSEK-502 თხ. ქვედა შემკვრელი,გალუ4337,შავი,000016296,გალუ4349 - პროფილი. ნობელალუმინა XBF-013 თხ. ტიხარი/ზედა შემკვრელი შავი,პროფილი. ნობელალუმინა XBF-013 თხ. ტიხარი/ზედა შემკვრელი,გალუ4349,შავი,000016298,გმქნ4061 - შემაფერხებელიანი მიმმართველი ალუმინის ფასადის.  ნობელალუმინა HB01,000013473
სამაია,600,2600,500,1100,600-800,2600-2700,"პნლა275246 - გასაგორებელი კარი სამაია, ინოქსი, 600-800, გალუ4111",პნლა275246,ინოქსი,გალუ4111,000041733,გალუ4111 - პროფილი. ნობელალუმინა XGJB-629 ვწ. ფასადის გვერდი ინოქსი,გალუ4111,პროფილი. ნობელალუმინა XGJB-629 ვწ. ფასადის გვერდი,ინოქსი,000015194,გალუ4126 - პროფილი. ნობელალუმინა XGJB-340 ვწ. ზედა შემკვრელი ინოქსი,პროფილი. ნობელალუმინა XGJB-340 ვწ. ზედა შემკვრელი,გალუ4126,ინოქსი,000015198,გალუ4121 - პროფილი. ნობელალუმინა XGJB-339 ვწ. ქვედა შემკვრელი ინოქსი,პროფილი. ნობელალუმინა XGJB-339 ვწ. ქვედა შემკვრელი,გალუ4121,ინოქსი,000015196,გალუ4132 - პროფილი. ნობელალუმინა XGJB-341P ვწ. შიდა ტიხარი ინოქსი,პროფილი. ნობელალუმინა XGJB-341P ვწ. შიდა ტიხარი,გალუ4132,ინოქსი,000015200,გმქნ4061 - შემაფერხებელიანი მიმმართველი ალუმინის ფასადის.  ნობელალუმინა HB01,000013473
სამაია,600,2600,500,1100,801-1400,2600-2700,"პნლა275264 - გასაგორებელი კარი სამაია, ინოქსი, 801-1400, გალუ4111",პნლა275264,ინოქსი,გალუ4111,000041751,გალუ4111 - პროფილი. ნობელალუმინა XGJB-629 ვწ. ფასადის გვერდი ინოქსი,გალუ4111,პროფილი. ნობელალუმინა XGJB-629 ვწ. ფასადის გვერდი,ინოქსი,000015194,გალუ4126 - პროფილი. ნობელალუმინა XGJB-340 ვწ. ზედა შემკვრელი ინოქსი,პროფილი. ნობელალუმინა XGJB-340 ვწ. ზედა შემკვრელი,გალუ4126,ინოქსი,000015198,გალუ4121 - პროფილი. ნობელალუმინა XGJB-339 ვწ. ქვედა შემკვრელი ინოქსი,პროფილი. ნობელალუმინა XGJB-339 ვწ. ქვედა შემკვრელი,გალუ4121,ინოქსი,000015196,გალუ4132 - პროფილი. ნობელალუმინა XGJB-341P ვწ. შიდა ტიხარი ინოქსი,პროფილი. ნობელალუმინა XGJB-341P ვწ. შიდა ტიხარი,გალუ4132,ინოქსი,000015200,გმქნ4061 - შემაფერხებელიანი მიმმართველი ალუმინის ფასადის.  ნობელალუმინა HB01,000013473
სამაია,600,2600,500,1100,1401-2000,2600-2700,"პნლა275282 - გასაგორებელი კარი სამაია, ინოქსი, 1401-2000, გალუ4111",პნლა275282,ინოქსი,გალუ4111,000041769,გალუ4111 - პროფილი. ნობელალუმინა XGJB-629 ვწ. ფასადის გვერდი ინოქსი,გალუ4111,პროფილი. ნობელალუმინა XGJB-629 ვწ. ფასადის გვერდი,ინოქსი,000015194,გალუ4126 - პროფილი. ნობელალუმინა XGJB-340 ვწ. ზედა შემკვრელი ინოქსი,პროფილი. ნობელალუმინა XGJB-340 ვწ. ზედა შემკვრელი,გალუ4126,ინოქსი,000015198,გალუ4121 - პროფილი. ნობელალუმინა XGJB-339 ვწ. ქვედა შემკვრელი ინოქსი,პროფილი. ნობელალუმინა XGJB-339 ვწ. ქვედა შემკვრელი,გალუ4121,ინოქსი,000015196,გალუ4132 - პროფილი. ნობელალუმინა XGJB-341P ვწ. შიდა ტიხარი ინოქსი,პროფილი. ნობელალუმინა XGJB-341P ვწ. შიდა ტიხარი,გალუ4132,ინოქსი,000015200,გმქნ4061 - შემაფერხებელიანი მიმმართველი ალუმინის ფასადის.  ნობელალუმინა HB01,000013473
სამაია,600,2600,500,1100,2001-2600,2600-2700,"პნლა275300 - გასაგორებელი კარი სამაია, ინოქსი, 2001-2600, გალუ4111",პნლა275300,ინოქსი,გალუ4111,000041787,გალუ4111 - პროფილი. ნობელალუმინა XGJB-629 ვწ. ფასადის გვერდი ინოქსი,გალუ4111,პროფილი. ნობელალუმინა XGJB-629 ვწ. ფასადის გვერდი,ინოქსი,000015194,გალუ4126 - პროფილი. ნობელალუმინა XGJB-340 ვწ. ზედა შემკვრელი ინოქსი,პროფილი. ნობელალუმინა XGJB-340 ვწ. ზედა შემკვრელი,გალუ4126,ინოქსი,000015198,გალუ4121 - პროფილი. ნობელალუმინა XGJB-339 ვწ. ქვედა შემკვრელი ინოქსი,პროფილი. ნობელალუმინა XGJB-339 ვწ. ქვედა შემკვრელი,გალუ4121,ინოქსი,000015196,გალუ4132 - პროფილი. ნობელალუმინა XGJB-341P ვწ. შიდა ტიხარი ინოქსი,პროფილი. ნობელალუმინა XGJB-341P ვწ. შიდა ტიხარი,გალუ4132,ინოქსი,000015200,გმქნ4061 - შემაფერხებელიანი მიმმართველი ალუმინის ფასადის.  ნობელალუმინა HB01,000013473
სამაია,600,2600,500,1100,600-800,2600-2700,"პნლა275247 - გასაგორებელი კარი სამაია, შავი, 600-800, გალუ4111",პნლა275247,ინოქსი,გალუ4111,000041734,გალუ4111 - პროფილი. ნობელალუმინა XGJB-629 ვწ. ფასადის გვერდი შავი,გალუ4111,პროფილი. ნობელალუმინა XGJB-629 ვწ. ფასადის გვერდი,შავი,000015195,გალუ4126 - პროფილი. ნობელალუმინა XGJB-340 ვწ. ზედა შემკვრელი შავი,პროფილი. ნობელალუმინა XGJB-340 ვწ. ზედა შემკვრელი,გალუ4126,შავი,000015199,გალუ4121 - პროფილი. ნობელალუმინა XGJB-339 ვწ. ქვედა შემკვრელი შავი,პროფილი. ნობელალუმინა XGJB-339 ვწ. ქვედა შემკვრელი,გალუ4121,შავი,000015197,გალუ4132 - პროფილი. ნობელალუმინა XGJB-341P ვწ. შიდა ტიხარი შავი,პროფილი. ნობელალუმინა XGJB-341P ვწ. შიდა ტიხარი,გალუ4132,შავი,000015201,გმქნ4061 - შემაფერხებელიანი მიმმართველი ალუმინის ფასადის.  ნობელალუმინა HB01,000013473
სამაია,600,2600,500,1100,801-1400,2600-2700,"პნლა275265 - გასაგორებელი კარი სამაია, შავი, 801-1400, გალუ4111",პნლა275265,ინოქსი,გალუ4111,000041752,გალუ4111 - პროფილი. ნობელალუმინა XGJB-629 ვწ. ფასადის გვერდი შავი,გალუ4111,პროფილი. ნობელალუმინა XGJB-629 ვწ. ფასადის გვერდი,შავი,000015195,გალუ4126 - პროფილი. ნობელალუმინა XGJB-340 ვწ. ზედა შემკვრელი შავი,პროფილი. ნობელალუმინა XGJB-340 ვწ. ზედა შემკვრელი,გალუ4126,შავი,000015199,გალუ4121 - პროფილი. ნობელალუმინა XGJB-339 ვწ. ქვედა შემკვრელი შავი,პროფილი. ნობელალუმინა XGJB-339 ვწ. ქვედა შემკვრელი,გალუ4121,შავი,000015197,გალუ4132 - პროფილი. ნობელალუმინა XGJB-341P ვწ. შიდა ტიხარი შავი,პროფილი. ნობელალუმინა XGJB-341P ვწ. შიდა ტიხარი,გალუ4132,შავი,000015201,გმქნ4061 - შემაფერხებელიანი მიმმართველი ალუმინის ფასადის.  ნობელალუმინა HB01,000013473
სამაია,600,2600,500,1100,1401-2000,2600-2700,"პნლა275283 - გასაგორებელი კარი სამაია, შავი, 1401-2000, გალუ4111",პნლა275283,ინოქსი,გალუ4111,000041770,გალუ4111 - პროფილი. ნობელალუმინა XGJB-629 ვწ. ფასადის გვერდი შავი,გალუ4111,პროფილი. ნობელალუმინა XGJB-629 ვწ. ფასადის გვერდი,შავი,000015195,გალუ4126 - პროფილი. ნობელალუმინა XGJB-340 ვწ. ზედა შემკვრელი შავი,პროფილი. ნობელალუმინა XGJB-340 ვწ. ზედა შემკვრელი,გალუ4126,შავი,000015199,გალუ4121 - პროფილი. ნობელალუმინა XGJB-339 ვწ. ქვედა შემკვრელი შავი,პროფილი. ნობელალუმინა XGJB-339 ვწ. ქვედა შემკვრელი,გალუ4121,შავი,000015197,გალუ4132 - პროფილი. ნობელალუმინა XGJB-341P ვწ. შიდა ტიხარი შავი,პროფილი. ნობელალუმინა XGJB-341P ვწ. შიდა ტიხარი,გალუ4132,შავი,000015201,გმქნ4061 - შემაფერხებელიანი მიმმართველი ალუმინის ფასადის.  ნობელალუმინა HB01,000013473
სამაია,600,2600,500,1100,2001-2600,2600-2700,"პნლა275301 - გასაგორებელი კარი სამაია, შავი, 2001-2600, გალუ4111",პნლა275301,ინოქსი,გალუ4111,000041788,გალუ4111 - პროფილი. ნობელალუმინა XGJB-629 ვწ. ფასადის გვერდი შავი,გალუ4111,პროფილი. ნობელალუმინა XGJB-629 ვწ. ფასადის გვერდი,შავი,000015195,გალუ4126 - პროფილი. ნობელალუმინა XGJB-340 ვწ. ზედა შემკვრელი შავი,პროფილი. ნობელალუმინა XGJB-340 ვწ. ზედა შემკვრელი,გალუ4126,შავი,000015199,გალუ4121 - პროფილი. ნობელალუმინა XGJB-339 ვწ. ქვედა შემკვრელი შავი,პროფილი. ნობელალუმინა XGJB-339 ვწ. ქვედა შემკვრელი,გალუ4121,შავი,000015197,გალუ4132 - პროფილი. ნობელალუმინა XGJB-341P ვწ. შიდა ტიხარი შავი,პროფილი. ნობელალუმინა XGJB-341P ვწ. შიდა ტიხარი,გალუ4132,შავი,000015201,გმქნ4061 - შემაფერხებელიანი მიმმართველი ალუმინის ფასადის.  ნობელალუმინა HB01,000013473
სამაია,600,2600,500,1100,600-800,2600-2700,"პნლა275248 - გასაგორებელი კარი სამაია, ინოქსი, 600-800, გალუ4171",პნლა275248,ინოქსი,გალუ4171,000041735,გალუ4171 - პროფილი. ნობელალუმინა XGJB-1372 კუბიკი გვერდი ინოქსი,გალუ4171,პროფილი. ნობელალუმინა XGJB-1372 კუბიკი გვერდი,ინოქსი,000015180,გალუ4176 - პროფილი. ნობელალუმინა XGJB-1371 კუბიკი ზედა შემკვრელი ინოქსი,პროფილი. ნობელალუმინა XGJB-1371 კუბიკი ზედა შემკვრელი,გალუ4176,ინოქსი,000015205,გალუ4174 - პროფილი. ნობელალუმინა XGJB-1369 კუბიკი ქვედა შემკვრელი ინოქსი,პროფილი. ნობელალუმინა XGJB-1369 კუბიკი ქვედა შემკვრელი,გალუ4174,ინოქსი,000015203,გალუ4179 - პროფილი. ნობელალუმინა XGJB-1370 კუბიკი შიდა ტიხარი ინოქსი,პროფილი. ნობელალუმინა XGJB-1370 კუბიკი შიდა ტიხარი,გალუ4179,ინოქსი,000015207,გმქნ4061 - შემაფერხებელიანი მიმმართველი ალუმინის ფასადის.  ნობელალუმინა HB01,000013473
სამაია,600,2600,500,1100,801-1400,2600-2700,"პნლა275266 - გასაგორებელი კარი სამაია, ინოქსი, 801-1400, გალუ4171",პნლა275266,ინოქსი,გალუ4171,000041753,გალუ4171 - პროფილი. ნობელალუმინა XGJB-1372 კუბიკი გვერდი ინოქსი,გალუ4171,პროფილი. ნობელალუმინა XGJB-1372 კუბიკი გვერდი,ინოქსი,000015180,გალუ4176 - პროფილი. ნობელალუმინა XGJB-1371 კუბიკი ზედა შემკვრელი ინოქსი,პროფილი. ნობელალუმინა XGJB-1371 კუბიკი ზედა შემკვრელი,გალუ4176,ინოქსი,000015205,გალუ4174 - პროფილი. ნობელალუმინა XGJB-1369 კუბიკი ქვედა შემკვრელი ინოქსი,პროფილი. ნობელალუმინა XGJB-1369 კუბიკი ქვედა შემკვრელი,გალუ4174,ინოქსი,000015203,გალუ4179 - პროფილი. ნობელალუმინა XGJB-1370 კუბიკი შიდა ტიხარი ინოქსი,პროფილი. ნობელალუმინა XGJB-1370 კუბიკი შიდა ტიხარი,გალუ4179,ინოქსი,000015207,გმქნ4061 - შემაფერხებელიანი მიმმართველი ალუმინის ფასადის.  ნობელალუმინა HB01,000013473
სამაია,600,2600,500,1100,1401-2000,2600-2700,"პნლა275284 - გასაგორებელი კარი სამაია, ინოქსი, 1401-2000, გალუ4171",პნლა275284,ინოქსი,გალუ4171,000041771,გალუ4171 - პროფილი. ნობელალუმინა XGJB-1372 კუბიკი გვერდი ინოქსი,გალუ4171,პროფილი. ნობელალუმინა XGJB-1372 კუბიკი გვერდი,ინოქსი,000015180,გალუ4176 - პროფილი. ნობელალუმინა XGJB-1371 კუბიკი ზედა შემკვრელი ინოქსი,პროფილი. ნობელალუმინა XGJB-1371 კუბიკი ზედა შემკვრელი,გალუ4176,ინოქსი,000015205,გალუ4174 - პროფილი. ნობელალუმინა XGJB-1369 კუბიკი ქვედა შემკვრელი ინოქსი,პროფილი. ნობელალუმინა XGJB-1369 კუბიკი ქვედა შემკვრელი,გალუ4174,ინოქსი,000015203,გალუ4179 - პროფილი. ნობელალუმინა XGJB-1370 კუბიკი შიდა ტიხარი ინოქსი,პროფილი. ნობელალუმინა XGJB-1370 კუბიკი შიდა ტიხარი,გალუ4179,ინოქსი,000015207,გმქნ4061 - შემაფერხებელიანი მიმმართველი ალუმინის ფასადის.  ნობელალუმინა HB01,000013473
სამაია,600,2600,500,1100,2001-2600,2600-2700,"პნლა275302 - გასაგორებელი კარი სამაია, ინოქსი, 2001-2600, გალუ4171",პნლა275302,ინოქსი,გალუ4171,000041789,გალუ4171 - პროფილი. ნობელალუმინა XGJB-1372 კუბიკი გვერდი ინოქსი,გალუ4171,პროფილი. ნობელალუმინა XGJB-1372 კუბიკი გვერდი,ინოქსი,000015180,გალუ4176 - პროფილი. ნობელალუმინა XGJB-1371 კუბიკი ზედა შემკვრელი ინოქსი,პროფილი. ნობელალუმინა XGJB-1371 კუბიკი ზედა შემკვრელი,გალუ4176,ინოქსი,000015205,გალუ4174 - პროფილი. ნობელალუმინა XGJB-1369 კუბიკი ქვედა შემკვრელი ინოქსი,პროფილი. ნობელალუმინა XGJB-1369 კუბიკი ქვედა შემკვრელი,გალუ4174,ინოქსი,000015203,გალუ4179 - პროფილი. ნობელალუმინა XGJB-1370 კუბიკი შიდა ტიხარი ინოქსი,პროფილი. ნობელალუმინა XGJB-1370 კუბიკი შიდა ტიხარი,გალუ4179,ინოქსი,000015207,გმქნ4061 - შემაფერხებელიანი მიმმართველი ალუმინის ფასადის.  ნობელალუმინა HB01,000013473
სამაია,600,2600,500,1100,600-800,2600-2700,"პნლა275249 - გასაგორებელი კარი სამაია, შავი, 600-800, გალუ4171",პნლა275249,ინოქსი,გალუ4171,000041736,გალუ4171 - პროფილი. ნობელალუმინა XGJB-1372 კუბიკი გვერდი შავი,გალუ4171,პროფილი. ნობელალუმინა XGJB-1372 კუბიკი გვერდი,შავი,000015202,გალუ4176 - პროფილი. ნობელალუმინა XGJB-1371 კუბიკი ზედა შემკვრელი შავი,პროფილი. ნობელალუმინა XGJB-1371 კუბიკი ზედა შემკვრელი,გალუ4176,შავი,000015206,გალუ4174 - პროფილი. ნობელალუმინა XGJB-1369 კუბიკი ქვედა შემკვრელი შავი,პროფილი. ნობელალუმინა XGJB-1369 კუბიკი ქვედა შემკვრელი,გალუ4174,შავი,000015204,გალუ4179 - პროფილი. ნობელალუმინა XGJB-1370 კუბიკი შიდა ტიხარი შავი,პროფილი. ნობელალუმინა XGJB-1370 კუბიკი შიდა ტიხარი,გალუ4179,შავი,000015208,გმქნ4061 - შემაფერხებელიანი მიმმართველი ალუმინის ფასადის.  ნობელალუმინა HB01,000013473
სამაია,600,2600,500,1100,801-1400,2600-2700,"პნლა275267 - გასაგორებელი კარი სამაია, შავი, 801-1400, გალუ4171",პნლა275267,ინოქსი,გალუ4171,000041754,გალუ4171 - პროფილი. ნობელალუმინა XGJB-1372 კუბიკი გვერდი შავი,გალუ4171,პროფილი. ნობელალუმინა XGJB-1372 კუბიკი გვერდი,შავი,000015202,გალუ4176 - პროფილი. ნობელალუმინა XGJB-1371 კუბიკი ზედა შემკვრელი შავი,პროფილი. ნობელალუმინა XGJB-1371 კუბიკი ზედა შემკვრელი,გალუ4176,შავი,000015206,გალუ4174 - პროფილი. ნობელალუმინა XGJB-1369 კუბიკი ქვედა შემკვრელი შავი,პროფილი. ნობელალუმინა XGJB-1369 კუბიკი ქვედა შემკვრელი,გალუ4174,შავი,000015204,გალუ4179 - პროფილი. ნობელალუმინა XGJB-1370 კუბიკი შიდა ტიხარი შავი,პროფილი. ნობელალუმინა XGJB-1370 კუბიკი შიდა ტიხარი,გალუ4179,შავი,000015208,გმქნ4061 - შემაფერხებელიანი მიმმართველი ალუმინის ფასადის.  ნობელალუმინა HB01,000013473
სამაია,600,2600,500,1100,1401-2000,2600-2700,"პნლა275285 - გასაგორებელი კარი სამაია, შავი, 1401-2000, გალუ4171",პნლა275285,ინოქსი,გალუ4171,000041772,გალუ4171 - პროფილი. ნობელალუმინა XGJB-1372 კუბიკი გვერდი შავი,გალუ4171,პროფილი. ნობელალუმინა XGJB-1372 კუბიკი გვერდი,შავი,000015202,გალუ4176 - პროფილი. ნობელალუმინა XGJB-1371 კუბიკი ზედა შემკვრელი შავი,პროფილი. ნობელალუმინა XGJB-1371 კუბიკი ზედა შემკვრელი,გალუ4176,შავი,000015206,გალუ4174 - პროფილი. ნობელალუმინა XGJB-1369 კუბიკი ქვედა შემკვრელი შავი,პროფილი. ნობელალუმინა XGJB-1369 კუბიკი ქვედა შემკვრელი,გალუ4174,შავი,000015204,გალუ4179 - პროფილი. ნობელალუმინა XGJB-1370 კუბიკი შიდა ტიხარი შავი,პროფილი. ნობელალუმინა XGJB-1370 კუბიკი შიდა ტიხარი,გალუ4179,შავი,000015208,გმქნ4061 - შემაფერხებელიანი მიმმართველი ალუმინის ფასადის.  ნობელალუმინა HB01,000013473
სამაია,600,2600,500,1100,2001-2600,2600-2700,"პნლა275303 - გასაგორებელი კარი სამაია, შავი, 2001-2600, გალუ4171",პნლა275303,ინოქსი,გალუ4171,000041790,გალუ4171 - პროფილი. ნობელალუმინა XGJB-1372 კუბიკი გვერდი შავი,გალუ4171,პროფილი. ნობელალუმინა XGJB-1372 კუბიკი გვერდი,შავი,000015202,გალუ4176 - პროფილი. ნობელალუმინა XGJB-1371 კუბიკი ზედა შემკვრელი შავი,პროფილი. ნობელალუმინა XGJB-1371 კუბიკი ზედა შემკვრელი,გალუ4176,შავი,000015206,გალუ4174 - პროფილი. ნობელალუმინა XGJB-1369 კუბიკი ქვედა შემკვრელი შავი,პროფილი. ნობელალუმინა XGJB-1369 კუბიკი ქვედა შემკვრელი,გალუ4174,შავი,000015204,გალუ4179 - პროფილი. ნობელალუმინა XGJB-1370 კუბიკი შიდა ტიხარი შავი,პროფილი. ნობელალუმინა XGJB-1370 კუბიკი შიდა ტიხარი,გალუ4179,შავი,000015208,გმქნ4061 - შემაფერხებელიანი მიმმართველი ალუმინის ფასადის.  ნობელალუმინა HB01,000013473
სამაია,600,2600,500,1100,600-800,2600-2700,"პნლა275250 - გასაგორებელი კარი სამაია, ინოქს, 600-800, ალდ4722",პნლა275250,ინოქსი,ალდ4722,000041737,"ალდ4722 - პროფილი ალ. შემკვრელი გვერდი, დემსას 4722დპ2 პ/ინოქს",ალდ4722,"პროფილი ალ. შემკვრელი გვერდი, დემსას 4722დპ2",პ/ინოქს,000004465,"ალდ4722 - პროფილი ალ. შემკვრელი გვერდი, დემსას 4722დპ2 პ/ინოქს","პროფილი ალ. შემკვრელი გვერდი, დემსას 4722დპ2",ალდ4722,ინოქსი,000004465,"ალდ4045 - პროფილი ალ. შემკვრელი ქვედა, დემსას 4045დპ2 პ/ინოქს","პროფილი ალ. შემკვრელი ქვედა, დემსას 4045დპ2",ალდ4045,ინოქსი,000004461,"ალდ3998 - პროფილი ალ. შემკვრელი შუა, დემსას 3998დპ2 პ/ინოქს","პროფილი ალ. შემკვრელი შუა, დემსას 3998დპ2",ალდ3998,ინოქსი,000004460,გმქნ4061 - შემაფერხებელიანი მიმმართველი ალუმინის ფასადის.  ნობელალუმინა HB01,000013473
სამაია,600,2600,500,1100,801-1400,2600-2700,"პნლა275268 - გასაგორებელი კარი სამაია, ინოქს, 801-1400, ალდ4722",პნლა275268,ინოქსი,ალდ4722,000041755,"ალდ4722 - პროფილი ალ. შემკვრელი გვერდი, დემსას 4722დპ2 პ/ინოქს",ალდ4722,"პროფილი ალ. შემკვრელი გვერდი, დემსას 4722დპ2",პ/ინოქს,000004465,"ალდ4722 - პროფილი ალ. შემკვრელი გვერდი, დემსას 4722დპ2 პ/ინოქს","პროფილი ალ. შემკვრელი გვერდი, დემსას 4722დპ2",ალდ4722,ინოქსი,000004465,"ალდ4045 - პროფილი ალ. შემკვრელი ქვედა, დემსას 4045დპ2 პ/ინოქს","პროფილი ალ. შემკვრელი ქვედა, დემსას 4045დპ2",ალდ4045,ინოქსი,000004461,"ალდ3998 - პროფილი ალ. შემკვრელი შუა, დემსას 3998დპ2 პ/ინოქს","პროფილი ალ. შემკვრელი შუა, დემსას 3998დპ2",ალდ3998,ინოქსი,000004460,გმქნ4061 - შემაფერხებელიანი მიმმართველი ალუმინის ფასადის.  ნობელალუმინა HB01,000013473
სამაია,600,2600,500,1100,1401-2000,2600-2700,"პნლა275286 - გასაგორებელი კარი სამაია, ინოქს, 1401-2000, ალდ4722",პნლა275286,ინოქსი,ალდ4722,000041773,"ალდ4722 - პროფილი ალ. შემკვრელი გვერდი, დემსას 4722დპ2 პ/ინოქს",ალდ4722,"პროფილი ალ. შემკვრელი გვერდი, დემსას 4722დპ2",პ/ინოქს,000004465,"ალდ4722 - პროფილი ალ. შემკვრელი გვერდი, დემსას 4722დპ2 პ/ინოქს","პროფილი ალ. შემკვრელი გვერდი, დემსას 4722დპ2",ალდ4722,ინოქსი,000004465,"ალდ4045 - პროფილი ალ. შემკვრელი ქვედა, დემსას 4045დპ2 პ/ინოქს","პროფილი ალ. შემკვრელი ქვედა, დემსას 4045დპ2",ალდ4045,ინოქსი,000004461,"ალდ3998 - პროფილი ალ. შემკვრელი შუა, დემსას 3998დპ2 პ/ინოქს","პროფილი ალ. შემკვრელი შუა, დემსას 3998დპ2",ალდ3998,ინოქსი,000004460,გმქნ4061 - შემაფერხებელიანი მიმმართველი ალუმინის ფასადის.  ნობელალუმინა HB01,000013473
სამაია,600,2600,500,1100,2001-2600,2600-2700,"პნლა275304 - გასაგორებელი კარი სამაია, ინოქს, 2001-2600, ალდ4722",პნლა275304,ინოქსი,ალდ4722,000041791,"ალდ4722 - პროფილი ალ. შემკვრელი გვერდი, დემსას 4722დპ2 პ/ინოქს",ალდ4722,"პროფილი ალ. შემკვრელი გვერდი, დემსას 4722დპ2",პ/ინოქს,000004465,"ალდ4722 - პროფილი ალ. შემკვრელი გვერდი, დემსას 4722დპ2 პ/ინოქს","პროფილი ალ. შემკვრელი გვერდი, დემსას 4722დპ2",ალდ4722,ინოქსი,000004465,"ალდ4045 - პროფილი ალ. შემკვრელი ქვედა, დემსას 4045დპ2 პ/ინოქს","პროფილი ალ. შემკვრელი ქვედა, დემსას 4045დპ2",ალდ4045,ინოქსი,000004461,"ალდ3998 - პროფილი ალ. შემკვრელი შუა, დემსას 3998დპ2 პ/ინოქს","პროფილი ალ. შემკვრელი შუა, დემსას 3998დპ2",ალდ3998,ინოქსი,000004460,გმქნ4061 - შემაფერხებელიანი მიმმართველი ალუმინის ფასადის.  ნობელალუმინა HB01,000013473
სამაია,600,2600,500,1100,600-800,2600-2700,"პნლა275251 - გასაგორებელი კარი სამაია, ინოქსი, 600-800, გალუ4312",პნლა275251,ინოქსი,გალუ4312,000041738,გალუ4312 - პროფილი. ნობელალუმინა FSQ-047 შემკვრელი გვერდი ინოქსი,გალუ4312,პროფილი. ნობელალუმინა FSQ-047 შემკვრელი გვერდი,ინოქსი,000015209,გალუ4349 - პროფილი. ნობელალუმინა XBF-013 თხ. ტიხარი/ზედა შემკვრელი ინოქსი,პროფილი. ნობელალუმინა XBF-013 თხ. ტიხარი/ზედა შემკვრელი,გალუ4349,ინოქსი,000016297,გალუ4337 - პროფილი. ნობელალუმინა XSEK-502 თხ. ქვედა შემკვრელი ინოქსი,პროფილი. ნობელალუმინა XSEK-502 თხ. ქვედა შემკვრელი,გალუ4337,ინოქსი,000016295,გალუ4349 - პროფილი. ნობელალუმინა XBF-013 თხ. ტიხარი/ზედა შემკვრელი ინოქსი,პროფილი. ნობელალუმინა XBF-013 თხ. ტიხარი/ზედა შემკვრელი,გალუ4349,ინოქსი,000016297,გმქნ4061 - შემაფერხებელიანი მიმმართველი ალუმინის ფასადის.  ნობელალუმინა HB01,000013473
სამაია,600,2600,500,1100,801-1400,2600-2700,"პნლა275269 - გასაგორებელი კარი სამაია, ინოქსი, 801-1400, გალუ4312",პნლა275269,ინოქსი,გალუ4312,000041756,გალუ4312 - პროფილი. ნობელალუმინა FSQ-047 შემკვრელი გვერდი ინოქსი,გალუ4312,პროფილი. ნობელალუმინა FSQ-047 შემკვრელი გვერდი,ინოქსი,000015209,გალუ4349 - პროფილი. ნობელალუმინა XBF-013 თხ. ტიხარი/ზედა შემკვრელი ინოქსი,პროფილი. ნობელალუმინა XBF-013 თხ. ტიხარი/ზედა შემკვრელი,გალუ4349,ინოქსი,000016297,გალუ4337 - პროფილი. ნობელალუმინა XSEK-502 თხ. ქვედა შემკვრელი ინოქსი,პროფილი. ნობელალუმინა XSEK-502 თხ. ქვედა შემკვრელი,გალუ4337,ინოქსი,000016295,გალუ4349 - პროფილი. ნობელალუმინა XBF-013 თხ. ტიხარი/ზედა შემკვრელი ინოქსი,პროფილი. ნობელალუმინა XBF-013 თხ. ტიხარი/ზედა შემკვრელი,გალუ4349,ინოქსი,000016297,გმქნ4061 - შემაფერხებელიანი მიმმართველი ალუმინის ფასადის.  ნობელალუმინა HB01,000013473
სამაია,600,2600,500,1100,1401-2000,2600-2700,"პნლა275287 - გასაგორებელი კარი სამაია, ინოქსი, 1401-2000, გალუ4312",პნლა275287,ინოქსი,გალუ4312,000041774,გალუ4312 - პროფილი. ნობელალუმინა FSQ-047 შემკვრელი გვერდი ინოქსი,გალუ4312,პროფილი. ნობელალუმინა FSQ-047 შემკვრელი გვერდი,ინოქსი,000015209,გალუ4349 - პროფილი. ნობელალუმინა XBF-013 თხ. ტიხარი/ზედა შემკვრელი ინოქსი,პროფილი. ნობელალუმინა XBF-013 თხ. ტიხარი/ზედა შემკვრელი,გალუ4349,ინოქსი,000016297,გალუ4337 - პროფილი. ნობელალუმინა XSEK-502 თხ. ქვედა შემკვრელი ინოქსი,პროფილი. ნობელალუმინა XSEK-502 თხ. ქვედა შემკვრელი,გალუ4337,ინოქსი,000016295,გალუ4349 - პროფილი. ნობელალუმინა XBF-013 თხ. ტიხარი/ზედა შემკვრელი ინოქსი,პროფილი. ნობელალუმინა XBF-013 თხ. ტიხარი/ზედა შემკვრელი,გალუ4349,ინოქსი,000016297,გმქნ4061 - შემაფერხებელიანი მიმმართველი ალუმინის ფასადის.  ნობელალუმინა HB01,000013473
სამაია,600,2600,500,1100,2001-2600,2600-2700,"პნლა275305 - გასაგორებელი კარი სამაია, ინოქსი, 2001-2600, გალუ4312",პნლა275305,ინოქსი,გალუ4312,000041792,გალუ4312 - პროფილი. ნობელალუმინა FSQ-047 შემკვრელი გვერდი ინოქსი,გალუ4312,პროფილი. ნობელალუმინა FSQ-047 შემკვრელი გვერდი,ინოქსი,000015209,გალუ4349 - პროფილი. ნობელალუმინა XBF-013 თხ. ტიხარი/ზედა შემკვრელი ინოქსი,პროფილი. ნობელალუმინა XBF-013 თხ. ტიხარი/ზედა შემკვრელი,გალუ4349,ინოქსი,000016297,გალუ4337 - პროფილი. ნობელალუმინა XSEK-502 თხ. ქვედა შემკვრელი ინოქსი,პროფილი. ნობელალუმინა XSEK-502 თხ. ქვედა შემკვრელი,გალუ4337,ინოქსი,000016295,გალუ4349 - პროფილი. ნობელალუმინა XBF-013 თხ. ტიხარი/ზედა შემკვრელი ინოქსი,პროფილი. ნობელალუმინა XBF-013 თხ. ტიხარი/ზედა შემკვრელი,გალუ4349,ინოქსი,000016297,გმქნ4061 - შემაფერხებელიანი მიმმართველი ალუმინის ფასადის.  ნობელალუმინა HB01,000013473
სამაია,600,2600,500,1100,600-800,2600-2700,"პნლა275252 - გასაგორებელი კარი სამაია, შავი, 600-800, გალუ4312",პნლა275252,ინოქსი,გალუ4312,000041739,გალუ4312 - პროფილი. ნობელალუმინა FSQ-047 შემკვრელი გვერდი შავი,გალუ4312,პროფილი. ნობელალუმინა FSQ-047 შემკვრელი გვერდი,შავი,000015210,გალუ4349 - პროფილი. ნობელალუმინა XBF-013 თხ. ტიხარი/ზედა შემკვრელი შავი,პროფილი. ნობელალუმინა XBF-013 თხ. ტიხარი/ზედა შემკვრელი,გალუ4349,შავი,000016298,გალუ4337 - პროფილი. ნობელალუმინა XSEK-502 თხ. ქვედა შემკვრელი შავი,პროფილი. ნობელალუმინა XSEK-502 თხ. ქვედა შემკვრელი,გალუ4337,შავი,000016296,გალუ4349 - პროფილი. ნობელალუმინა XBF-013 თხ. ტიხარი/ზედა შემკვრელი შავი,პროფილი. ნობელალუმინა XBF-013 თხ. ტიხარი/ზედა შემკვრელი,გალუ4349,შავი,000016298,გმქნ4061 - შემაფერხებელიანი მიმმართველი ალუმინის ფასადის.  ნობელალუმინა HB01,000013473
სამაია,600,2600,500,1100,801-1400,2600-2700,"პნლა275270 - გასაგორებელი კარი სამაია, შავი, 801-1400, გალუ4312",პნლა275270,ინოქსი,გალუ4312,000041757,გალუ4312 - პროფილი. ნობელალუმინა FSQ-047 შემკვრელი გვერდი შავი,გალუ4312,პროფილი. ნობელალუმინა FSQ-047 შემკვრელი გვერდი,შავი,000015210,გალუ4349 - პროფილი. ნობელალუმინა XBF-013 თხ. ტიხარი/ზედა შემკვრელი შავი,პროფილი. ნობელალუმინა XBF-013 თხ. ტიხარი/ზედა შემკვრელი,გალუ4349,შავი,000016298,გალუ4337 - პროფილი. ნობელალუმინა XSEK-502 თხ. ქვედა შემკვრელი შავი,პროფილი. ნობელალუმინა XSEK-502 თხ. ქვედა შემკვრელი,გალუ4337,შავი,000016296,გალუ4349 - პროფილი. ნობელალუმინა XBF-013 თხ. ტიხარი/ზედა შემკვრელი შავი,პროფილი. ნობელალუმინა XBF-013 თხ. ტიხარი/ზედა შემკვრელი,გალუ4349,შავი,000016298,გმქნ4061 - შემაფერხებელიანი მიმმართველი ალუმინის ფასადის.  ნობელალუმინა HB01,000013473
სამაია,600,2600,500,1100,1401-2000,2600-2700,"პნლა275288 - გასაგორებელი კარი სამაია, შავი, 1401-2000, გალუ4312",პნლა275288,ინოქსი,გალუ4312,000041775,გალუ4312 - პროფილი. ნობელალუმინა FSQ-047 შემკვრელი გვერდი შავი,გალუ4312,პროფილი. ნობელალუმინა FSQ-047 შემკვრელი გვერდი,შავი,000015210,გალუ4349 - პროფილი. ნობელალუმინა XBF-013 თხ. ტიხარი/ზედა შემკვრელი შავი,პროფილი. ნობელალუმინა XBF-013 თხ. ტიხარი/ზედა შემკვრელი,გალუ4349,შავი,000016298,გალუ4337 - პროფილი. ნობელალუმინა XSEK-502 თხ. ქვედა შემკვრელი შავი,პროფილი. ნობელალუმინა XSEK-502 თხ. ქვედა შემკვრელი,გალუ4337,შავი,000016296,გალუ4349 - პროფილი. ნობელალუმინა XBF-013 თხ. ტიხარი/ზედა შემკვრელი შავი,პროფილი. ნობელალუმინა XBF-013 თხ. ტიხარი/ზედა შემკვრელი,გალუ4349,შავი,000016298,გმქნ4061 - შემაფერხებელიანი მიმმართველი ალუმინის ფასადის.  ნობელალუმინა HB01,000013473
სამაია,600,2600,500,1100,2001-2600,2600-2700,"პნლა275306 - გასაგორებელი კარი სამაია, შავი, 2001-2600, გალუ4312",პნლა275306,ინოქსი,გალუ4312,000041793,გალუ4312 - პროფილი. ნობელალუმინა FSQ-047 შემკვრელი გვერდი შავი,გალუ4312,პროფილი. ნობელალუმინა FSQ-047 შემკვრელი გვერდი,შავი,000015210,გალუ4349 - პროფილი. ნობელალუმინა XBF-013 თხ. ტიხარი/ზედა შემკვრელი შავი,პროფილი. ნობელალუმინა XBF-013 თხ. ტიხარი/ზედა შემკვრელი,გალუ4349,შავი,000016298,გალუ4337 - პროფილი. ნობელალუმინა XSEK-502 თხ. ქვედა შემკვრელი შავი,პროფილი. ნობელალუმინა XSEK-502 თხ. ქვედა შემკვრელი,გალუ4337,შავი,000016296,გალუ4349 - პროფილი. ნობელალუმინა XBF-013 თხ. ტიხარი/ზედა შემკვრელი შავი,პროფილი. ნობელალუმინა XBF-013 თხ. ტიხარი/ზედა შემკვრელი,გალუ4349,შავი,000016298,გმქნ4061 - შემაფერხებელიანი მიმმართველი ალუმინის ფასადის.  ნობელალუმინა HB01,000013473
ჯეირანი,400,2600,500,1100,400-800,2600-2700,"პნლა275307 - გასაგორებელი კარი ჯეირანი, ინოქსი, 400-800, გალუ4108",პნლა275307,ინოქსი,გალუ4108,000041794,გალუ4108 - პროფილი. ნობელალუმინა XGJB-1058P ვწ. ორმხრივი გვერდი ინოქსი,გალუ4108,პროფილი. ნობელალუმინა XGJB-1058P ვწ. ორმხრივი გვერდი,ინოქსი,000015192,გალუ4349 - პროფილი. ნობელალუმინა XBF-013 თხ. ტიხარი/ზედა შემკვრელი ინოქსი,პროფილი. ნობელალუმინა XBF-013 თხ. ტიხარი/ზედა შემკვრელი,გალუ4349,ინოქსი,000016297,გალუ4337 - პროფილი. ნობელალუმინა XSEK-502 თხ. ქვედა შემკვრელი ინოქსი,პროფილი. ნობელალუმინა XSEK-502 თხ. ქვედა შემკვრელი,გალუ4337,ინოქსი,000016295,გალუ4349 - პროფილი. ნობელალუმინა XBF-013 თხ. ტიხარი/ზედა შემკვრელი ინოქსი,პროფილი. ნობელალუმინა XBF-013 თხ. ტიხარი/ზედა შემკვრელი,გალუ4349,ინოქსი,000016297,გმქნ4061 - შემაფერხებელიანი მიმმართველი ალუმინის ფასადის.  ნობელალუმინა HB01,000013473
ჯეირანი,400,2600,500,1100,801-1400,2600-2700,"პნლა275325 - გასაგორებელი კარი ჯეირანი, ინოქსი, 801-1400, გალუ4108",პნლა275325,ინოქსი,გალუ4108,000041812,გალუ4108 - პროფილი. ნობელალუმინა XGJB-1058P ვწ. ორმხრივი გვერდი ინოქსი,გალუ4108,პროფილი. ნობელალუმინა XGJB-1058P ვწ. ორმხრივი გვერდი,ინოქსი,000015192,გალუ4349 - პროფილი. ნობელალუმინა XBF-013 თხ. ტიხარი/ზედა შემკვრელი ინოქსი,პროფილი. ნობელალუმინა XBF-013 თხ. ტიხარი/ზედა შემკვრელი,გალუ4349,ინოქსი,000016297,გალუ4337 - პროფილი. ნობელალუმინა XSEK-502 თხ. ქვედა შემკვრელი ინოქსი,პროფილი. ნობელალუმინა XSEK-502 თხ. ქვედა შემკვრელი,გალუ4337,ინოქსი,000016295,გალუ4349 - პროფილი. ნობელალუმინა XBF-013 თხ. ტიხარი/ზედა შემკვრელი ინოქსი,პროფილი. ნობელალუმინა XBF-013 თხ. ტიხარი/ზედა შემკვრელი,გალუ4349,ინოქსი,000016297,გმქნ4061 - შემაფერხებელიანი მიმმართველი ალუმინის ფასადის.  ნობელალუმინა HB01,000013473
ჯეირანი,400,2600,500,1100,1401-2000,2600-2700,"პნლა275343 - გასაგორებელი კარი ჯეირანი, ინოქსი, 1401-2000, გალუ4108",პნლა275343,ინოქსი,გალუ4108,000041830,გალუ4108 - პროფილი. ნობელალუმინა XGJB-1058P ვწ. ორმხრივი გვერდი ინოქსი,გალუ4108,პროფილი. ნობელალუმინა XGJB-1058P ვწ. ორმხრივი გვერდი,ინოქსი,000015192,გალუ4349 - პროფილი. ნობელალუმინა XBF-013 თხ. ტიხარი/ზედა შემკვრელი ინოქსი,პროფილი. ნობელალუმინა XBF-013 თხ. ტიხარი/ზედა შემკვრელი,გალუ4349,ინოქსი,000016297,გალუ4337 - პროფილი. ნობელალუმინა XSEK-502 თხ. ქვედა შემკვრელი ინოქსი,პროფილი. ნობელალუმინა XSEK-502 თხ. ქვედა შემკვრელი,გალუ4337,ინოქსი,000016295,გალუ4349 - პროფილი. ნობელალუმინა XBF-013 თხ. ტიხარი/ზედა შემკვრელი ინოქსი,პროფილი. ნობელალუმინა XBF-013 თხ. ტიხარი/ზედა შემკვრელი,გალუ4349,ინოქსი,000016297,გმქნ4061 - შემაფერხებელიანი მიმმართველი ალუმინის ფასადის.  ნობელალუმინა HB01,000013473
ჯეირანი,400,2600,500,1100,2001-2600,2600-2700,"პნლა275361 - გასაგორებელი კარი ჯეირანი, ინოქსი, 2001-2600, გალუ4108",პნლა275361,ინოქსი,გალუ4108,000041848,გალუ4108 - პროფილი. ნობელალუმინა XGJB-1058P ვწ. ორმხრივი გვერდი ინოქსი,გალუ4108,პროფილი. ნობელალუმინა XGJB-1058P ვწ. ორმხრივი გვერდი,ინოქსი,000015192,გალუ4349 - პროფილი. ნობელალუმინა XBF-013 თხ. ტიხარი/ზედა შემკვრელი ინოქსი,პროფილი. ნობელალუმინა XBF-013 თხ. ტიხარი/ზედა შემკვრელი,გალუ4349,ინოქსი,000016297,გალუ4337 - პროფილი. ნობელალუმინა XSEK-502 თხ. ქვედა შემკვრელი ინოქსი,პროფილი. ნობელალუმინა XSEK-502 თხ. ქვედა შემკვრელი,გალუ4337,ინოქსი,000016295,გალუ4349 - პროფილი. ნობელალუმინა XBF-013 თხ. ტიხარი/ზედა შემკვრელი ინოქსი,პროფილი. ნობელალუმინა XBF-013 თხ. ტიხარი/ზედა შემკვრელი,გალუ4349,ინოქსი,000016297,გმქნ4061 - შემაფერხებელიანი მიმმართველი ალუმინის ფასადის.  ნობელალუმინა HB01,000013473
ჯეირანი,400,2600,500,1100,400-800,2600-2700,"პნლა275308 - გასაგორებელი კარი ჯეირანი, შავი, 400-800, გალუ4108",პნლა275308,ინოქსი,გალუ4108,000041795,გალუ4108 - პროფილი. ნობელალუმინა XGJB-1058P ვწ. ორმხრივი გვერდი შავი,გალუ4108,პროფილი. ნობელალუმინა XGJB-1058P ვწ. ორმხრივი გვერდი,შავი,000015193,გალუ4349 - პროფილი. ნობელალუმინა XBF-013 თხ. ტიხარი/ზედა შემკვრელი შავი,პროფილი. ნობელალუმინა XBF-013 თხ. ტიხარი/ზედა შემკვრელი,გალუ4349,შავი,000016298,გალუ4337 - პროფილი. ნობელალუმინა XSEK-502 თხ. ქვედა შემკვრელი შავი,პროფილი. ნობელალუმინა XSEK-502 თხ. ქვედა შემკვრელი,გალუ4337,შავი,000016296,გალუ4349 - პროფილი. ნობელალუმინა XBF-013 თხ. ტიხარი/ზედა შემკვრელი შავი,პროფილი. ნობელალუმინა XBF-013 თხ. ტიხარი/ზედა შემკვრელი,გალუ4349,შავი,000016298,გმქნ4061 - შემაფერხებელიანი მიმმართველი ალუმინის ფასადის.  ნობელალუმინა HB01,000013473
ჯეირანი,400,2600,500,1100,801-1400,2600-2700,"პნლა275326 - გასაგორებელი კარი ჯეირანი, შავი, 801-1400, გალუ4108",პნლა275326,ინოქსი,გალუ4108,000041813,გალუ4108 - პროფილი. ნობელალუმინა XGJB-1058P ვწ. ორმხრივი გვერდი შავი,გალუ4108,პროფილი. ნობელალუმინა XGJB-1058P ვწ. ორმხრივი გვერდი,შავი,000015193,გალუ4349 - პროფილი. ნობელალუმინა XBF-013 თხ. ტიხარი/ზედა შემკვრელი შავი,პროფილი. ნობელალუმინა XBF-013 თხ. ტიხარი/ზედა შემკვრელი,გალუ4349,შავი,000016298,გალუ4337 - პროფილი. ნობელალუმინა XSEK-502 თხ. ქვედა შემკვრელი შავი,პროფილი. ნობელალუმინა XSEK-502 თხ. ქვედა შემკვრელი,გალუ4337,შავი,000016296,გალუ4349 - პროფილი. ნობელალუმინა XBF-013 თხ. ტიხარი/ზედა შემკვრელი შავი,პროფილი. ნობელალუმინა XBF-013 თხ. ტიხარი/ზედა შემკვრელი,გალუ4349,შავი,000016298,გმქნ4061 - შემაფერხებელიანი მიმმართველი ალუმინის ფასადის.  ნობელალუმინა HB01,000013473
ჯეირანი,400,2600,500,1100,1401-2000,2600-2700,"პნლა275344 - გასაგორებელი კარი ჯეირანი, შავი, 1401-2000, გალუ4108",პნლა275344,ინოქსი,გალუ4108,000041831,გალუ4108 - პროფილი. ნობელალუმინა XGJB-1058P ვწ. ორმხრივი გვერდი შავი,გალუ4108,პროფილი. ნობელალუმინა XGJB-1058P ვწ. ორმხრივი გვერდი,შავი,000015193,გალუ4349 - პროფილი. ნობელალუმინა XBF-013 თხ. ტიხარი/ზედა შემკვრელი შავი,პროფილი. ნობელალუმინა XBF-013 თხ. ტიხარი/ზედა შემკვრელი,გალუ4349,შავი,000016298,გალუ4337 - პროფილი. ნობელალუმინა XSEK-502 თხ. ქვედა შემკვრელი შავი,პროფილი. ნობელალუმინა XSEK-502 თხ. ქვედა შემკვრელი,გალუ4337,შავი,000016296,გალუ4349 - პროფილი. ნობელალუმინა XBF-013 თხ. ტიხარი/ზედა შემკვრელი შავი,პროფილი. ნობელალუმინა XBF-013 თხ. ტიხარი/ზედა შემკვრელი,გალუ4349,შავი,000016298,გმქნ4061 - შემაფერხებელიანი მიმმართველი ალუმინის ფასადის.  ნობელალუმინა HB01,000013473
ჯეირანი,400,2600,500,1100,2001-2600,2600-2700,"პნლა275362 - გასაგორებელი კარი ჯეირანი, შავი, 2001-2600, გალუ4108",პნლა275362,ინოქსი,გალუ4108,000041849,გალუ4108 - პროფილი. ნობელალუმინა XGJB-1058P ვწ. ორმხრივი გვერდი შავი,გალუ4108,პროფილი. ნობელალუმინა XGJB-1058P ვწ. ორმხრივი გვერდი,შავი,000015193,გალუ4349 - პროფილი. ნობელალუმინა XBF-013 თხ. ტიხარი/ზედა შემკვრელი შავი,პროფილი. ნობელალუმინა XBF-013 თხ. ტიხარი/ზედა შემკვრელი,გალუ4349,შავი,000016298,გალუ4337 - პროფილი. ნობელალუმინა XSEK-502 თხ. ქვედა შემკვრელი შავი,პროფილი. ნობელალუმინა XSEK-502 თხ. ქვედა შემკვრელი,გალუ4337,შავი,000016296,გალუ4349 - პროფილი. ნობელალუმინა XBF-013 თხ. ტიხარი/ზედა შემკვრელი შავი,პროფილი. ნობელალუმინა XBF-013 თხ. ტიხარი/ზედა შემკვრელი,გალუ4349,შავი,000016298,გმქნ4061 - შემაფერხებელიანი მიმმართველი ალუმინის ფასადის.  ნობელალუმინა HB01,000013473
ჯეირანი,400,2600,500,1100,400-800,2600-2700,"პნლა275309 - გასაგორებელი კარი ჯეირანი, გრაფიტი, 400-800, გალუ4181",პნლა275309,ინოქსი,გალუ4181,000041796,გალუ4181 - პროფილი. ნობელალუმინა XGJB-1354 ორი დონე გვერდი გრაფიტი,გალუ4181,პროფილი. ნობელალუმინა XGJB-1354 ორი დონე გვერდი,გრაფიტი,000016301,გალუ4186 - პროფილი. ნობელალუმინა XGJB-1352 ორი დონე ზედა შემკვრელი გრაფიტი,პროფილი. ნობელალუმინა XGJB-1352 ორი დონე ზედა შემკვრელი,გალუ4186,გრაფიტი,000016303,გალუ4184 - პროფილი. ნობელალუმინა XGJB-1353 ორი დონე ქვედა შემკვრელი გრაფიტი,პროფილი. ნობელალუმინა XGJB-1353 ორი დონე ქვედა შემკვრელი,გალუ4184,გრაფიტი,000016302,გალუ4189 - პროფილი. ნობელალუმინა XGJB-1368P ორი დონე შიდა ტიხარი გრაფიტი,პროფილი. ნობელალუმინა XGJB-1368P ორი დონე შიდა ტიხარი,გალუ4189,გრაფიტი,000016304,გმქნ4061 - შემაფერხებელიანი მიმმართველი ალუმინის ფასადის.  ნობელალუმინა HB01,000013473
ჯეირანი,400,2600,500,1100,801-1400,2600-2700,"პნლა275327 - გასაგორებელი კარი ჯეირანი, გრაფიტი, 801-1400, გალუ4181",პნლა275327,ინოქსი,გალუ4181,000041814,გალუ4181 - პროფილი. ნობელალუმინა XGJB-1354 ორი დონე გვერდი გრაფიტი,გალუ4181,პროფილი. ნობელალუმინა XGJB-1354 ორი დონე გვერდი,გრაფიტი,000016301,გალუ4186 - პროფილი. ნობელალუმინა XGJB-1352 ორი დონე ზედა შემკვრელი გრაფიტი,პროფილი. ნობელალუმინა XGJB-1352 ორი დონე ზედა შემკვრელი,გალუ4186,გრაფიტი,000016303,გალუ4184 - პროფილი. ნობელალუმინა XGJB-1353 ორი დონე ქვედა შემკვრელი გრაფიტი,პროფილი. ნობელალუმინა XGJB-1353 ორი დონე ქვედა შემკვრელი,გალუ4184,გრაფიტი,000016302,გალუ4189 - პროფილი. ნობელალუმინა XGJB-1368P ორი დონე შიდა ტიხარი გრაფიტი,პროფილი. ნობელალუმინა XGJB-1368P ორი დონე შიდა ტიხარი,გალუ4189,გრაფიტი,000016304,გმქნ4061 - შემაფერხებელიანი მიმმართველი ალუმინის ფასადის.  ნობელალუმინა HB01,000013473
ჯეირანი,400,2600,500,1100,1401-2000,2600-2700,"პნლა275345 - გასაგორებელი კარი ჯეირანი, გრაფიტი, 1401-2000, გალუ4181",პნლა275345,ინოქსი,გალუ4181,000041832,გალუ4181 - პროფილი. ნობელალუმინა XGJB-1354 ორი დონე გვერდი გრაფიტი,გალუ4181,პროფილი. ნობელალუმინა XGJB-1354 ორი დონე გვერდი,გრაფიტი,000016301,გალუ4186 - პროფილი. ნობელალუმინა XGJB-1352 ორი დონე ზედა შემკვრელი გრაფიტი,პროფილი. ნობელალუმინა XGJB-1352 ორი დონე ზედა შემკვრელი,გალუ4186,გრაფიტი,000016303,გალუ4184 - პროფილი. ნობელალუმინა XGJB-1353 ორი დონე ქვედა შემკვრელი გრაფიტი,პროფილი. ნობელალუმინა XGJB-1353 ორი დონე ქვედა შემკვრელი,გალუ4184,გრაფიტი,000016302,გალუ4189 - პროფილი. ნობელალუმინა XGJB-1368P ორი დონე შიდა ტიხარი გრაფიტი,პროფილი. ნობელალუმინა XGJB-1368P ორი დონე შიდა ტიხარი,გალუ4189,გრაფიტი,000016304,გმქნ4061 - შემაფერხებელიანი მიმმართველი ალუმინის ფასადის.  ნობელალუმინა HB01,000013473
ჯეირანი,400,2600,500,1100,2001-2600,2600-2700,"პნლა275363 - გასაგორებელი კარი ჯეირანი, გრაფიტი, 2001-2600, გალუ4181",პნლა275363,ინოქსი,გალუ4181,000041850,გალუ4181 - პროფილი. ნობელალუმინა XGJB-1354 ორი დონე გვერდი გრაფიტი,გალუ4181,პროფილი. ნობელალუმინა XGJB-1354 ორი დონე გვერდი,გრაფიტი,000016301,გალუ4186 - პროფილი. ნობელალუმინა XGJB-1352 ორი დონე ზედა შემკვრელი გრაფიტი,პროფილი. ნობელალუმინა XGJB-1352 ორი დონე ზედა შემკვრელი,გალუ4186,გრაფიტი,000016303,გალუ4184 - პროფილი. ნობელალუმინა XGJB-1353 ორი დონე ქვედა შემკვრელი გრაფიტი,პროფილი. ნობელალუმინა XGJB-1353 ორი დონე ქვედა შემკვრელი,გალუ4184,გრაფიტი,000016302,გალუ4189 - პროფილი. ნობელალუმინა XGJB-1368P ორი დონე შიდა ტიხარი გრაფიტი,პროფილი. ნობელალუმინა XGJB-1368P ორი დონე შიდა ტიხარი,გალუ4189,გრაფიტი,000016304,გმქნ4061 - შემაფერხებელიანი მიმმართველი ალუმინის ფასადის.  ნობელალუმინა HB01,000013473
ჯეირანი,400,2600,500,1100,400-800,2600-2700,"პნლა275310 - გასაგორებელი კარი ჯეირანი, სილვერი, 400-800, გალუ4014",პნლა275310,ინოქსი,გალუ4014,000041797,გალუ4014 - პროფილი. ნობელალუმინა XBX-043P სწორი/ფიგურიანი გვერდი სილვერი,გალუ4014,პროფილი. ნობელალუმინა XBX-043P სწორი/ფიგურიანი გვერდი,სილვერი,000012321,გალუ4156 - პროფილი. ნობელალუმინა LXD-3025 თხ. ზედა შემკვრელი სილვერი,პროფილი. ნობელალუმინა LXD-3025 თხ. ზედა შემკვრელი,გალუ4156,სილვერი,000012323,გალუ4151 - პროფილი. ნობელალუმინა LXD-3027 თხ. ქვედა შემკვრელი სილვერი,პროფილი. ნობელალუმინა LXD-3027 თხ. ქვედა შემკვრელი,გალუ4151,სილვერი,000012322,გალუ4162 - პროფილი. ნობელალუმინა LXD-3026 თხ. შიდა ტიხარი სილვერი,პროფილი. ნობელალუმინა LXD-3026 თხ. შიდა ტიხარი,გალუ4162,სილვერი,000012324,გმქნ4061 - შემაფერხებელიანი მიმმართველი ალუმინის ფასადის.  ნობელალუმინა HB01,000013473
ჯეირანი,400,2600,500,1100,801-1400,2600-2700,"პნლა275328 - გასაგორებელი კარი ჯეირანი, სილვერი, 801-1400, გალუ4014",პნლა275328,ინოქსი,გალუ4014,000041815,გალუ4014 - პროფილი. ნობელალუმინა XBX-043P სწორი/ფიგურიანი გვერდი სილვერი,გალუ4014,პროფილი. ნობელალუმინა XBX-043P სწორი/ფიგურიანი გვერდი,სილვერი,000012321,გალუ4156 - პროფილი. ნობელალუმინა LXD-3025 თხ. ზედა შემკვრელი სილვერი,პროფილი. ნობელალუმინა LXD-3025 თხ. ზედა შემკვრელი,გალუ4156,სილვერი,000012323,გალუ4151 - პროფილი. ნობელალუმინა LXD-3027 თხ. ქვედა შემკვრელი სილვერი,პროფილი. ნობელალუმინა LXD-3027 თხ. ქვედა შემკვრელი,გალუ4151,სილვერი,000012322,გალუ4162 - პროფილი. ნობელალუმინა LXD-3026 თხ. შიდა ტიხარი სილვერი,პროფილი. ნობელალუმინა LXD-3026 თხ. შიდა ტიხარი,გალუ4162,სილვერი,000012324,გმქნ4061 - შემაფერხებელიანი მიმმართველი ალუმინის ფასადის.  ნობელალუმინა HB01,000013473
ჯეირანი,400,2600,500,1100,1401-2000,2600-2700,"პნლა275346 - გასაგორებელი კარი ჯეირანი, სილვერი, 1401-2000, გალუ4014",პნლა275346,ინოქსი,გალუ4014,000041833,გალუ4014 - პროფილი. ნობელალუმინა XBX-043P სწორი/ფიგურიანი გვერდი სილვერი,გალუ4014,პროფილი. ნობელალუმინა XBX-043P სწორი/ფიგურიანი გვერდი,სილვერი,000012321,გალუ4156 - პროფილი. ნობელალუმინა LXD-3025 თხ. ზედა შემკვრელი სილვერი,პროფილი. ნობელალუმინა LXD-3025 თხ. ზედა შემკვრელი,გალუ4156,სილვერი,000012323,გალუ4151 - პროფილი. ნობელალუმინა LXD-3027 თხ. ქვედა შემკვრელი სილვერი,პროფილი. ნობელალუმინა LXD-3027 თხ. ქვედა შემკვრელი,გალუ4151,სილვერი,000012322,გალუ4162 - პროფილი. ნობელალუმინა LXD-3026 თხ. შიდა ტიხარი სილვერი,პროფილი. ნობელალუმინა LXD-3026 თხ. შიდა ტიხარი,გალუ4162,სილვერი,000012324,გმქნ4061 - შემაფერხებელიანი მიმმართველი ალუმინის ფასადის.  ნობელალუმინა HB01,000013473
ჯეირანი,400,2600,500,1100,2001-2600,2600-2700,"პნლა275364 - გასაგორებელი კარი ჯეირანი, სილვერი, 2001-2600, გალუ4014",პნლა275364,ინოქსი,გალუ4014,000041851,გალუ4014 - პროფილი. ნობელალუმინა XBX-043P სწორი/ფიგურიანი გვერდი სილვერი,გალუ4014,პროფილი. ნობელალუმინა XBX-043P სწორი/ფიგურიანი გვერდი,სილვერი,000012321,გალუ4156 - პროფილი. ნობელალუმინა LXD-3025 თხ. ზედა შემკვრელი სილვერი,პროფილი. ნობელალუმინა LXD-3025 თხ. ზედა შემკვრელი,გალუ4156,სილვერი,000012323,გალუ4151 - პროფილი. ნობელალუმინა LXD-3027 თხ. ქვედა შემკვრელი სილვერი,პროფილი. ნობელალუმინა LXD-3027 თხ. ქვედა შემკვრელი,გალუ4151,სილვერი,000012322,გალუ4162 - პროფილი. ნობელალუმინა LXD-3026 თხ. შიდა ტიხარი სილვერი,პროფილი. ნობელალუმინა LXD-3026 თხ. შიდა ტიხარი,გალუ4162,სილვერი,000012324,გმქნ4061 - შემაფერხებელიანი მიმმართველი ალუმინის ფასადის.  ნობელალუმინა HB01,000013473
ჯეირანი,400,2600,500,1100,400-800,2600-2700,"პნლა275311 - გასაგორებელი კარი ჯეირანი, ინოქსი, 400-800, გალუ4014",პნლა275311,ინოქსი,გალუ4014,000041798,გალუ4014 - პროფილი. ნობელალუმინა XBX-043P სწორი/ფიგურიანი გვერდი ინოქსი,გალუ4014,პროფილი. ნობელალუმინა XBX-043P სწორი/ფიგურიანი გვერდი,ინოქსი,000016288,გალუ4349 - პროფილი. ნობელალუმინა XBF-013 თხ. ტიხარი/ზედა შემკვრელი ინოქსი,პროფილი. ნობელალუმინა XBF-013 თხ. ტიხარი/ზედა შემკვრელი,გალუ4349,ინოქსი,000016297,გალუ4337 - პროფილი. ნობელალუმინა XSEK-502 თხ. ქვედა შემკვრელი ინოქსი,პროფილი. ნობელალუმინა XSEK-502 თხ. ქვედა შემკვრელი,გალუ4337,ინოქსი,000016295,გალუ4349 - პროფილი. ნობელალუმინა XBF-013 თხ. ტიხარი/ზედა შემკვრელი ინოქსი,პროფილი. ნობელალუმინა XBF-013 თხ. ტიხარი/ზედა შემკვრელი,გალუ4349,ინოქსი,000016297,გმქნ4061 - შემაფერხებელიანი მიმმართველი ალუმინის ფასადის.  ნობელალუმინა HB01,000013473
ჯეირანი,400,2600,500,1100,801-1400,2600-2700,"პნლა275329 - გასაგორებელი კარი ჯეირანი, ინოქსი, 801-1400, გალუ4014",პნლა275329,ინოქსი,გალუ4014,000041816,გალუ4014 - პროფილი. ნობელალუმინა XBX-043P სწორი/ფიგურიანი გვერდი ინოქსი,გალუ4014,პროფილი. ნობელალუმინა XBX-043P სწორი/ფიგურიანი გვერდი,ინოქსი,000016288,გალუ4349 - პროფილი. ნობელალუმინა XBF-013 თხ. ტიხარი/ზედა შემკვრელი ინოქსი,პროფილი. ნობელალუმინა XBF-013 თხ. ტიხარი/ზედა შემკვრელი,გალუ4349,ინოქსი,000016297,გალუ4337 - პროფილი. ნობელალუმინა XSEK-502 თხ. ქვედა შემკვრელი ინოქსი,პროფილი. ნობელალუმინა XSEK-502 თხ. ქვედა შემკვრელი,გალუ4337,ინოქსი,000016295,გალუ4349 - პროფილი. ნობელალუმინა XBF-013 თხ. ტიხარი/ზედა შემკვრელი ინოქსი,პროფილი. ნობელალუმინა XBF-013 თხ. ტიხარი/ზედა შემკვრელი,გალუ4349,ინოქსი,000016297,გმქნ4061 - შემაფერხებელიანი მიმმართველი ალუმინის ფასადის.  ნობელალუმინა HB01,000013473
ჯეირანი,400,2600,500,1100,1401-2000,2600-2700,"პნლა275347 - გასაგორებელი კარი ჯეირანი, ინოქსი, 1401-2000, გალუ4014",პნლა275347,ინოქსი,გალუ4014,000041834,გალუ4014 - პროფილი. ნობელალუმინა XBX-043P სწორი/ფიგურიანი გვერდი ინოქსი,გალუ4014,პროფილი. ნობელალუმინა XBX-043P სწორი/ფიგურიანი გვერდი,ინოქსი,000016288,გალუ4349 - პროფილი. ნობელალუმინა XBF-013 თხ. ტიხარი/ზედა შემკვრელი ინოქსი,პროფილი. ნობელალუმინა XBF-013 თხ. ტიხარი/ზედა შემკვრელი,გალუ4349,ინოქსი,000016297,გალუ4337 - პროფილი. ნობელალუმინა XSEK-502 თხ. ქვედა შემკვრელი ინოქსი,პროფილი. ნობელალუმინა XSEK-502 თხ. ქვედა შემკვრელი,გალუ4337,ინოქსი,000016295,გალუ4349 - პროფილი. ნობელალუმინა XBF-013 თხ. ტიხარი/ზედა შემკვრელი ინოქსი,პროფილი. ნობელალუმინა XBF-013 თხ. ტიხარი/ზედა შემკვრელი,გალუ4349,ინოქსი,000016297,გმქნ4061 - შემაფერხებელიანი მიმმართველი ალუმინის ფასადის.  ნობელალუმინა HB01,000013473
ჯეირანი,400,2600,500,1100,2001-2600,2600-2700,"პნლა275365 - გასაგორებელი კარი ჯეირანი, ინოქსი, 2001-2600, გალუ4014",პნლა275365,ინოქსი,გალუ4014,000041852,გალუ4014 - პროფილი. ნობელალუმინა XBX-043P სწორი/ფიგურიანი გვერდი ინოქსი,გალუ4014,პროფილი. ნობელალუმინა XBX-043P სწორი/ფიგურიანი გვერდი,ინოქსი,000016288,გალუ4349 - პროფილი. ნობელალუმინა XBF-013 თხ. ტიხარი/ზედა შემკვრელი ინოქსი,პროფილი. ნობელალუმინა XBF-013 თხ. ტიხარი/ზედა შემკვრელი,გალუ4349,ინოქსი,000016297,გალუ4337 - პროფილი. ნობელალუმინა XSEK-502 თხ. ქვედა შემკვრელი ინოქსი,პროფილი. ნობელალუმინა XSEK-502 თხ. ქვედა შემკვრელი,გალუ4337,ინოქსი,000016295,გალუ4349 - პროფილი. ნობელალუმინა XBF-013 თხ. ტიხარი/ზედა შემკვრელი ინოქსი,პროფილი. ნობელალუმინა XBF-013 თხ. ტიხარი/ზედა შემკვრელი,გალუ4349,ინოქსი,000016297,გმქნ4061 - შემაფერხებელიანი მიმმართველი ალუმინის ფასადის.  ნობელალუმინა HB01,000013473
ჯეირანი,400,2600,500,1100,400-800,2600-2700,"პნლა275312 - გასაგორებელი კარი ჯეირანი, ინოქსი, 400-800, გალუ4206",პნლა275312,ინოქსი,გალუ4206,000041799,გალუ4206 - პროფილი. ნობელალუმინა XGJB-618P შტ. ფასადის გვერდი ინოქსი,გალუ4206,პროფილი. ნობელალუმინა XGJB-618P შტ. ფასადის გვერდი,ინოქსი,000016289,გალუ4226 - პროფილი. ნობელალუმინა XGJB-619P შტ. ზედა შემკვრელი ინოქსი,პროფილი. ნობელალუმინა XGJB-619P შტ. ზედა შემკვრელი,გალუ4226,ინოქსი,000016293,გალუ4221 - პროფილი. ნობელალუმინა XGJB-619AP შტ. ქვედა შემკვრელი ინოქსი,პროფილი. ნობელალუმინა XGJB-619AP შტ. ქვედა შემკვრელი,გალუ4221,ინოქსი,000016291,გალუ4226 - პროფილი. ნობელალუმინა XGJB-619P შტ. ზედა შემკვრელი ინოქსი,პროფილი. ნობელალუმინა XGJB-619P შტ. ზედა შემკვრელი,გალუ4226,ინოქსი,000016293,გმქნ4061 - შემაფერხებელიანი მიმმართველი ალუმინის ფასადის.  ნობელალუმინა HB01,000013473
ჯეირანი,400,2600,500,1100,801-1400,2600-2700,"პნლა275330 - გასაგორებელი კარი ჯეირანი, ინოქსი, 801-1400, გალუ4206",პნლა275330,ინოქსი,გალუ4206,000041817,გალუ4206 - პროფილი. ნობელალუმინა XGJB-618P შტ. ფასადის გვერდი ინოქსი,გალუ4206,პროფილი. ნობელალუმინა XGJB-618P შტ. ფასადის გვერდი,ინოქსი,000016289,გალუ4226 - პროფილი. ნობელალუმინა XGJB-619P შტ. ზედა შემკვრელი ინოქსი,პროფილი. ნობელალუმინა XGJB-619P შტ. ზედა შემკვრელი,გალუ4226,ინოქსი,000016293,გალუ4221 - პროფილი. ნობელალუმინა XGJB-619AP შტ. ქვედა შემკვრელი ინოქსი,პროფილი. ნობელალუმინა XGJB-619AP შტ. ქვედა შემკვრელი,გალუ4221,ინოქსი,000016291,გალუ4226 - პროფილი. ნობელალუმინა XGJB-619P შტ. ზედა შემკვრელი ინოქსი,პროფილი. ნობელალუმინა XGJB-619P შტ. ზედა შემკვრელი,გალუ4226,ინოქსი,000016293,გმქნ4061 - შემაფერხებელიანი მიმმართველი ალუმინის ფასადის.  ნობელალუმინა HB01,000013473
ჯეირანი,400,2600,500,1100,1401-2000,2600-2700,"პნლა275348 - გასაგორებელი კარი ჯეირანი, ინოქსი, 1401-2000, გალუ4206",პნლა275348,ინოქსი,გალუ4206,000041835,გალუ4206 - პროფილი. ნობელალუმინა XGJB-618P შტ. ფასადის გვერდი ინოქსი,გალუ4206,პროფილი. ნობელალუმინა XGJB-618P შტ. ფასადის გვერდი,ინოქსი,000016289,გალუ4226 - პროფილი. ნობელალუმინა XGJB-619P შტ. ზედა შემკვრელი ინოქსი,პროფილი. ნობელალუმინა XGJB-619P შტ. ზედა შემკვრელი,გალუ4226,ინოქსი,000016293,გალუ4221 - პროფილი. ნობელალუმინა XGJB-619AP შტ. ქვედა შემკვრელი ინოქსი,პროფილი. ნობელალუმინა XGJB-619AP შტ. ქვედა შემკვრელი,გალუ4221,ინოქსი,000016291,გალუ4226 - პროფილი. ნობელალუმინა XGJB-619P შტ. ზედა შემკვრელი ინოქსი,პროფილი. ნობელალუმინა XGJB-619P შტ. ზედა შემკვრელი,გალუ4226,ინოქსი,000016293,გმქნ4061 - შემაფერხებელიანი მიმმართველი ალუმინის ფასადის.  ნობელალუმინა HB01,000013473
ჯეირანი,400,2600,500,1100,2001-2600,2600-2700,"პნლა275366 - გასაგორებელი კარი ჯეირანი, ინოქსი, 2001-2600, გალუ4206",პნლა275366,ინოქსი,გალუ4206,000041853,გალუ4206 - პროფილი. ნობელალუმინა XGJB-618P შტ. ფასადის გვერდი ინოქსი,გალუ4206,პროფილი. ნობელალუმინა XGJB-618P შტ. ფასადის გვერდი,ინოქსი,000016289,გალუ4226 - პროფილი. ნობელალუმინა XGJB-619P შტ. ზედა შემკვრელი ინოქსი,პროფილი. ნობელალუმინა XGJB-619P შტ. ზედა შემკვრელი,გალუ4226,ინოქსი,000016293,გალუ4221 - პროფილი. ნობელალუმინა XGJB-619AP შტ. ქვედა შემკვრელი ინოქსი,პროფილი. ნობელალუმინა XGJB-619AP შტ. ქვედა შემკვრელი,გალუ4221,ინოქსი,000016291,გალუ4226 - პროფილი. ნობელალუმინა XGJB-619P შტ. ზედა შემკვრელი ინოქსი,პროფილი. ნობელალუმინა XGJB-619P შტ. ზედა შემკვრელი,გალუ4226,ინოქსი,000016293,გმქნ4061 - შემაფერხებელიანი მიმმართველი ალუმინის ფასადის.  ნობელალუმინა HB01,000013473
ჯეირანი,400,2600,500,1100,400-800,2600-2700,"პნლა275313 - გასაგორებელი კარი ჯეირანი, შავი, 400-800, გალუ4206",პნლა275313,ინოქსი,გალუ4206,000041800,გალუ4206 - პროფილი. ნობელალუმინა XGJB-618P შტ. ფასადის გვერდი შავი,გალუ4206,პროფილი. ნობელალუმინა XGJB-618P შტ. ფასადის გვერდი,შავი,000016290,გალუ4226 - პროფილი. ნობელალუმინა XGJB-619P შტ. ზედა შემკვრელი შავი,პროფილი. ნობელალუმინა XGJB-619P შტ. ზედა შემკვრელი,გალუ4226,შავი,000016294,გალუ4221 - პროფილი. ნობელალუმინა XGJB-619AP შტ. ქვედა შემკვრელი შავი,პროფილი. ნობელალუმინა XGJB-619AP შტ. ქვედა შემკვრელი,გალუ4221,შავი,000016292,გალუ4226 - პროფილი. ნობელალუმინა XGJB-619P შტ. ზედა შემკვრელი შავი,პროფილი. ნობელალუმინა XGJB-619P შტ. ზედა შემკვრელი,გალუ4226,შავი,000016294,გმქნ4061 - შემაფერხებელიანი მიმმართველი ალუმინის ფასადის.  ნობელალუმინა HB01,000013473
ჯეირანი,400,2600,500,1100,801-1400,2600-2700,"პნლა275331 - გასაგორებელი კარი ჯეირანი, შავი, 801-1400, გალუ4206",პნლა275331,ინოქსი,გალუ4206,000041818,გალუ4206 - პროფილი. ნობელალუმინა XGJB-618P შტ. ფასადის გვერდი შავი,გალუ4206,პროფილი. ნობელალუმინა XGJB-618P შტ. ფასადის გვერდი,შავი,000016290,გალუ4226 - პროფილი. ნობელალუმინა XGJB-619P შტ. ზედა შემკვრელი შავი,პროფილი. ნობელალუმინა XGJB-619P შტ. ზედა შემკვრელი,გალუ4226,შავი,000016294,გალუ4221 - პროფილი. ნობელალუმინა XGJB-619AP შტ. ქვედა შემკვრელი შავი,პროფილი. ნობელალუმინა XGJB-619AP შტ. ქვედა შემკვრელი,გალუ4221,შავი,000016292,გალუ4226 - პროფილი. ნობელალუმინა XGJB-619P შტ. ზედა შემკვრელი შავი,პროფილი. ნობელალუმინა XGJB-619P შტ. ზედა შემკვრელი,გალუ4226,შავი,000016294,გმქნ4061 - შემაფერხებელიანი მიმმართველი ალუმინის ფასადის.  ნობელალუმინა HB01,000013473
ჯეირანი,400,2600,500,1100,1401-2000,2600-2700,"პნლა275349 - გასაგორებელი კარი ჯეირანი, შავი, 1401-2000, გალუ4206",პნლა275349,ინოქსი,გალუ4206,000041836,გალუ4206 - პროფილი. ნობელალუმინა XGJB-618P შტ. ფასადის გვერდი შავი,გალუ4206,პროფილი. ნობელალუმინა XGJB-618P შტ. ფასადის გვერდი,შავი,000016290,გალუ4226 - პროფილი. ნობელალუმინა XGJB-619P შტ. ზედა შემკვრელი შავი,პროფილი. ნობელალუმინა XGJB-619P შტ. ზედა შემკვრელი,გალუ4226,შავი,000016294,გალუ4221 - პროფილი. ნობელალუმინა XGJB-619AP შტ. ქვედა შემკვრელი შავი,პროფილი. ნობელალუმინა XGJB-619AP შტ. ქვედა შემკვრელი,გალუ4221,შავი,000016292,გალუ4226 - პროფილი. ნობელალუმინა XGJB-619P შტ. ზედა შემკვრელი შავი,პროფილი. ნობელალუმინა XGJB-619P შტ. ზედა შემკვრელი,გალუ4226,შავი,000016294,გმქნ4061 - შემაფერხებელიანი მიმმართველი ალუმინის ფასადის.  ნობელალუმინა HB01,000013473
ჯეირანი,400,2600,500,1100,2001-2600,2600-2700,"პნლა275367 - გასაგორებელი კარი ჯეირანი, შავი, 2001-2600, გალუ4206",პნლა275367,ინოქსი,გალუ4206,000041854,გალუ4206 - პროფილი. ნობელალუმინა XGJB-618P შტ. ფასადის გვერდი შავი,გალუ4206,პროფილი. ნობელალუმინა XGJB-618P შტ. ფასადის გვერდი,შავი,000016290,გალუ4226 - პროფილი. ნობელალუმინა XGJB-619P შტ. ზედა შემკვრელი შავი,პროფილი. ნობელალუმინა XGJB-619P შტ. ზედა შემკვრელი,გალუ4226,შავი,000016294,გალუ4221 - პროფილი. ნობელალუმინა XGJB-619AP შტ. ქვედა შემკვრელი შავი,პროფილი. ნობელალუმინა XGJB-619AP შტ. ქვედა შემკვრელი,გალუ4221,შავი,000016292,გალუ4226 - პროფილი. ნობელალუმინა XGJB-619P შტ. ზედა შემკვრელი შავი,პროფილი. ნობელალუმინა XGJB-619P შტ. ზედა შემკვრელი,გალუ4226,შავი,000016294,გმქნ4061 - შემაფერხებელიანი მიმმართველი ალუმინის ფასადის.  ნობელალუმინა HB01,000013473
ჯეირანი,400,2600,500,1100,400-800,2600-2700,"პნლა275314 - გასაგორებელი კარი ჯეირანი, ინოქსი, 400-800, გალუ4323",პნლა275314,ინოქსი,გალუ4323,000041801,გალუ4323 - პროფილი. ნობელალუმინა ZJB-715 შემკვრელი გვერდი ინოქსი,გალუ4323,პროფილი. ნობელალუმინა ZJB-715 შემკვრელი გვერდი,ინოქსი,000015211,გალუ4349 - პროფილი. ნობელალუმინა XBF-013 თხ. ტიხარი/ზედა შემკვრელი ინოქსი,პროფილი. ნობელალუმინა XBF-013 თხ. ტიხარი/ზედა შემკვრელი,გალუ4349,ინოქსი,000016297,გალუ4337 - პროფილი. ნობელალუმინა XSEK-502 თხ. ქვედა შემკვრელი ინოქსი,პროფილი. ნობელალუმინა XSEK-502 თხ. ქვედა შემკვრელი,გალუ4337,ინოქსი,000016295,გალუ4349 - პროფილი. ნობელალუმინა XBF-013 თხ. ტიხარი/ზედა შემკვრელი ინოქსი,პროფილი. ნობელალუმინა XBF-013 თხ. ტიხარი/ზედა შემკვრელი,გალუ4349,ინოქსი,000016297,გმქნ4061 - შემაფერხებელიანი მიმმართველი ალუმინის ფასადის.  ნობელალუმინა HB01,000013473
ჯეირანი,400,2600,500,1100,801-1400,2600-2700,"პნლა275332 - გასაგორებელი კარი ჯეირანი, ინოქსი, 801-1400, გალუ4323",პნლა275332,ინოქსი,გალუ4323,000041819,გალუ4323 - პროფილი. ნობელალუმინა ZJB-715 შემკვრელი გვერდი ინოქსი,გალუ4323,პროფილი. ნობელალუმინა ZJB-715 შემკვრელი გვერდი,ინოქსი,000015211,გალუ4349 - პროფილი. ნობელალუმინა XBF-013 თხ. ტიხარი/ზედა შემკვრელი ინოქსი,პროფილი. ნობელალუმინა XBF-013 თხ. ტიხარი/ზედა შემკვრელი,გალუ4349,ინოქსი,000016297,გალუ4337 - პროფილი. ნობელალუმინა XSEK-502 თხ. ქვედა შემკვრელი ინოქსი,პროფილი. ნობელალუმინა XSEK-502 თხ. ქვედა შემკვრელი,გალუ4337,ინოქსი,000016295,გალუ4349 - პროფილი. ნობელალუმინა XBF-013 თხ. ტიხარი/ზედა შემკვრელი ინოქსი,პროფილი. ნობელალუმინა XBF-013 თხ. ტიხარი/ზედა შემკვრელი,გალუ4349,ინოქსი,000016297,გმქნ4061 - შემაფერხებელიანი მიმმართველი ალუმინის ფასადის.  ნობელალუმინა HB01,000013473
ჯეირანი,400,2600,500,1100,1401-2000,2600-2700,"პნლა275350 - გასაგორებელი კარი ჯეირანი, ინოქსი, 1401-2000, გალუ4323",პნლა275350,ინოქსი,გალუ4323,000041837,გალუ4323 - პროფილი. ნობელალუმინა ZJB-715 შემკვრელი გვერდი ინოქსი,გალუ4323,პროფილი. ნობელალუმინა ZJB-715 შემკვრელი გვერდი,ინოქსი,000015211,გალუ4349 - პროფილი. ნობელალუმინა XBF-013 თხ. ტიხარი/ზედა შემკვრელი ინოქსი,პროფილი. ნობელალუმინა XBF-013 თხ. ტიხარი/ზედა შემკვრელი,გალუ4349,ინოქსი,000016297,გალუ4337 - პროფილი. ნობელალუმინა XSEK-502 თხ. ქვედა შემკვრელი ინოქსი,პროფილი. ნობელალუმინა XSEK-502 თხ. ქვედა შემკვრელი,გალუ4337,ინოქსი,000016295,გალუ4349 - პროფილი. ნობელალუმინა XBF-013 თხ. ტიხარი/ზედა შემკვრელი ინოქსი,პროფილი. ნობელალუმინა XBF-013 თხ. ტიხარი/ზედა შემკვრელი,გალუ4349,ინოქსი,000016297,გმქნ4061 - შემაფერხებელიანი მიმმართველი ალუმინის ფასადის.  ნობელალუმინა HB01,000013473
ჯეირანი,400,2600,500,1100,2001-2600,2600-2700,"პნლა275368 - გასაგორებელი კარი ჯეირანი, ინოქსი, 2001-2600, გალუ4323",პნლა275368,ინოქსი,გალუ4323,000041855,გალუ4323 - პროფილი. ნობელალუმინა ZJB-715 შემკვრელი გვერდი ინოქსი,გალუ4323,პროფილი. ნობელალუმინა ZJB-715 შემკვრელი გვერდი,ინოქსი,000015211,გალუ4349 - პროფილი. ნობელალუმინა XBF-013 თხ. ტიხარი/ზედა შემკვრელი ინოქსი,პროფილი. ნობელალუმინა XBF-013 თხ. ტიხარი/ზედა შემკვრელი,გალუ4349,ინოქსი,000016297,გალუ4337 - პროფილი. ნობელალუმინა XSEK-502 თხ. ქვედა შემკვრელი ინოქსი,პროფილი. ნობელალუმინა XSEK-502 თხ. ქვედა შემკვრელი,გალუ4337,ინოქსი,000016295,გალუ4349 - პროფილი. ნობელალუმინა XBF-013 თხ. ტიხარი/ზედა შემკვრელი ინოქსი,პროფილი. ნობელალუმინა XBF-013 თხ. ტიხარი/ზედა შემკვრელი,გალუ4349,ინოქსი,000016297,გმქნ4061 - შემაფერხებელიანი მიმმართველი ალუმინის ფასადის.  ნობელალუმინა HB01,000013473
ჯეირანი,400,2600,500,1100,400-800,2600-2700,"პნლა275315 - გასაგორებელი კარი ჯეირანი, შავი, 400-800, გალუ4323",პნლა275315,ინოქსი,გალუ4323,000041802,გალუ4323 - პროფილი. ნობელალუმინა ZJB-715 შემკვრელი გვერდი შავი,გალუ4323,პროფილი. ნობელალუმინა ZJB-715 შემკვრელი გვერდი,შავი,000015212,გალუ4349 - პროფილი. ნობელალუმინა XBF-013 თხ. ტიხარი/ზედა შემკვრელი შავი,პროფილი. ნობელალუმინა XBF-013 თხ. ტიხარი/ზედა შემკვრელი,გალუ4349,შავი,000016298,გალუ4337 - პროფილი. ნობელალუმინა XSEK-502 თხ. ქვედა შემკვრელი შავი,პროფილი. ნობელალუმინა XSEK-502 თხ. ქვედა შემკვრელი,გალუ4337,შავი,000016296,გალუ4349 - პროფილი. ნობელალუმინა XBF-013 თხ. ტიხარი/ზედა შემკვრელი შავი,პროფილი. ნობელალუმინა XBF-013 თხ. ტიხარი/ზედა შემკვრელი,გალუ4349,შავი,000016298,გმქნ4061 - შემაფერხებელიანი მიმმართველი ალუმინის ფასადის.  ნობელალუმინა HB01,000013473
ჯეირანი,400,2600,500,1100,801-1400,2600-2700,"პნლა275333 - გასაგორებელი კარი ჯეირანი, შავი, 801-1400, გალუ4323",პნლა275333,ინოქსი,გალუ4323,000041820,გალუ4323 - პროფილი. ნობელალუმინა ZJB-715 შემკვრელი გვერდი შავი,გალუ4323,პროფილი. ნობელალუმინა ZJB-715 შემკვრელი გვერდი,შავი,000015212,გალუ4349 - პროფილი. ნობელალუმინა XBF-013 თხ. ტიხარი/ზედა შემკვრელი შავი,პროფილი. ნობელალუმინა XBF-013 თხ. ტიხარი/ზედა შემკვრელი,გალუ4349,შავი,000016298,გალუ4337 - პროფილი. ნობელალუმინა XSEK-502 თხ. ქვედა შემკვრელი შავი,პროფილი. ნობელალუმინა XSEK-502 თხ. ქვედა შემკვრელი,გალუ4337,შავი,000016296,გალუ4349 - პროფილი. ნობელალუმინა XBF-013 თხ. ტიხარი/ზედა შემკვრელი შავი,პროფილი. ნობელალუმინა XBF-013 თხ. ტიხარი/ზედა შემკვრელი,გალუ4349,შავი,000016298,გმქნ4061 - შემაფერხებელიანი მიმმართველი ალუმინის ფასადის.  ნობელალუმინა HB01,000013473
ჯეირანი,400,2600,500,1100,1401-2000,2600-2700,"პნლა275351 - გასაგორებელი კარი ჯეირანი, შავი, 1401-2000, გალუ4323",პნლა275351,ინოქსი,გალუ4323,000041838,გალუ4323 - პროფილი. ნობელალუმინა ZJB-715 შემკვრელი გვერდი შავი,გალუ4323,პროფილი. ნობელალუმინა ZJB-715 შემკვრელი გვერდი,შავი,000015212,გალუ4349 - პროფილი. ნობელალუმინა XBF-013 თხ. ტიხარი/ზედა შემკვრელი შავი,პროფილი. ნობელალუმინა XBF-013 თხ. ტიხარი/ზედა შემკვრელი,გალუ4349,შავი,000016298,გალუ4337 - პროფილი. ნობელალუმინა XSEK-502 თხ. ქვედა შემკვრელი შავი,პროფილი. ნობელალუმინა XSEK-502 თხ. ქვედა შემკვრელი,გალუ4337,შავი,000016296,გალუ4349 - პროფილი. ნობელალუმინა XBF-013 თხ. ტიხარი/ზედა შემკვრელი შავი,პროფილი. ნობელალუმინა XBF-013 თხ. ტიხარი/ზედა შემკვრელი,გალუ4349,შავი,000016298,გმქნ4061 - შემაფერხებელიანი მიმმართველი ალუმინის ფასადის.  ნობელალუმინა HB01,000013473
ჯეირანი,400,2600,500,1100,2001-2600,2600-2700,"პნლა275369 - გასაგორებელი კარი ჯეირანი, შავი, 2001-2600, გალუ4323",პნლა275369,ინოქსი,გალუ4323,000041856,გალუ4323 - პროფილი. ნობელალუმინა ZJB-715 შემკვრელი გვერდი შავი,გალუ4323,პროფილი. ნობელალუმინა ZJB-715 შემკვრელი გვერდი,შავი,000015212,გალუ4349 - პროფილი. ნობელალუმინა XBF-013 თხ. ტიხარი/ზედა შემკვრელი შავი,პროფილი. ნობელალუმინა XBF-013 თხ. ტიხარი/ზედა შემკვრელი,გალუ4349,შავი,000016298,გალუ4337 - პროფილი. ნობელალუმინა XSEK-502 თხ. ქვედა შემკვრელი შავი,პროფილი. ნობელალუმინა XSEK-502 თხ. ქვედა შემკვრელი,გალუ4337,შავი,000016296,გალუ4349 - პროფილი. ნობელალუმინა XBF-013 თხ. ტიხარი/ზედა შემკვრელი შავი,პროფილი. ნობელალუმინა XBF-013 თხ. ტიხარი/ზედა შემკვრელი,გალუ4349,შავი,000016298,გმქნ4061 - შემაფერხებელიანი მიმმართველი ალუმინის ფასადის.  ნობელალუმინა HB01,000013473
ჯეირანი,400,2600,500,1100,400-800,2600-2700,"პნლა275316 - გასაგორებელი კარი ჯეირანი, ინოქსი, 400-800, გალუ4355",პნლა275316,ინოქსი,გალუ4355,000041803,გალუ4355 - პროფილი. ნობელალუმინა LWY-002 ფასადის გვერდი ინოქსი,გალუ4355,პროფილი. ნობელალუმინა LWY-002 ფასადის გვერდი,ინოქსი,000016300,გალუ4349 - პროფილი. ნობელალუმინა XBF-013 თხ. ტიხარი/ზედა შემკვრელი ინოქსი,პროფილი. ნობელალუმინა XBF-013 თხ. ტიხარი/ზედა შემკვრელი,გალუ4349,ინოქსი,000016297,გალუ4337 - პროფილი. ნობელალუმინა XSEK-502 თხ. ქვედა შემკვრელი ინოქსი,პროფილი. ნობელალუმინა XSEK-502 თხ. ქვედა შემკვრელი,გალუ4337,ინოქსი,000016295,გალუ4349 - პროფილი. ნობელალუმინა XBF-013 თხ. ტიხარი/ზედა შემკვრელი ინოქსი,პროფილი. ნობელალუმინა XBF-013 თხ. ტიხარი/ზედა შემკვრელი,გალუ4349,ინოქსი,000016297,გმქნ4061 - შემაფერხებელიანი მიმმართველი ალუმინის ფასადის.  ნობელალუმინა HB01,000013473
ჯეირანი,400,2600,500,1100,801-1400,2600-2700,"პნლა275334 - გასაგორებელი კარი ჯეირანი, ინოქსი, 801-1400, გალუ4355",პნლა275334,ინოქსი,გალუ4355,000041821,გალუ4355 - პროფილი. ნობელალუმინა LWY-002 ფასადის გვერდი ინოქსი,გალუ4355,პროფილი. ნობელალუმინა LWY-002 ფასადის გვერდი,ინოქსი,000016300,გალუ4349 - პროფილი. ნობელალუმინა XBF-013 თხ. ტიხარი/ზედა შემკვრელი ინოქსი,პროფილი. ნობელალუმინა XBF-013 თხ. ტიხარი/ზედა შემკვრელი,გალუ4349,ინოქსი,000016297,გალუ4337 - პროფილი. ნობელალუმინა XSEK-502 თხ. ქვედა შემკვრელი ინოქსი,პროფილი. ნობელალუმინა XSEK-502 თხ. ქვედა შემკვრელი,გალუ4337,ინოქსი,000016295,გალუ4349 - პროფილი. ნობელალუმინა XBF-013 თხ. ტიხარი/ზედა შემკვრელი ინოქსი,პროფილი. ნობელალუმინა XBF-013 თხ. ტიხარი/ზედა შემკვრელი,გალუ4349,ინოქსი,000016297,გმქნ4061 - შემაფერხებელიანი მიმმართველი ალუმინის ფასადის.  ნობელალუმინა HB01,000013473
ჯეირანი,400,2600,500,1100,1401-2000,2600-2700,"პნლა275352 - გასაგორებელი კარი ჯეირანი, ინოქსი, 1401-2000, გალუ4355",პნლა275352,ინოქსი,გალუ4355,000041839,გალუ4355 - პროფილი. ნობელალუმინა LWY-002 ფასადის გვერდი ინოქსი,გალუ4355,პროფილი. ნობელალუმინა LWY-002 ფასადის გვერდი,ინოქსი,000016300,გალუ4349 - პროფილი. ნობელალუმინა XBF-013 თხ. ტიხარი/ზედა შემკვრელი ინოქსი,პროფილი. ნობელალუმინა XBF-013 თხ. ტიხარი/ზედა შემკვრელი,გალუ4349,ინოქსი,000016297,გალუ4337 - პროფილი. ნობელალუმინა XSEK-502 თხ. ქვედა შემკვრელი ინოქსი,პროფილი. ნობელალუმინა XSEK-502 თხ. ქვედა შემკვრელი,გალუ4337,ინოქსი,000016295,გალუ4349 - პროფილი. ნობელალუმინა XBF-013 თხ. ტიხარი/ზედა შემკვრელი ინოქსი,პროფილი. ნობელალუმინა XBF-013 თხ. ტიხარი/ზედა შემკვრელი,გალუ4349,ინოქსი,000016297,გმქნ4061 - შემაფერხებელიანი მიმმართველი ალუმინის ფასადის.  ნობელალუმინა HB01,000013473
ჯეირანი,400,2600,500,1100,2001-2600,2600-2700,"პნლა275370 - გასაგორებელი კარი ჯეირანი, ინოქსი, 2001-2600, გალუ4355",პნლა275370,ინოქსი,გალუ4355,000041857,გალუ4355 - პროფილი. ნობელალუმინა LWY-002 ფასადის გვერდი ინოქსი,გალუ4355,პროფილი. ნობელალუმინა LWY-002 ფასადის გვერდი,ინოქსი,000016300,გალუ4349 - პროფილი. ნობელალუმინა XBF-013 თხ. ტიხარი/ზედა შემკვრელი ინოქსი,პროფილი. ნობელალუმინა XBF-013 თხ. ტიხარი/ზედა შემკვრელი,გალუ4349,ინოქსი,000016297,გალუ4337 - პროფილი. ნობელალუმინა XSEK-502 თხ. ქვედა შემკვრელი ინოქსი,პროფილი. ნობელალუმინა XSEK-502 თხ. ქვედა შემკვრელი,გალუ4337,ინოქსი,000016295,გალუ4349 - პროფილი. ნობელალუმინა XBF-013 თხ. ტიხარი/ზედა შემკვრელი ინოქსი,პროფილი. ნობელალუმინა XBF-013 თხ. ტიხარი/ზედა შემკვრელი,გალუ4349,ინოქსი,000016297,გმქნ4061 - შემაფერხებელიანი მიმმართველი ალუმინის ფასადის.  ნობელალუმინა HB01,000013473
ჯეირანი,400,2600,500,1100,400-800,2600-2700,"პნლა275317 - გასაგორებელი კარი ჯეირანი, შავი, 400-800, გალუ4355",პნლა275317,ინოქსი,გალუ4355,000041804,გალუ4355 - პროფილი. ნობელალუმინა LWY-002 ფასადის გვერდი შავი,გალუ4355,პროფილი. ნობელალუმინა LWY-002 ფასადის გვერდი,შავი,000016299,გალუ4349 - პროფილი. ნობელალუმინა XBF-013 თხ. ტიხარი/ზედა შემკვრელი შავი,პროფილი. ნობელალუმინა XBF-013 თხ. ტიხარი/ზედა შემკვრელი,გალუ4349,შავი,000016298,გალუ4337 - პროფილი. ნობელალუმინა XSEK-502 თხ. ქვედა შემკვრელი შავი,პროფილი. ნობელალუმინა XSEK-502 თხ. ქვედა შემკვრელი,გალუ4337,შავი,000016296,გალუ4349 - პროფილი. ნობელალუმინა XBF-013 თხ. ტიხარი/ზედა შემკვრელი შავი,პროფილი. ნობელალუმინა XBF-013 თხ. ტიხარი/ზედა შემკვრელი,გალუ4349,შავი,000016298,გმქნ4061 - შემაფერხებელიანი მიმმართველი ალუმინის ფასადის.  ნობელალუმინა HB01,000013473
ჯეირანი,400,2600,500,1100,801-1400,2600-2700,"პნლა275335 - გასაგორებელი კარი ჯეირანი, შავი, 801-1400, გალუ4355",პნლა275335,ინოქსი,გალუ4355,000041822,გალუ4355 - პროფილი. ნობელალუმინა LWY-002 ფასადის გვერდი შავი,გალუ4355,პროფილი. ნობელალუმინა LWY-002 ფასადის გვერდი,შავი,000016299,გალუ4349 - პროფილი. ნობელალუმინა XBF-013 თხ. ტიხარი/ზედა შემკვრელი შავი,პროფილი. ნობელალუმინა XBF-013 თხ. ტიხარი/ზედა შემკვრელი,გალუ4349,შავი,000016298,გალუ4337 - პროფილი. ნობელალუმინა XSEK-502 თხ. ქვედა შემკვრელი შავი,პროფილი. ნობელალუმინა XSEK-502 თხ. ქვედა შემკვრელი,გალუ4337,შავი,000016296,გალუ4349 - პროფილი. ნობელალუმინა XBF-013 თხ. ტიხარი/ზედა შემკვრელი შავი,პროფილი. ნობელალუმინა XBF-013 თხ. ტიხარი/ზედა შემკვრელი,გალუ4349,შავი,000016298,გმქნ4061 - შემაფერხებელიანი მიმმართველი ალუმინის ფასადის.  ნობელალუმინა HB01,000013473
ჯეირანი,400,2600,500,1100,1401-2000,2600-2700,"პნლა275353 - გასაგორებელი კარი ჯეირანი, შავი, 1401-2000, გალუ4355",პნლა275353,ინოქსი,გალუ4355,000041840,გალუ4355 - პროფილი. ნობელალუმინა LWY-002 ფასადის გვერდი შავი,გალუ4355,პროფილი. ნობელალუმინა LWY-002 ფასადის გვერდი,შავი,000016299,გალუ4349 - პროფილი. ნობელალუმინა XBF-013 თხ. ტიხარი/ზედა შემკვრელი შავი,პროფილი. ნობელალუმინა XBF-013 თხ. ტიხარი/ზედა შემკვრელი,გალუ4349,შავი,000016298,გალუ4337 - პროფილი. ნობელალუმინა XSEK-502 თხ. ქვედა შემკვრელი შავი,პროფილი. ნობელალუმინა XSEK-502 თხ. ქვედა შემკვრელი,გალუ4337,შავი,000016296,გალუ4349 - პროფილი. ნობელალუმინა XBF-013 თხ. ტიხარი/ზედა შემკვრელი შავი,პროფილი. ნობელალუმინა XBF-013 თხ. ტიხარი/ზედა შემკვრელი,გალუ4349,შავი,000016298,გმქნ4061 - შემაფერხებელიანი მიმმართველი ალუმინის ფასადის.  ნობელალუმინა HB01,000013473
ჯეირანი,400,2600,500,1100,2001-2600,2600-2700,"პნლა275371 - გასაგორებელი კარი ჯეირანი, შავი, 2001-2600, გალუ4355",პნლა275371,ინოქსი,გალუ4355,000041858,გალუ4355 - პროფილი. ნობელალუმინა LWY-002 ფასადის გვერდი შავი,გალუ4355,პროფილი. ნობელალუმინა LWY-002 ფასადის გვერდი,შავი,000016299,გალუ4349 - პროფილი. ნობელალუმინა XBF-013 თხ. ტიხარი/ზედა შემკვრელი შავი,პროფილი. ნობელალუმინა XBF-013 თხ. ტიხარი/ზედა შემკვრელი,გალუ4349,შავი,000016298,გალუ4337 - პროფილი. ნობელალუმინა XSEK-502 თხ. ქვედა შემკვრელი შავი,პროფილი. ნობელალუმინა XSEK-502 თხ. ქვედა შემკვრელი,გალუ4337,შავი,000016296,გალუ4349 - პროფილი. ნობელალუმინა XBF-013 თხ. ტიხარი/ზედა შემკვრელი შავი,პროფილი. ნობელალუმინა XBF-013 თხ. ტიხარი/ზედა შემკვრელი,გალუ4349,შავი,000016298,გმქნ4061 - შემაფერხებელიანი მიმმართველი ალუმინის ფასადის.  ნობელალუმინა HB01,000013473
ჯეირანი,400,2600,500,1100,400-800,2600-2700,"პნლა275318 - გასაგორებელი კარი ჯეირანი, ინოქსი, 400-800, გალუ4111",პნლა275318,ინოქსი,გალუ4111,000041805,გალუ4111 - პროფილი. ნობელალუმინა XGJB-629 ვწ. ფასადის გვერდი ინოქსი,გალუ4111,პროფილი. ნობელალუმინა XGJB-629 ვწ. ფასადის გვერდი,ინოქსი,000015194,გალუ4126 - პროფილი. ნობელალუმინა XGJB-340 ვწ. ზედა შემკვრელი ინოქსი,პროფილი. ნობელალუმინა XGJB-340 ვწ. ზედა შემკვრელი,გალუ4126,ინოქსი,000015198,გალუ4121 - პროფილი. ნობელალუმინა XGJB-339 ვწ. ქვედა შემკვრელი ინოქსი,პროფილი. ნობელალუმინა XGJB-339 ვწ. ქვედა შემკვრელი,გალუ4121,ინოქსი,000015196,გალუ4132 - პროფილი. ნობელალუმინა XGJB-341P ვწ. შიდა ტიხარი ინოქსი,პროფილი. ნობელალუმინა XGJB-341P ვწ. შიდა ტიხარი,გალუ4132,ინოქსი,000015200,გმქნ4061 - შემაფერხებელიანი მიმმართველი ალუმინის ფასადის.  ნობელალუმინა HB01,000013473
ჯეირანი,400,2600,500,1100,801-1400,2600-2700,"პნლა275336 - გასაგორებელი კარი ჯეირანი, ინოქსი, 801-1400, გალუ4111",პნლა275336,ინოქსი,გალუ4111,000041823,გალუ4111 - პროფილი. ნობელალუმინა XGJB-629 ვწ. ფასადის გვერდი ინოქსი,გალუ4111,პროფილი. ნობელალუმინა XGJB-629 ვწ. ფასადის გვერდი,ინოქსი,000015194,გალუ4126 - პროფილი. ნობელალუმინა XGJB-340 ვწ. ზედა შემკვრელი ინოქსი,პროფილი. ნობელალუმინა XGJB-340 ვწ. ზედა შემკვრელი,გალუ4126,ინოქსი,000015198,გალუ4121 - პროფილი. ნობელალუმინა XGJB-339 ვწ. ქვედა შემკვრელი ინოქსი,პროფილი. ნობელალუმინა XGJB-339 ვწ. ქვედა შემკვრელი,გალუ4121,ინოქსი,000015196,გალუ4132 - პროფილი. ნობელალუმინა XGJB-341P ვწ. შიდა ტიხარი ინოქსი,პროფილი. ნობელალუმინა XGJB-341P ვწ. შიდა ტიხარი,გალუ4132,ინოქსი,000015200,გმქნ4061 - შემაფერხებელიანი მიმმართველი ალუმინის ფასადის.  ნობელალუმინა HB01,000013473
ჯეირანი,400,2600,500,1100,1401-2000,2600-2700,"პნლა275354 - გასაგორებელი კარი ჯეირანი, ინოქსი, 1401-2000, გალუ4111",პნლა275354,ინოქსი,გალუ4111,000041841,გალუ4111 - პროფილი. ნობელალუმინა XGJB-629 ვწ. ფასადის გვერდი ინოქსი,გალუ4111,პროფილი. ნობელალუმინა XGJB-629 ვწ. ფასადის გვერდი,ინოქსი,000015194,გალუ4126 - პროფილი. ნობელალუმინა XGJB-340 ვწ. ზედა შემკვრელი ინოქსი,პროფილი. ნობელალუმინა XGJB-340 ვწ. ზედა შემკვრელი,გალუ4126,ინოქსი,000015198,გალუ4121 - პროფილი. ნობელალუმინა XGJB-339 ვწ. ქვედა შემკვრელი ინოქსი,პროფილი. ნობელალუმინა XGJB-339 ვწ. ქვედა შემკვრელი,გალუ4121,ინოქსი,000015196,გალუ4132 - პროფილი. ნობელალუმინა XGJB-341P ვწ. შიდა ტიხარი ინოქსი,პროფილი. ნობელალუმინა XGJB-341P ვწ. შიდა ტიხარი,გალუ4132,ინოქსი,000015200,გმქნ4061 - შემაფერხებელიანი მიმმართველი ალუმინის ფასადის.  ნობელალუმინა HB01,000013473
ჯეირანი,400,2600,500,1100,2001-2600,2600-2700,"პნლა275372 - გასაგორებელი კარი ჯეირანი, ინოქსი, 2001-2600, გალუ4111",პნლა275372,ინოქსი,გალუ4111,000041859,გალუ4111 - პროფილი. ნობელალუმინა XGJB-629 ვწ. ფასადის გვერდი ინოქსი,გალუ4111,პროფილი. ნობელალუმინა XGJB-629 ვწ. ფასადის გვერდი,ინოქსი,000015194,გალუ4126 - პროფილი. ნობელალუმინა XGJB-340 ვწ. ზედა შემკვრელი ინოქსი,პროფილი. ნობელალუმინა XGJB-340 ვწ. ზედა შემკვრელი,გალუ4126,ინოქსი,000015198,გალუ4121 - პროფილი. ნობელალუმინა XGJB-339 ვწ. ქვედა შემკვრელი ინოქსი,პროფილი. ნობელალუმინა XGJB-339 ვწ. ქვედა შემკვრელი,გალუ4121,ინოქსი,000015196,გალუ4132 - პროფილი. ნობელალუმინა XGJB-341P ვწ. შიდა ტიხარი ინოქსი,პროფილი. ნობელალუმინა XGJB-341P ვწ. შიდა ტიხარი,გალუ4132,ინოქსი,000015200,გმქნ4061 - შემაფერხებელიანი მიმმართველი ალუმინის ფასადის.  ნობელალუმინა HB01,000013473
ჯეირანი,400,2600,500,1100,400-800,2600-2700,"პნლა275319 - გასაგორებელი კარი ჯეირანი, შავი, 400-800, გალუ4111",პნლა275319,ინოქსი,გალუ4111,000041806,გალუ4111 - პროფილი. ნობელალუმინა XGJB-629 ვწ. ფასადის გვერდი შავი,გალუ4111,პროფილი. ნობელალუმინა XGJB-629 ვწ. ფასადის გვერდი,შავი,000015195,გალუ4126 - პროფილი. ნობელალუმინა XGJB-340 ვწ. ზედა შემკვრელი შავი,პროფილი. ნობელალუმინა XGJB-340 ვწ. ზედა შემკვრელი,გალუ4126,შავი,000015199,გალუ4121 - პროფილი. ნობელალუმინა XGJB-339 ვწ. ქვედა შემკვრელი შავი,პროფილი. ნობელალუმინა XGJB-339 ვწ. ქვედა შემკვრელი,გალუ4121,შავი,000015197,გალუ4132 - პროფილი. ნობელალუმინა XGJB-341P ვწ. შიდა ტიხარი შავი,პროფილი. ნობელალუმინა XGJB-341P ვწ. შიდა ტიხარი,გალუ4132,შავი,000015201,გმქნ4061 - შემაფერხებელიანი მიმმართველი ალუმინის ფასადის.  ნობელალუმინა HB01,000013473
ჯეირანი,400,2600,500,1100,801-1400,2600-2700,"პნლა275337 - გასაგორებელი კარი ჯეირანი, შავი, 801-1400, გალუ4111",პნლა275337,ინოქსი,გალუ4111,000041824,გალუ4111 - პროფილი. ნობელალუმინა XGJB-629 ვწ. ფასადის გვერდი შავი,გალუ4111,პროფილი. ნობელალუმინა XGJB-629 ვწ. ფასადის გვერდი,შავი,000015195,გალუ4126 - პროფილი. ნობელალუმინა XGJB-340 ვწ. ზედა შემკვრელი შავი,პროფილი. ნობელალუმინა XGJB-340 ვწ. ზედა შემკვრელი,გალუ4126,შავი,000015199,გალუ4121 - პროფილი. ნობელალუმინა XGJB-339 ვწ. ქვედა შემკვრელი შავი,პროფილი. ნობელალუმინა XGJB-339 ვწ. ქვედა შემკვრელი,გალუ4121,შავი,000015197,გალუ4132 - პროფილი. ნობელალუმინა XGJB-341P ვწ. შიდა ტიხარი შავი,პროფილი. ნობელალუმინა XGJB-341P ვწ. შიდა ტიხარი,გალუ4132,შავი,000015201,გმქნ4061 - შემაფერხებელიანი მიმმართველი ალუმინის ფასადის.  ნობელალუმინა HB01,000013473
ჯეირანი,400,2600,500,1100,1401-2000,2600-2700,"პნლა275355 - გასაგორებელი კარი ჯეირანი, შავი, 1401-2000, გალუ4111",პნლა275355,ინოქსი,გალუ4111,000041842,გალუ4111 - პროფილი. ნობელალუმინა XGJB-629 ვწ. ფასადის გვერდი შავი,გალუ4111,პროფილი. ნობელალუმინა XGJB-629 ვწ. ფასადის გვერდი,შავი,000015195,გალუ4126 - პროფილი. ნობელალუმინა XGJB-340 ვწ. ზედა შემკვრელი შავი,პროფილი. ნობელალუმინა XGJB-340 ვწ. ზედა შემკვრელი,გალუ4126,შავი,000015199,გალუ4121 - პროფილი. ნობელალუმინა XGJB-339 ვწ. ქვედა შემკვრელი შავი,პროფილი. ნობელალუმინა XGJB-339 ვწ. ქვედა შემკვრელი,გალუ4121,შავი,000015197,გალუ4132 - პროფილი. ნობელალუმინა XGJB-341P ვწ. შიდა ტიხარი შავი,პროფილი. ნობელალუმინა XGJB-341P ვწ. შიდა ტიხარი,გალუ4132,შავი,000015201,გმქნ4061 - შემაფერხებელიანი მიმმართველი ალუმინის ფასადის.  ნობელალუმინა HB01,000013473
ჯეირანი,400,2600,500,1100,2001-2600,2600-2700,"პნლა275373 - გასაგორებელი კარი ჯეირანი, შავი, 2001-2600, გალუ4111",პნლა275373,ინოქსი,გალუ4111,000041860,გალუ4111 - პროფილი. ნობელალუმინა XGJB-629 ვწ. ფასადის გვერდი შავი,გალუ4111,პროფილი. ნობელალუმინა XGJB-629 ვწ. ფასადის გვერდი,შავი,000015195,გალუ4126 - პროფილი. ნობელალუმინა XGJB-340 ვწ. ზედა შემკვრელი შავი,პროფილი. ნობელალუმინა XGJB-340 ვწ. ზედა შემკვრელი,გალუ4126,შავი,000015199,გალუ4121 - პროფილი. ნობელალუმინა XGJB-339 ვწ. ქვედა შემკვრელი შავი,პროფილი. ნობელალუმინა XGJB-339 ვწ. ქვედა შემკვრელი,გალუ4121,შავი,000015197,გალუ4132 - პროფილი. ნობელალუმინა XGJB-341P ვწ. შიდა ტიხარი შავი,პროფილი. ნობელალუმინა XGJB-341P ვწ. შიდა ტიხარი,გალუ4132,შავი,000015201,გმქნ4061 - შემაფერხებელიანი მიმმართველი ალუმინის ფასადის.  ნობელალუმინა HB01,000013473
ჯეირანი,400,2600,500,1100,400-800,2600-2700,"პნლა275320 - გასაგორებელი კარი ჯეირანი, ინოქსი, 400-800, გალუ4171",პნლა275320,ინოქსი,გალუ4171,000041807,გალუ4171 - პროფილი. ნობელალუმინა XGJB-1372 კუბიკი გვერდი ინოქსი,გალუ4171,პროფილი. ნობელალუმინა XGJB-1372 კუბიკი გვერდი,ინოქსი,000015180,გალუ4176 - პროფილი. ნობელალუმინა XGJB-1371 კუბიკი ზედა შემკვრელი ინოქსი,პროფილი. ნობელალუმინა XGJB-1371 კუბიკი ზედა შემკვრელი,გალუ4176,ინოქსი,000015205,გალუ4174 - პროფილი. ნობელალუმინა XGJB-1369 კუბიკი ქვედა შემკვრელი ინოქსი,პროფილი. ნობელალუმინა XGJB-1369 კუბიკი ქვედა შემკვრელი,გალუ4174,ინოქსი,000015203,გალუ4179 - პროფილი. ნობელალუმინა XGJB-1370 კუბიკი შიდა ტიხარი ინოქსი,პროფილი. ნობელალუმინა XGJB-1370 კუბიკი შიდა ტიხარი,გალუ4179,ინოქსი,000015207,გმქნ4061 - შემაფერხებელიანი მიმმართველი ალუმინის ფასადის.  ნობელალუმინა HB01,000013473
ჯეირანი,400,2600,500,1100,801-1400,2600-2700,"პნლა275338 - გასაგორებელი კარი ჯეირანი, ინოქსი, 801-1400, გალუ4171",პნლა275338,ინოქსი,გალუ4171,000041825,გალუ4171 - პროფილი. ნობელალუმინა XGJB-1372 კუბიკი გვერდი ინოქსი,გალუ4171,პროფილი. ნობელალუმინა XGJB-1372 კუბიკი გვერდი,ინოქსი,000015180,გალუ4176 - პროფილი. ნობელალუმინა XGJB-1371 კუბიკი ზედა შემკვრელი ინოქსი,პროფილი. ნობელალუმინა XGJB-1371 კუბიკი ზედა შემკვრელი,გალუ4176,ინოქსი,000015205,გალუ4174 - პროფილი. ნობელალუმინა XGJB-1369 კუბიკი ქვედა შემკვრელი ინოქსი,პროფილი. ნობელალუმინა XGJB-1369 კუბიკი ქვედა შემკვრელი,გალუ4174,ინოქსი,000015203,გალუ4179 - პროფილი. ნობელალუმინა XGJB-1370 კუბიკი შიდა ტიხარი ინოქსი,პროფილი. ნობელალუმინა XGJB-1370 კუბიკი შიდა ტიხარი,გალუ4179,ინოქსი,000015207,გმქნ4061 - შემაფერხებელიანი მიმმართველი ალუმინის ფასადის.  ნობელალუმინა HB01,000013473
ჯეირანი,400,2600,500,1100,1401-2000,2600-2700,"პნლა275356 - გასაგორებელი კარი ჯეირანი, ინოქსი, 1401-2000, გალუ4171",პნლა275356,ინოქსი,გალუ4171,000041843,გალუ4171 - პროფილი. ნობელალუმინა XGJB-1372 კუბიკი გვერდი ინოქსი,გალუ4171,პროფილი. ნობელალუმინა XGJB-1372 კუბიკი გვერდი,ინოქსი,000015180,გალუ4176 - პროფილი. ნობელალუმინა XGJB-1371 კუბიკი ზედა შემკვრელი ინოქსი,პროფილი. ნობელალუმინა XGJB-1371 კუბიკი ზედა შემკვრელი,გალუ4176,ინოქსი,000015205,გალუ4174 - პროფილი. ნობელალუმინა XGJB-1369 კუბიკი ქვედა შემკვრელი ინოქსი,პროფილი. ნობელალუმინა XGJB-1369 კუბიკი ქვედა შემკვრელი,გალუ4174,ინოქსი,000015203,გალუ4179 - პროფილი. ნობელალუმინა XGJB-1370 კუბიკი შიდა ტიხარი ინოქსი,პროფილი. ნობელალუმინა XGJB-1370 კუბიკი შიდა ტიხარი,გალუ4179,ინოქსი,000015207,გმქნ4061 - შემაფერხებელიანი მიმმართველი ალუმინის ფასადის.  ნობელალუმინა HB01,000013473
ჯეირანი,400,2600,500,1100,2001-2600,2600-2700,"პნლა275374 - გასაგორებელი კარი ჯეირანი, ინოქსი, 2001-2600, გალუ4171",პნლა275374,ინოქსი,გალუ4171,000041861,გალუ4171 - პროფილი. ნობელალუმინა XGJB-1372 კუბიკი გვერდი ინოქსი,გალუ4171,პროფილი. ნობელალუმინა XGJB-1372 კუბიკი გვერდი,ინოქსი,000015180,გალუ4176 - პროფილი. ნობელალუმინა XGJB-1371 კუბიკი ზედა შემკვრელი ინოქსი,პროფილი. ნობელალუმინა XGJB-1371 კუბიკი ზედა შემკვრელი,გალუ4176,ინოქსი,000015205,გალუ4174 - პროფილი. ნობელალუმინა XGJB-1369 კუბიკი ქვედა შემკვრელი ინოქსი,პროფილი. ნობელალუმინა XGJB-1369 კუბიკი ქვედა შემკვრელი,გალუ4174,ინოქსი,000015203,გალუ4179 - პროფილი. ნობელალუმინა XGJB-1370 კუბიკი შიდა ტიხარი ინოქსი,პროფილი. ნობელალუმინა XGJB-1370 კუბიკი შიდა ტიხარი,გალუ4179,ინოქსი,000015207,გმქნ4061 - შემაფერხებელიანი მიმმართველი ალუმინის ფასადის.  ნობელალუმინა HB01,000013473
ჯეირანი,400,2600,500,1100,400-800,2600-2700,"პნლა275321 - გასაგორებელი კარი ჯეირანი, შავი, 400-800, გალუ4171",პნლა275321,ინოქსი,გალუ4171,000041808,გალუ4171 - პროფილი. ნობელალუმინა XGJB-1372 კუბიკი გვერდი შავი,გალუ4171,პროფილი. ნობელალუმინა XGJB-1372 კუბიკი გვერდი,შავი,000015202,გალუ4176 - პროფილი. ნობელალუმინა XGJB-1371 კუბიკი ზედა შემკვრელი შავი,პროფილი. ნობელალუმინა XGJB-1371 კუბიკი ზედა შემკვრელი,გალუ4176,შავი,000015206,გალუ4174 - პროფილი. ნობელალუმინა XGJB-1369 კუბიკი ქვედა შემკვრელი შავი,პროფილი. ნობელალუმინა XGJB-1369 კუბიკი ქვედა შემკვრელი,გალუ4174,შავი,000015204,გალუ4179 - პროფილი. ნობელალუმინა XGJB-1370 კუბიკი შიდა ტიხარი შავი,პროფილი. ნობელალუმინა XGJB-1370 კუბიკი შიდა ტიხარი,გალუ4179,შავი,000015208,გმქნ4061 - შემაფერხებელიანი მიმმართველი ალუმინის ფასადის.  ნობელალუმინა HB01,000013473
ჯეირანი,400,2600,500,1100,801-1400,2600-2700,"პნლა275339 - გასაგორებელი კარი ჯეირანი, შავი, 801-1400, გალუ4171",პნლა275339,ინოქსი,გალუ4171,000041826,გალუ4171 - პროფილი. ნობელალუმინა XGJB-1372 კუბიკი გვერდი შავი,გალუ4171,პროფილი. ნობელალუმინა XGJB-1372 კუბიკი გვერდი,შავი,000015202,გალუ4176 - პროფილი. ნობელალუმინა XGJB-1371 კუბიკი ზედა შემკვრელი შავი,პროფილი. ნობელალუმინა XGJB-1371 კუბიკი ზედა შემკვრელი,გალუ4176,შავი,000015206,გალუ4174 - პროფილი. ნობელალუმინა XGJB-1369 კუბიკი ქვედა შემკვრელი შავი,პროფილი. ნობელალუმინა XGJB-1369 კუბიკი ქვედა შემკვრელი,გალუ4174,შავი,000015204,გალუ4179 - პროფილი. ნობელალუმინა XGJB-1370 კუბიკი შიდა ტიხარი შავი,პროფილი. ნობელალუმინა XGJB-1370 კუბიკი შიდა ტიხარი,გალუ4179,შავი,000015208,გმქნ4061 - შემაფერხებელიანი მიმმართველი ალუმინის ფასადის.  ნობელალუმინა HB01,000013473
ჯეირანი,400,2600,500,1100,1401-2000,2600-2700,"პნლა275357 - გასაგორებელი კარი ჯეირანი, შავი, 1401-2000, გალუ4171",პნლა275357,ინოქსი,გალუ4171,000041844,გალუ4171 - პროფილი. ნობელალუმინა XGJB-1372 კუბიკი გვერდი შავი,გალუ4171,პროფილი. ნობელალუმინა XGJB-1372 კუბიკი გვერდი,შავი,000015202,გალუ4176 - პროფილი. ნობელალუმინა XGJB-1371 კუბიკი ზედა შემკვრელი შავი,პროფილი. ნობელალუმინა XGJB-1371 კუბიკი ზედა შემკვრელი,გალუ4176,შავი,000015206,გალუ4174 - პროფილი. ნობელალუმინა XGJB-1369 კუბიკი ქვედა შემკვრელი შავი,პროფილი. ნობელალუმინა XGJB-1369 კუბიკი ქვედა შემკვრელი,გალუ4174,შავი,000015204,გალუ4179 - პროფილი. ნობელალუმინა XGJB-1370 კუბიკი შიდა ტიხარი შავი,პროფილი. ნობელალუმინა XGJB-1370 კუბიკი შიდა ტიხარი,გალუ4179,შავი,000015208,გმქნ4061 - შემაფერხებელიანი მიმმართველი ალუმინის ფასადის.  ნობელალუმინა HB01,000013473
ჯეირანი,400,2600,500,1100,2001-2600,2600-2700,"პნლა275375 - გასაგორებელი კარი ჯეირანი, შავი, 2001-2600, გალუ4171",პნლა275375,ინოქსი,გალუ4171,000041862,გალუ4171 - პროფილი. ნობელალუმინა XGJB-1372 კუბიკი გვერდი შავი,გალუ4171,პროფილი. ნობელალუმინა XGJB-1372 კუბიკი გვერდი,შავი,000015202,გალუ4176 - პროფილი. ნობელალუმინა XGJB-1371 კუბიკი ზედა შემკვრელი შავი,პროფილი. ნობელალუმინა XGJB-1371 კუბიკი ზედა შემკვრელი,გალუ4176,შავი,000015206,გალუ4174 - პროფილი. ნობელალუმინა XGJB-1369 კუბიკი ქვედა შემკვრელი შავი,პროფილი. ნობელალუმინა XGJB-1369 კუბიკი ქვედა შემკვრელი,გალუ4174,შავი,000015204,გალუ4179 - პროფილი. ნობელალუმინა XGJB-1370 კუბიკი შიდა ტიხარი შავი,პროფილი. ნობელალუმინა XGJB-1370 კუბიკი შიდა ტიხარი,გალუ4179,შავი,000015208,გმქნ4061 - შემაფერხებელიანი მიმმართველი ალუმინის ფასადის.  ნობელალუმინა HB01,000013473
ჯეირანი,400,2600,500,1100,400-800,2600-2700,"პნლა275322 - გასაგორებელი კარი ჯეირანი, ინოქს, 400-800, ალდ4722",პნლა275322,ინოქსი,ალდ4722,000041809,"ალდ4722 - პროფილი ალ. შემკვრელი გვერდი, დემსას 4722დპ2 პ/ინოქს",ალდ4722,"პროფილი ალ. შემკვრელი გვერდი, დემსას 4722დპ2",პ/ინოქს,000004465,"ალდ4722 - პროფილი ალ. შემკვრელი გვერდი, დემსას 4722დპ2 პ/ინოქს","პროფილი ალ. შემკვრელი გვერდი, დემსას 4722დპ2",ალდ4722,ინოქსი,000004465,"ალდ4045 - პროფილი ალ. შემკვრელი ქვედა, დემსას 4045დპ2 პ/ინოქს","პროფილი ალ. შემკვრელი ქვედა, დემსას 4045დპ2",ალდ4045,ინოქსი,000004461,"ალდ3998 - პროფილი ალ. შემკვრელი შუა, დემსას 3998დპ2 პ/ინოქს","პროფილი ალ. შემკვრელი შუა, დემსას 3998დპ2",ალდ3998,ინოქსი,000004460,გმქნ4061 - შემაფერხებელიანი მიმმართველი ალუმინის ფასადის.  ნობელალუმინა HB01,000013473
ჯეირანი,400,2600,500,1100,801-1400,2600-2700,"პნლა275340 - გასაგორებელი კარი ჯეირანი, ინოქს, 801-1400, ალდ4722",პნლა275340,ინოქსი,ალდ4722,000041827,"ალდ4722 - პროფილი ალ. შემკვრელი გვერდი, დემსას 4722დპ2 პ/ინოქს",ალდ4722,"პროფილი ალ. შემკვრელი გვერდი, დემსას 4722დპ2",პ/ინოქს,000004465,"ალდ4722 - პროფილი ალ. შემკვრელი გვერდი, დემსას 4722დპ2 პ/ინოქს","პროფილი ალ. შემკვრელი გვერდი, დემსას 4722დპ2",ალდ4722,ინოქსი,000004465,"ალდ4045 - პროფილი ალ. შემკვრელი ქვედა, დემსას 4045დპ2 პ/ინოქს","პროფილი ალ. შემკვრელი ქვედა, დემსას 4045დპ2",ალდ4045,ინოქსი,000004461,"ალდ3998 - პროფილი ალ. შემკვრელი შუა, დემსას 3998დპ2 პ/ინოქს","პროფილი ალ. შემკვრელი შუა, დემსას 3998დპ2",ალდ3998,ინოქსი,000004460,გმქნ4061 - შემაფერხებელიანი მიმმართველი ალუმინის ფასადის.  ნობელალუმინა HB01,000013473
ჯეირანი,400,2600,500,1100,1401-2000,2600-2700,"პნლა275358 - გასაგორებელი კარი ჯეირანი, ინოქს, 1401-2000, ალდ4722",პნლა275358,ინოქსი,ალდ4722,000041845,"ალდ4722 - პროფილი ალ. შემკვრელი გვერდი, დემსას 4722დპ2 პ/ინოქს",ალდ4722,"პროფილი ალ. შემკვრელი გვერდი, დემსას 4722დპ2",პ/ინოქს,000004465,"ალდ4722 - პროფილი ალ. შემკვრელი გვერდი, დემსას 4722დპ2 პ/ინოქს","პროფილი ალ. შემკვრელი გვერდი, დემსას 4722დპ2",ალდ4722,ინოქსი,000004465,"ალდ4045 - პროფილი ალ. შემკვრელი ქვედა, დემსას 4045დპ2 პ/ინოქს","პროფილი ალ. შემკვრელი ქვედა, დემსას 4045დპ2",ალდ4045,ინოქსი,000004461,"ალდ3998 - პროფილი ალ. შემკვრელი შუა, დემსას 3998დპ2 პ/ინოქს","პროფილი ალ. შემკვრელი შუა, დემსას 3998დპ2",ალდ3998,ინოქსი,000004460,გმქნ4061 - შემაფერხებელიანი მიმმართველი ალუმინის ფასადის.  ნობელალუმინა HB01,000013473
ჯეირანი,400,2600,500,1100,2001-2600,2600-2700,"პნლა275376 - გასაგორებელი კარი ჯეირანი, ინოქს, 2001-2600, ალდ4722",პნლა275376,ინოქსი,ალდ4722,000041863,"ალდ4722 - პროფილი ალ. შემკვრელი გვერდი, დემსას 4722დპ2 პ/ინოქს",ალდ4722,"პროფილი ალ. შემკვრელი გვერდი, დემსას 4722დპ2",პ/ინოქს,000004465,"ალდ4722 - პროფილი ალ. შემკვრელი გვერდი, დემსას 4722დპ2 პ/ინოქს","პროფილი ალ. შემკვრელი გვერდი, დემსას 4722დპ2",ალდ4722,ინოქსი,000004465,"ალდ4045 - პროფილი ალ. შემკვრელი ქვედა, დემსას 4045დპ2 პ/ინოქს","პროფილი ალ. შემკვრელი ქვედა, დემსას 4045დპ2",ალდ4045,ინოქსი,000004461,"ალდ3998 - პროფილი ალ. შემკვრელი შუა, დემსას 3998დპ2 პ/ინოქს","პროფილი ალ. შემკვრელი შუა, დემსას 3998დპ2",ალდ3998,ინოქსი,000004460,გმქნ4061 - შემაფერხებელიანი მიმმართველი ალუმინის ფასადის.  ნობელალუმინა HB01,000013473
ჯეირანი,400,2600,500,1100,400-800,2600-2700,"პნლა275323 - გასაგორებელი კარი ჯეირანი, ინოქსი, 400-800, გალუ4312",პნლა275323,ინოქსი,გალუ4312,000041810,გალუ4312 - პროფილი. ნობელალუმინა FSQ-047 შემკვრელი გვერდი ინოქსი,გალუ4312,პროფილი. ნობელალუმინა FSQ-047 შემკვრელი გვერდი,ინოქსი,000015209,გალუ4349 - პროფილი. ნობელალუმინა XBF-013 თხ. ტიხარი/ზედა შემკვრელი ინოქსი,პროფილი. ნობელალუმინა XBF-013 თხ. ტიხარი/ზედა შემკვრელი,გალუ4349,ინოქსი,000016297,გალუ4337 - პროფილი. ნობელალუმინა XSEK-502 თხ. ქვედა შემკვრელი ინოქსი,პროფილი. ნობელალუმინა XSEK-502 თხ. ქვედა შემკვრელი,გალუ4337,ინოქსი,000016295,გალუ4349 - პროფილი. ნობელალუმინა XBF-013 თხ. ტიხარი/ზედა შემკვრელი ინოქსი,პროფილი. ნობელალუმინა XBF-013 თხ. ტიხარი/ზედა შემკვრელი,გალუ4349,ინოქსი,000016297,გმქნ4061 - შემაფერხებელიანი მიმმართველი ალუმინის ფასადის.  ნობელალუმინა HB01,000013473
ჯეირანი,400,2600,500,1100,801-1400,2600-2700,"პნლა275341 - გასაგორებელი კარი ჯეირანი, ინოქსი, 801-1400, გალუ4312",პნლა275341,ინოქსი,გალუ4312,000041828,გალუ4312 - პროფილი. ნობელალუმინა FSQ-047 შემკვრელი გვერდი ინოქსი,გალუ4312,პროფილი. ნობელალუმინა FSQ-047 შემკვრელი გვერდი,ინოქსი,000015209,გალუ4349 - პროფილი. ნობელალუმინა XBF-013 თხ. ტიხარი/ზედა შემკვრელი ინოქსი,პროფილი. ნობელალუმინა XBF-013 თხ. ტიხარი/ზედა შემკვრელი,გალუ4349,ინოქსი,000016297,გალუ4337 - პროფილი. ნობელალუმინა XSEK-502 თხ. ქვედა შემკვრელი ინოქსი,პროფილი. ნობელალუმინა XSEK-502 თხ. ქვედა შემკვრელი,გალუ4337,ინოქსი,000016295,გალუ4349 - პროფილი. ნობელალუმინა XBF-013 თხ. ტიხარი/ზედა შემკვრელი ინოქსი,პროფილი. ნობელალუმინა XBF-013 თხ. ტიხარი/ზედა შემკვრელი,გალუ4349,ინოქსი,000016297,გმქნ4061 - შემაფერხებელიანი მიმმართველი ალუმინის ფასადის.  ნობელალუმინა HB01,000013473
ჯეირანი,400,2600,500,1100,1401-2000,2600-2700,"პნლა275359 - გასაგორებელი კარი ჯეირანი, ინოქსი, 1401-2000, გალუ4312",პნლა275359,ინოქსი,გალუ4312,000041846,გალუ4312 - პროფილი. ნობელალუმინა FSQ-047 შემკვრელი გვერდი ინოქსი,გალუ4312,პროფილი. ნობელალუმინა FSQ-047 შემკვრელი გვერდი,ინოქსი,000015209,გალუ4349 - პროფილი. ნობელალუმინა XBF-013 თხ. ტიხარი/ზედა შემკვრელი ინოქსი,პროფილი. ნობელალუმინა XBF-013 თხ. ტიხარი/ზედა შემკვრელი,გალუ4349,ინოქსი,000016297,გალუ4337 - პროფილი. ნობელალუმინა XSEK-502 თხ. ქვედა შემკვრელი ინოქსი,პროფილი. ნობელალუმინა XSEK-502 თხ. ქვედა შემკვრელი,გალუ4337,ინოქსი,000016295,გალუ4349 - პროფილი. ნობელალუმინა XBF-013 თხ. ტიხარი/ზედა შემკვრელი ინოქსი,პროფილი. ნობელალუმინა XBF-013 თხ. ტიხარი/ზედა შემკვრელი,გალუ4349,ინოქსი,000016297,გმქნ4061 - შემაფერხებელიანი მიმმართველი ალუმინის ფასადის.  ნობელალუმინა HB01,000013473
ჯეირანი,400,2600,500,1100,2001-2600,2600-2700,"პნლა275377 - გასაგორებელი კარი ჯეირანი, ინოქსი, 2001-2600, გალუ4312",პნლა275377,ინოქსი,გალუ4312,000041864,გალუ4312 - პროფილი. ნობელალუმინა FSQ-047 შემკვრელი გვერდი ინოქსი,გალუ4312,პროფილი. ნობელალუმინა FSQ-047 შემკვრელი გვერდი,ინოქსი,000015209,გალუ4349 - პროფილი. ნობელალუმინა XBF-013 თხ. ტიხარი/ზედა შემკვრელი ინოქსი,პროფილი. ნობელალუმინა XBF-013 თხ. ტიხარი/ზედა შემკვრელი,გალუ4349,ინოქსი,000016297,გალუ4337 - პროფილი. ნობელალუმინა XSEK-502 თხ. ქვედა შემკვრელი ინოქსი,პროფილი. ნობელალუმინა XSEK-502 თხ. ქვედა შემკვრელი,გალუ4337,ინოქსი,000016295,გალუ4349 - პროფილი. ნობელალუმინა XBF-013 თხ. ტიხარი/ზედა შემკვრელი ინოქსი,პროფილი. ნობელალუმინა XBF-013 თხ. ტიხარი/ზედა შემკვრელი,გალუ4349,ინოქსი,000016297,გმქნ4061 - შემაფერხებელიანი მიმმართველი ალუმინის ფასადის.  ნობელალუმინა HB01,000013473
ჯეირანი,400,2600,500,1100,400-800,2600-2700,"პნლა275324 - გასაგორებელი კარი ჯეირანი, შავი, 400-800, გალუ4312",პნლა275324,ინოქსი,გალუ4312,000041811,გალუ4312 - პროფილი. ნობელალუმინა FSQ-047 შემკვრელი გვერდი შავი,გალუ4312,პროფილი. ნობელალუმინა FSQ-047 შემკვრელი გვერდი,შავი,000015210,გალუ4349 - პროფილი. ნობელალუმინა XBF-013 თხ. ტიხარი/ზედა შემკვრელი შავი,პროფილი. ნობელალუმინა XBF-013 თხ. ტიხარი/ზედა შემკვრელი,გალუ4349,შავი,000016298,გალუ4337 - პროფილი. ნობელალუმინა XSEK-502 თხ. ქვედა შემკვრელი შავი,პროფილი. ნობელალუმინა XSEK-502 თხ. ქვედა შემკვრელი,გალუ4337,შავი,000016296,გალუ4349 - პროფილი. ნობელალუმინა XBF-013 თხ. ტიხარი/ზედა შემკვრელი შავი,პროფილი. ნობელალუმინა XBF-013 თხ. ტიხარი/ზედა შემკვრელი,გალუ4349,შავი,000016298,გმქნ4061 - შემაფერხებელიანი მიმმართველი ალუმინის ფასადის.  ნობელალუმინა HB01,000013473
ჯეირანი,400,2600,500,1100,801-1400,2600-2700,"პნლა275342 - გასაგორებელი კარი ჯეირანი, შავი, 801-1400, გალუ4312",პნლა275342,ინოქსი,გალუ4312,000041829,გალუ4312 - პროფილი. ნობელალუმინა FSQ-047 შემკვრელი გვერდი შავი,გალუ4312,პროფილი. ნობელალუმინა FSQ-047 შემკვრელი გვერდი,შავი,000015210,გალუ4349 - პროფილი. ნობელალუმინა XBF-013 თხ. ტიხარი/ზედა შემკვრელი შავი,პროფილი. ნობელალუმინა XBF-013 თხ. ტიხარი/ზედა შემკვრელი,გალუ4349,შავი,000016298,გალუ4337 - პროფილი. ნობელალუმინა XSEK-502 თხ. ქვედა შემკვრელი შავი,პროფილი. ნობელალუმინა XSEK-502 თხ. ქვედა შემკვრელი,გალუ4337,შავი,000016296,გალუ4349 - პროფილი. ნობელალუმინა XBF-013 თხ. ტიხარი/ზედა შემკვრელი შავი,პროფილი. ნობელალუმინა XBF-013 თხ. ტიხარი/ზედა შემკვრელი,გალუ4349,შავი,000016298,გმქნ4061 - შემაფერხებელიანი მიმმართველი ალუმინის ფასადის.  ნობელალუმინა HB01,000013473
ჯეირანი,400,2600,500,1100,1401-2000,2600-2700,"პნლა275360 - გასაგორებელი კარი ჯეირანი, შავი, 1401-2000, გალუ4312",პნლა275360,ინოქსი,გალუ4312,000041847,გალუ4312 - პროფილი. ნობელალუმინა FSQ-047 შემკვრელი გვერდი შავი,გალუ4312,პროფილი. ნობელალუმინა FSQ-047 შემკვრელი გვერდი,შავი,000015210,გალუ4349 - პროფილი. ნობელალუმინა XBF-013 თხ. ტიხარი/ზედა შემკვრელი შავი,პროფილი. ნობელალუმინა XBF-013 თხ. ტიხარი/ზედა შემკვრელი,გალუ4349,შავი,000016298,გალუ4337 - პროფილი. ნობელალუმინა XSEK-502 თხ. ქვედა შემკვრელი შავი,პროფილი. ნობელალუმინა XSEK-502 თხ. ქვედა შემკვრელი,გალუ4337,შავი,000016296,გალუ4349 - პროფილი. ნობელალუმინა XBF-013 თხ. ტიხარი/ზედა შემკვრელი შავი,პროფილი. ნობელალუმინა XBF-013 თხ. ტიხარი/ზედა შემკვრელი,გალუ4349,შავი,000016298,გმქნ4061 - შემაფერხებელიანი მიმმართველი ალუმინის ფასადის.  ნობელალუმინა HB01,000013473
ჯეირანი,400,2600,500,1100,2001-2600,2600-2700,"პნლა275378 - გასაგორებელი კარი ჯეირანი, შავი, 2001-2600, გალუ4312",პნლა275378,ინოქსი,გალუ4312,000041865,გალუ4312 - პროფილი. ნობელალუმინა FSQ-047 შემკვრელი გვერდი შავი,გალუ4312,პროფილი. ნობელალუმინა FSQ-047 შემკვრელი გვერდი,შავი,000015210,გალუ4349 - პროფილი. ნობელალუმინა XBF-013 თხ. ტიხარი/ზედა შემკვრელი შავი,პროფილი. ნობელალუმინა XBF-013 თხ. ტიხარი/ზედა შემკვრელი,გალუ4349,შავი,000016298,გალუ4337 - პროფილი. ნობელალუმინა XSEK-502 თხ. ქვედა შემკვრელი შავი,პროფილი. ნობელალუმინა XSEK-502 თხ. ქვედა შემკვრელი,გალუ4337,შავი,000016296,გალუ4349 - პროფილი. ნობელალუმინა XBF-013 თხ. ტიხარი/ზედა შემკვრელი შავი,პროფილი. ნობელალუმინა XBF-013 თხ. ტიხარი/ზედა შემკვრელი,გალუ4349,შავი,000016298,გმქნ4061 - შემაფერხებელიანი მიმმართველი ალუმინის ფასადის.  ნობელალუმინა HB01,000013473
სიმდი,200,2600,500,1100,200-800,2600-2700,"პნლა275379 - გასაგორებელი კარი სიმდი, ინოქსი, 200-800, გალუ4108",პნლა275379,ინოქსი,გალუ4108,000041866,გალუ4108 - პროფილი. ნობელალუმინა XGJB-1058P ვწ. ორმხრივი გვერდი ინოქსი,გალუ4108,პროფილი. ნობელალუმინა XGJB-1058P ვწ. ორმხრივი გვერდი,ინოქსი,000015192,გალუ4349 - პროფილი. ნობელალუმინა XBF-013 თხ. ტიხარი/ზედა შემკვრელი ინოქსი,პროფილი. ნობელალუმინა XBF-013 თხ. ტიხარი/ზედა შემკვრელი,გალუ4349,ინოქსი,000016297,გალუ4337 - პროფილი. ნობელალუმინა XSEK-502 თხ. ქვედა შემკვრელი ინოქსი,პროფილი. ნობელალუმინა XSEK-502 თხ. ქვედა შემკვრელი,გალუ4337,ინოქსი,000016295,,,,,,გმქნ4061 - შემაფერხებელიანი მიმმართველი ალუმინის ფასადის.  ნობელალუმინა HB01,000013473
სიმდი,200,2600,500,1100,801-1400,2600-2700,"პნლა275397 - გასაგორებელი კარი სიმდი, ინოქსი, 801-1400, გალუ4108",პნლა275397,ინოქსი,გალუ4108,000041884,გალუ4108 - პროფილი. ნობელალუმინა XGJB-1058P ვწ. ორმხრივი გვერდი ინოქსი,გალუ4108,პროფილი. ნობელალუმინა XGJB-1058P ვწ. ორმხრივი გვერდი,ინოქსი,000015192,გალუ4349 - პროფილი. ნობელალუმინა XBF-013 თხ. ტიხარი/ზედა შემკვრელი ინოქსი,პროფილი. ნობელალუმინა XBF-013 თხ. ტიხარი/ზედა შემკვრელი,გალუ4349,ინოქსი,000016297,გალუ4337 - პროფილი. ნობელალუმინა XSEK-502 თხ. ქვედა შემკვრელი ინოქსი,პროფილი. ნობელალუმინა XSEK-502 თხ. ქვედა შემკვრელი,გალუ4337,ინოქსი,000016295,,,,,,გმქნ4061 - შემაფერხებელიანი მიმმართველი ალუმინის ფასადის.  ნობელალუმინა HB01,000013473
სიმდი,200,2600,500,1100,1401-2000,2600-2700,"პნლა275415 - გასაგორებელი კარი სიმდი, ინოქსი, 1401-2000, გალუ4108",პნლა275415,ინოქსი,გალუ4108,000041902,გალუ4108 - პროფილი. ნობელალუმინა XGJB-1058P ვწ. ორმხრივი გვერდი ინოქსი,გალუ4108,პროფილი. ნობელალუმინა XGJB-1058P ვწ. ორმხრივი გვერდი,ინოქსი,000015192,გალუ4349 - პროფილი. ნობელალუმინა XBF-013 თხ. ტიხარი/ზედა შემკვრელი ინოქსი,პროფილი. ნობელალუმინა XBF-013 თხ. ტიხარი/ზედა შემკვრელი,გალუ4349,ინოქსი,000016297,გალუ4337 - პროფილი. ნობელალუმინა XSEK-502 თხ. ქვედა შემკვრელი ინოქსი,პროფილი. ნობელალუმინა XSEK-502 თხ. ქვედა შემკვრელი,გალუ4337,ინოქსი,000016295,,,,,,გმქნ4061 - შემაფერხებელიანი მიმმართველი ალუმინის ფასადის.  ნობელალუმინა HB01,000013473
სიმდი,200,2600,500,1100,2001-2600,2600-2700,"პნლა275433 - გასაგორებელი კარი სიმდი, ინოქსი, 2001-2600, გალუ4108",პნლა275433,ინოქსი,გალუ4108,000041920,გალუ4108 - პროფილი. ნობელალუმინა XGJB-1058P ვწ. ორმხრივი გვერდი ინოქსი,გალუ4108,პროფილი. ნობელალუმინა XGJB-1058P ვწ. ორმხრივი გვერდი,ინოქსი,000015192,გალუ4349 - პროფილი. ნობელალუმინა XBF-013 თხ. ტიხარი/ზედა შემკვრელი ინოქსი,პროფილი. ნობელალუმინა XBF-013 თხ. ტიხარი/ზედა შემკვრელი,გალუ4349,ინოქსი,000016297,გალუ4337 - პროფილი. ნობელალუმინა XSEK-502 თხ. ქვედა შემკვრელი ინოქსი,პროფილი. ნობელალუმინა XSEK-502 თხ. ქვედა შემკვრელი,გალუ4337,ინოქსი,000016295,,,,,,გმქნ4061 - შემაფერხებელიანი მიმმართველი ალუმინის ფასადის.  ნობელალუმინა HB01,000013473
სიმდი,200,2600,500,1100,200-800,2600-2700,"პნლა275380 - გასაგორებელი კარი სიმდი, შავი, 200-800, გალუ4108",პნლა275380,ინოქსი,გალუ4108,000041867,გალუ4108 - პროფილი. ნობელალუმინა XGJB-1058P ვწ. ორმხრივი გვერდი შავი,გალუ4108,პროფილი. ნობელალუმინა XGJB-1058P ვწ. ორმხრივი გვერდი,შავი,000015193,გალუ4349 - პროფილი. ნობელალუმინა XBF-013 თხ. ტიხარი/ზედა შემკვრელი შავი,პროფილი. ნობელალუმინა XBF-013 თხ. ტიხარი/ზედა შემკვრელი,გალუ4349,შავი,000016298,გალუ4337 - პროფილი. ნობელალუმინა XSEK-502 თხ. ქვედა შემკვრელი შავი,პროფილი. ნობელალუმინა XSEK-502 თხ. ქვედა შემკვრელი,გალუ4337,შავი,000016296,,,,,,გმქნ4061 - შემაფერხებელიანი მიმმართველი ალუმინის ფასადის.  ნობელალუმინა HB01,000013473
სიმდი,200,2600,500,1100,801-1400,2600-2700,"პნლა275398 - გასაგორებელი კარი სიმდი, შავი, 801-1400, გალუ4108",პნლა275398,ინოქსი,გალუ4108,000041885,გალუ4108 - პროფილი. ნობელალუმინა XGJB-1058P ვწ. ორმხრივი გვერდი შავი,გალუ4108,პროფილი. ნობელალუმინა XGJB-1058P ვწ. ორმხრივი გვერდი,შავი,000015193,გალუ4349 - პროფილი. ნობელალუმინა XBF-013 თხ. ტიხარი/ზედა შემკვრელი შავი,პროფილი. ნობელალუმინა XBF-013 თხ. ტიხარი/ზედა შემკვრელი,გალუ4349,შავი,000016298,გალუ4337 - პროფილი. ნობელალუმინა XSEK-502 თხ. ქვედა შემკვრელი შავი,პროფილი. ნობელალუმინა XSEK-502 თხ. ქვედა შემკვრელი,გალუ4337,შავი,000016296,,,,,,გმქნ4061 - შემაფერხებელიანი მიმმართველი ალუმინის ფასადის.  ნობელალუმინა HB01,000013473
სიმდი,200,2600,500,1100,1401-2000,2600-2700,"პნლა275416 - გასაგორებელი კარი სიმდი, შავი, 1401-2000, გალუ4108",პნლა275416,ინოქსი,გალუ4108,000041903,გალუ4108 - პროფილი. ნობელალუმინა XGJB-1058P ვწ. ორმხრივი გვერდი შავი,გალუ4108,პროფილი. ნობელალუმინა XGJB-1058P ვწ. ორმხრივი გვერდი,შავი,000015193,გალუ4349 - პროფილი. ნობელალუმინა XBF-013 თხ. ტიხარი/ზედა შემკვრელი შავი,პროფილი. ნობელალუმინა XBF-013 თხ. ტიხარი/ზედა შემკვრელი,გალუ4349,შავი,000016298,გალუ4337 - პროფილი. ნობელალუმინა XSEK-502 თხ. ქვედა შემკვრელი შავი,პროფილი. ნობელალუმინა XSEK-502 თხ. ქვედა შემკვრელი,გალუ4337,შავი,000016296,,,,,,გმქნ4061 - შემაფერხებელიანი მიმმართველი ალუმინის ფასადის.  ნობელალუმინა HB01,000013473
სიმდი,200,2600,500,1100,2001-2600,2600-2700,"პნლა275434 - გასაგორებელი კარი სიმდი, შავი, 2001-2600, გალუ4108",პნლა275434,ინოქსი,გალუ4108,000041921,გალუ4108 - პროფილი. ნობელალუმინა XGJB-1058P ვწ. ორმხრივი გვერდი შავი,გალუ4108,პროფილი. ნობელალუმინა XGJB-1058P ვწ. ორმხრივი გვერდი,შავი,000015193,გალუ4349 - პროფილი. ნობელალუმინა XBF-013 თხ. ტიხარი/ზედა შემკვრელი შავი,პროფილი. ნობელალუმინა XBF-013 თხ. ტიხარი/ზედა შემკვრელი,გალუ4349,შავი,000016298,გალუ4337 - პროფილი. ნობელალუმინა XSEK-502 თხ. ქვედა შემკვრელი შავი,პროფილი. ნობელალუმინა XSEK-502 თხ. ქვედა შემკვრელი,გალუ4337,შავი,000016296,,,,,,გმქნ4061 - შემაფერხებელიანი მიმმართველი ალუმინის ფასადის.  ნობელალუმინა HB01,000013473
სიმდი,200,2600,500,1100,200-800,2600-2700,"პნლა275381 - გასაგორებელი კარი სიმდი, გრაფიტი, 200-800, გალუ4181",პნლა275381,ინოქსი,გალუ4181,000041868,გალუ4181 - პროფილი. ნობელალუმინა XGJB-1354 ორი დონე გვერდი გრაფიტი,გალუ4181,პროფილი. ნობელალუმინა XGJB-1354 ორი დონე გვერდი,გრაფიტი,000016301,გალუ4186 - პროფილი. ნობელალუმინა XGJB-1352 ორი დონე ზედა შემკვრელი გრაფიტი,პროფილი. ნობელალუმინა XGJB-1352 ორი დონე ზედა შემკვრელი,გალუ4186,გრაფიტი,000016303,გალუ4184 - პროფილი. ნობელალუმინა XGJB-1353 ორი დონე ქვედა შემკვრელი გრაფიტი,პროფილი. ნობელალუმინა XGJB-1353 ორი დონე ქვედა შემკვრელი,გალუ4184,გრაფიტი,000016302,,,,,,გმქნ4061 - შემაფერხებელიანი მიმმართველი ალუმინის ფასადის.  ნობელალუმინა HB01,000013473
სიმდი,200,2600,500,1100,801-1400,2600-2700,"პნლა275399 - გასაგორებელი კარი სიმდი, გრაფიტი, 801-1400, გალუ4181",პნლა275399,ინოქსი,გალუ4181,000041886,გალუ4181 - პროფილი. ნობელალუმინა XGJB-1354 ორი დონე გვერდი გრაფიტი,გალუ4181,პროფილი. ნობელალუმინა XGJB-1354 ორი დონე გვერდი,გრაფიტი,000016301,გალუ4186 - პროფილი. ნობელალუმინა XGJB-1352 ორი დონე ზედა შემკვრელი გრაფიტი,პროფილი. ნობელალუმინა XGJB-1352 ორი დონე ზედა შემკვრელი,გალუ4186,გრაფიტი,000016303,გალუ4184 - პროფილი. ნობელალუმინა XGJB-1353 ორი დონე ქვედა შემკვრელი გრაფიტი,პროფილი. ნობელალუმინა XGJB-1353 ორი დონე ქვედა შემკვრელი,გალუ4184,გრაფიტი,000016302,,,,,,გმქნ4061 - შემაფერხებელიანი მიმმართველი ალუმინის ფასადის.  ნობელალუმინა HB01,000013473
სიმდი,200,2600,500,1100,1401-2000,2600-2700,"პნლა275417 - გასაგორებელი კარი სიმდი, გრაფიტი, 1401-2000, გალუ4181",პნლა275417,ინოქსი,გალუ4181,000041904,გალუ4181 - პროფილი. ნობელალუმინა XGJB-1354 ორი დონე გვერდი გრაფიტი,გალუ4181,პროფილი. ნობელალუმინა XGJB-1354 ორი დონე გვერდი,გრაფიტი,000016301,გალუ4186 - პროფილი. ნობელალუმინა XGJB-1352 ორი დონე ზედა შემკვრელი გრაფიტი,პროფილი. ნობელალუმინა XGJB-1352 ორი დონე ზედა შემკვრელი,გალუ4186,გრაფიტი,000016303,გალუ4184 - პროფილი. ნობელალუმინა XGJB-1353 ორი დონე ქვედა შემკვრელი გრაფიტი,პროფილი. ნობელალუმინა XGJB-1353 ორი დონე ქვედა შემკვრელი,გალუ4184,გრაფიტი,000016302,,,,,,გმქნ4061 - შემაფერხებელიანი მიმმართველი ალუმინის ფასადის.  ნობელალუმინა HB01,000013473
სიმდი,200,2600,500,1100,2001-2600,2600-2700,"პნლა275435 - გასაგორებელი კარი სიმდი, გრაფიტი, 2001-2600, გალუ4181",პნლა275435,ინოქსი,გალუ4181,000041922,გალუ4181 - პროფილი. ნობელალუმინა XGJB-1354 ორი დონე გვერდი გრაფიტი,გალუ4181,პროფილი. ნობელალუმინა XGJB-1354 ორი დონე გვერდი,გრაფიტი,000016301,გალუ4186 - პროფილი. ნობელალუმინა XGJB-1352 ორი დონე ზედა შემკვრელი გრაფიტი,პროფილი. ნობელალუმინა XGJB-1352 ორი დონე ზედა შემკვრელი,გალუ4186,გრაფიტი,000016303,გალუ4184 - პროფილი. ნობელალუმინა XGJB-1353 ორი დონე ქვედა შემკვრელი გრაფიტი,პროფილი. ნობელალუმინა XGJB-1353 ორი დონე ქვედა შემკვრელი,გალუ4184,გრაფიტი,000016302,,,,,,გმქნ4061 - შემაფერხებელიანი მიმმართველი ალუმინის ფასადის.  ნობელალუმინა HB01,000013473
სიმდი,200,2600,500,1100,200-800,2600-2700,"პნლა275382 - გასაგორებელი კარი სიმდი, სილვერი, 200-800, გალუ4014",პნლა275382,ინოქსი,გალუ4014,000041869,გალუ4014 - პროფილი. ნობელალუმინა XBX-043P სწორი/ფიგურიანი გვერდი სილვერი,გალუ4014,პროფილი. ნობელალუმინა XBX-043P სწორი/ფიგურიანი გვერდი,სილვერი,000012321,გალუ4156 - პროფილი. ნობელალუმინა LXD-3025 თხ. ზედა შემკვრელი სილვერი,პროფილი. ნობელალუმინა LXD-3025 თხ. ზედა შემკვრელი,გალუ4156,სილვერი,000012323,გალუ4151 - პროფილი. ნობელალუმინა LXD-3027 თხ. ქვედა შემკვრელი სილვერი,პროფილი. ნობელალუმინა LXD-3027 თხ. ქვედა შემკვრელი,გალუ4151,სილვერი,000012322,,,,,,გმქნ4061 - შემაფერხებელიანი მიმმართველი ალუმინის ფასადის.  ნობელალუმინა HB01,000013473
სიმდი,200,2600,500,1100,801-1400,2600-2700,"პნლა275400 - გასაგორებელი კარი სიმდი, სილვერი, 801-1400, გალუ4014",პნლა275400,ინოქსი,გალუ4014,000041887,გალუ4014 - პროფილი. ნობელალუმინა XBX-043P სწორი/ფიგურიანი გვერდი სილვერი,გალუ4014,პროფილი. ნობელალუმინა XBX-043P სწორი/ფიგურიანი გვერდი,სილვერი,000012321,გალუ4156 - პროფილი. ნობელალუმინა LXD-3025 თხ. ზედა შემკვრელი სილვერი,პროფილი. ნობელალუმინა LXD-3025 თხ. ზედა შემკვრელი,გალუ4156,სილვერი,000012323,გალუ4151 - პროფილი. ნობელალუმინა LXD-3027 თხ. ქვედა შემკვრელი სილვერი,პროფილი. ნობელალუმინა LXD-3027 თხ. ქვედა შემკვრელი,გალუ4151,სილვერი,000012322,,,,,,გმქნ4061 - შემაფერხებელიანი მიმმართველი ალუმინის ფასადის.  ნობელალუმინა HB01,000013473
სიმდი,200,2600,500,1100,1401-2000,2600-2700,"პნლა275418 - გასაგორებელი კარი სიმდი, სილვერი, 1401-2000, გალუ4014",პნლა275418,ინოქსი,გალუ4014,000041905,გალუ4014 - პროფილი. ნობელალუმინა XBX-043P სწორი/ფიგურიანი გვერდი სილვერი,გალუ4014,პროფილი. ნობელალუმინა XBX-043P სწორი/ფიგურიანი გვერდი,სილვერი,000012321,გალუ4156 - პროფილი. ნობელალუმინა LXD-3025 თხ. ზედა შემკვრელი სილვერი,პროფილი. ნობელალუმინა LXD-3025 თხ. ზედა შემკვრელი,გალუ4156,სილვერი,000012323,გალუ4151 - პროფილი. ნობელალუმინა LXD-3027 თხ. ქვედა შემკვრელი სილვერი,პროფილი. ნობელალუმინა LXD-3027 თხ. ქვედა შემკვრელი,გალუ4151,სილვერი,000012322,,,,,,გმქნ4061 - შემაფერხებელიანი მიმმართველი ალუმინის ფასადის.  ნობელალუმინა HB01,000013473
სიმდი,200,2600,500,1100,2001-2600,2600-2700,"პნლა275436 - გასაგორებელი კარი სიმდი, სილვერი, 2001-2600, გალუ4014",პნლა275436,ინოქსი,გალუ4014,000041923,გალუ4014 - პროფილი. ნობელალუმინა XBX-043P სწორი/ფიგურიანი გვერდი სილვერი,გალუ4014,პროფილი. ნობელალუმინა XBX-043P სწორი/ფიგურიანი გვერდი,სილვერი,000012321,გალუ4156 - პროფილი. ნობელალუმინა LXD-3025 თხ. ზედა შემკვრელი სილვერი,პროფილი. ნობელალუმინა LXD-3025 თხ. ზედა შემკვრელი,გალუ4156,სილვერი,000012323,გალუ4151 - პროფილი. ნობელალუმინა LXD-3027 თხ. ქვედა შემკვრელი სილვერი,პროფილი. ნობელალუმინა LXD-3027 თხ. ქვედა შემკვრელი,გალუ4151,სილვერი,000012322,,,,,,გმქნ4061 - შემაფერხებელიანი მიმმართველი ალუმინის ფასადის.  ნობელალუმინა HB01,000013473
სიმდი,200,2600,500,1100,200-800,2600-2700,"პნლა275383 - გასაგორებელი კარი სიმდი, ინოქსი, 200-800, გალუ4014",პნლა275383,ინოქსი,გალუ4014,000041870,გალუ4014 - პროფილი. ნობელალუმინა XBX-043P სწორი/ფიგურიანი გვერდი ინოქსი,გალუ4014,პროფილი. ნობელალუმინა XBX-043P სწორი/ფიგურიანი გვერდი,ინოქსი,000016288,გალუ4349 - პროფილი. ნობელალუმინა XBF-013 თხ. ტიხარი/ზედა შემკვრელი ინოქსი,პროფილი. ნობელალუმინა XBF-013 თხ. ტიხარი/ზედა შემკვრელი,გალუ4349,ინოქსი,000016297,გალუ4337 - პროფილი. ნობელალუმინა XSEK-502 თხ. ქვედა შემკვრელი ინოქსი,პროფილი. ნობელალუმინა XSEK-502 თხ. ქვედა შემკვრელი,გალუ4337,ინოქსი,000016295,,,,,,გმქნ4061 - შემაფერხებელიანი მიმმართველი ალუმინის ფასადის.  ნობელალუმინა HB01,000013473
სიმდი,200,2600,500,1100,801-1400,2600-2700,"პნლა275401 - გასაგორებელი კარი სიმდი, ინოქსი, 801-1400, გალუ4014",პნლა275401,ინოქსი,გალუ4014,000041888,გალუ4014 - პროფილი. ნობელალუმინა XBX-043P სწორი/ფიგურიანი გვერდი ინოქსი,გალუ4014,პროფილი. ნობელალუმინა XBX-043P სწორი/ფიგურიანი გვერდი,ინოქსი,000016288,გალუ4349 - პროფილი. ნობელალუმინა XBF-013 თხ. ტიხარი/ზედა შემკვრელი ინოქსი,პროფილი. ნობელალუმინა XBF-013 თხ. ტიხარი/ზედა შემკვრელი,გალუ4349,ინოქსი,000016297,გალუ4337 - პროფილი. ნობელალუმინა XSEK-502 თხ. ქვედა შემკვრელი ინოქსი,პროფილი. ნობელალუმინა XSEK-502 თხ. ქვედა შემკვრელი,გალუ4337,ინოქსი,000016295,,,,,,გმქნ4061 - შემაფერხებელიანი მიმმართველი ალუმინის ფასადის.  ნობელალუმინა HB01,000013473
სიმდი,200,2600,500,1100,1401-2000,2600-2700,"პნლა275419 - გასაგორებელი კარი სიმდი, ინოქსი, 1401-2000, გალუ4014",პნლა275419,ინოქსი,გალუ4014,000041906,გალუ4014 - პროფილი. ნობელალუმინა XBX-043P სწორი/ფიგურიანი გვერდი ინოქსი,გალუ4014,პროფილი. ნობელალუმინა XBX-043P სწორი/ფიგურიანი გვერდი,ინოქსი,000016288,გალუ4349 - პროფილი. ნობელალუმინა XBF-013 თხ. ტიხარი/ზედა შემკვრელი ინოქსი,პროფილი. ნობელალუმინა XBF-013 თხ. ტიხარი/ზედა შემკვრელი,გალუ4349,ინოქსი,000016297,გალუ4337 - პროფილი. ნობელალუმინა XSEK-502 თხ. ქვედა შემკვრელი ინოქსი,პროფილი. ნობელალუმინა XSEK-502 თხ. ქვედა შემკვრელი,გალუ4337,ინოქსი,000016295,,,,,,გმქნ4061 - შემაფერხებელიანი მიმმართველი ალუმინის ფასადის.  ნობელალუმინა HB01,000013473
სიმდი,200,2600,500,1100,2001-2600,2600-2700,"პნლა275437 - გასაგორებელი კარი სიმდი, ინოქსი, 2001-2600, გალუ4014",პნლა275437,ინოქსი,გალუ4014,000041924,გალუ4014 - პროფილი. ნობელალუმინა XBX-043P სწორი/ფიგურიანი გვერდი ინოქსი,გალუ4014,პროფილი. ნობელალუმინა XBX-043P სწორი/ფიგურიანი გვერდი,ინოქსი,000016288,გალუ4349 - პროფილი. ნობელალუმინა XBF-013 თხ. ტიხარი/ზედა შემკვრელი ინოქსი,პროფილი. ნობელალუმინა XBF-013 თხ. ტიხარი/ზედა შემკვრელი,გალუ4349,ინოქსი,000016297,გალუ4337 - პროფილი. ნობელალუმინა XSEK-502 თხ. ქვედა შემკვრელი ინოქსი,პროფილი. ნობელალუმინა XSEK-502 თხ. ქვედა შემკვრელი,გალუ4337,ინოქსი,000016295,,,,,,გმქნ4061 - შემაფერხებელიანი მიმმართველი ალუმინის ფასადის.  ნობელალუმინა HB01,000013473
სიმდი,200,2600,500,1100,200-800,2600-2700,"პნლა275384 - გასაგორებელი კარი სიმდი, ინოქსი, 200-800, გალუ4206",პნლა275384,ინოქსი,გალუ4206,000041871,გალუ4206 - პროფილი. ნობელალუმინა XGJB-618P შტ. ფასადის გვერდი ინოქსი,გალუ4206,პროფილი. ნობელალუმინა XGJB-618P შტ. ფასადის გვერდი,ინოქსი,000016289,გალუ4226 - პროფილი. ნობელალუმინა XGJB-619P შტ. ზედა შემკვრელი ინოქსი,პროფილი. ნობელალუმინა XGJB-619P შტ. ზედა შემკვრელი,გალუ4226,ინოქსი,000016293,გალუ4221 - პროფილი. ნობელალუმინა XGJB-619AP შტ. ქვედა შემკვრელი ინოქსი,პროფილი. ნობელალუმინა XGJB-619AP შტ. ქვედა შემკვრელი,გალუ4221,ინოქსი,000016291,,,,,,გმქნ4061 - შემაფერხებელიანი მიმმართველი ალუმინის ფასადის.  ნობელალუმინა HB01,000013473
სიმდი,200,2600,500,1100,801-1400,2600-2700,"პნლა275402 - გასაგორებელი კარი სიმდი, ინოქსი, 801-1400, გალუ4206",პნლა275402,ინოქსი,გალუ4206,000041889,გალუ4206 - პროფილი. ნობელალუმინა XGJB-618P შტ. ფასადის გვერდი ინოქსი,გალუ4206,პროფილი. ნობელალუმინა XGJB-618P შტ. ფასადის გვერდი,ინოქსი,000016289,გალუ4226 - პროფილი. ნობელალუმინა XGJB-619P შტ. ზედა შემკვრელი ინოქსი,პროფილი. ნობელალუმინა XGJB-619P შტ. ზედა შემკვრელი,გალუ4226,ინოქსი,000016293,გალუ4221 - პროფილი. ნობელალუმინა XGJB-619AP შტ. ქვედა შემკვრელი ინოქსი,პროფილი. ნობელალუმინა XGJB-619AP შტ. ქვედა შემკვრელი,გალუ4221,ინოქსი,000016291,,,,,,გმქნ4061 - შემაფერხებელიანი მიმმართველი ალუმინის ფასადის.  ნობელალუმინა HB01,000013473
სიმდი,200,2600,500,1100,1401-2000,2600-2700,"პნლა275420 - გასაგორებელი კარი სიმდი, ინოქსი, 1401-2000, გალუ4206",პნლა275420,ინოქსი,გალუ4206,000041907,გალუ4206 - პროფილი. ნობელალუმინა XGJB-618P შტ. ფასადის გვერდი ინოქსი,გალუ4206,პროფილი. ნობელალუმინა XGJB-618P შტ. ფასადის გვერდი,ინოქსი,000016289,გალუ4226 - პროფილი. ნობელალუმინა XGJB-619P შტ. ზედა შემკვრელი ინოქსი,პროფილი. ნობელალუმინა XGJB-619P შტ. ზედა შემკვრელი,გალუ4226,ინოქსი,000016293,გალუ4221 - პროფილი. ნობელალუმინა XGJB-619AP შტ. ქვედა შემკვრელი ინოქსი,პროფილი. ნობელალუმინა XGJB-619AP შტ. ქვედა შემკვრელი,გალუ4221,ინოქსი,000016291,,,,,,გმქნ4061 - შემაფერხებელიანი მიმმართველი ალუმინის ფასადის.  ნობელალუმინა HB01,000013473
სიმდი,200,2600,500,1100,2001-2600,2600-2700,"პნლა275438 - გასაგორებელი კარი სიმდი, ინოქსი, 2001-2600, გალუ4206",პნლა275438,ინოქსი,გალუ4206,000041925,გალუ4206 - პროფილი. ნობელალუმინა XGJB-618P შტ. ფასადის გვერდი ინოქსი,გალუ4206,პროფილი. ნობელალუმინა XGJB-618P შტ. ფასადის გვერდი,ინოქსი,000016289,გალუ4226 - პროფილი. ნობელალუმინა XGJB-619P შტ. ზედა შემკვრელი ინოქსი,პროფილი. ნობელალუმინა XGJB-619P შტ. ზედა შემკვრელი,გალუ4226,ინოქსი,000016293,გალუ4221 - პროფილი. ნობელალუმინა XGJB-619AP შტ. ქვედა შემკვრელი ინოქსი,პროფილი. ნობელალუმინა XGJB-619AP შტ. ქვედა შემკვრელი,გალუ4221,ინოქსი,000016291,,,,,,გმქნ4061 - შემაფერხებელიანი მიმმართველი ალუმინის ფასადის.  ნობელალუმინა HB01,000013473
სიმდი,200,2600,500,1100,200-800,2600-2700,"პნლა275385 - გასაგორებელი კარი სიმდი, შავი, 200-800, გალუ4206",პნლა275385,ინოქსი,გალუ4206,000041872,გალუ4206 - პროფილი. ნობელალუმინა XGJB-618P შტ. ფასადის გვერდი შავი,გალუ4206,პროფილი. ნობელალუმინა XGJB-618P შტ. ფასადის გვერდი,შავი,000016290,გალუ4226 - პროფილი. ნობელალუმინა XGJB-619P შტ. ზედა შემკვრელი შავი,პროფილი. ნობელალუმინა XGJB-619P შტ. ზედა შემკვრელი,გალუ4226,შავი,000016294,გალუ4221 - პროფილი. ნობელალუმინა XGJB-619AP შტ. ქვედა შემკვრელი შავი,პროფილი. ნობელალუმინა XGJB-619AP შტ. ქვედა შემკვრელი,გალუ4221,შავი,000016292,,,,,,გმქნ4061 - შემაფერხებელიანი მიმმართველი ალუმინის ფასადის.  ნობელალუმინა HB01,000013473
სიმდი,200,2600,500,1100,801-1400,2600-2700,"პნლა275403 - გასაგორებელი კარი სიმდი, შავი, 801-1400, გალუ4206",პნლა275403,ინოქსი,გალუ4206,000041890,გალუ4206 - პროფილი. ნობელალუმინა XGJB-618P შტ. ფასადის გვერდი შავი,გალუ4206,პროფილი. ნობელალუმინა XGJB-618P შტ. ფასადის გვერდი,შავი,000016290,გალუ4226 - პროფილი. ნობელალუმინა XGJB-619P შტ. ზედა შემკვრელი შავი,პროფილი. ნობელალუმინა XGJB-619P შტ. ზედა შემკვრელი,გალუ4226,შავი,000016294,გალუ4221 - პროფილი. ნობელალუმინა XGJB-619AP შტ. ქვედა შემკვრელი შავი,პროფილი. ნობელალუმინა XGJB-619AP შტ. ქვედა შემკვრელი,გალუ4221,შავი,000016292,,,,,,გმქნ4061 - შემაფერხებელიანი მიმმართველი ალუმინის ფასადის.  ნობელალუმინა HB01,000013473
სიმდი,200,2600,500,1100,1401-2000,2600-2700,"პნლა275421 - გასაგორებელი კარი სიმდი, შავი, 1401-2000, გალუ4206",პნლა275421,ინოქსი,გალუ4206,000041908,გალუ4206 - პროფილი. ნობელალუმინა XGJB-618P შტ. ფასადის გვერდი შავი,გალუ4206,პროფილი. ნობელალუმინა XGJB-618P შტ. ფასადის გვერდი,შავი,000016290,გალუ4226 - პროფილი. ნობელალუმინა XGJB-619P შტ. ზედა შემკვრელი შავი,პროფილი. ნობელალუმინა XGJB-619P შტ. ზედა შემკვრელი,გალუ4226,შავი,000016294,გალუ4221 - პროფილი. ნობელალუმინა XGJB-619AP შტ. ქვედა შემკვრელი შავი,პროფილი. ნობელალუმინა XGJB-619AP შტ. ქვედა შემკვრელი,გალუ4221,შავი,000016292,,,,,,გმქნ4061 - შემაფერხებელიანი მიმმართველი ალუმინის ფასადის.  ნობელალუმინა HB01,000013473
სიმდი,200,2600,500,1100,2001-2600,2600-2700,"პნლა275439 - გასაგორებელი კარი სიმდი, შავი, 2001-2600, გალუ4206",პნლა275439,ინოქსი,გალუ4206,000041926,გალუ4206 - პროფილი. ნობელალუმინა XGJB-618P შტ. ფასადის გვერდი შავი,გალუ4206,პროფილი. ნობელალუმინა XGJB-618P შტ. ფასადის გვერდი,შავი,000016290,გალუ4226 - პროფილი. ნობელალუმინა XGJB-619P შტ. ზედა შემკვრელი შავი,პროფილი. ნობელალუმინა XGJB-619P შტ. ზედა შემკვრელი,გალუ4226,შავი,000016294,გალუ4221 - პროფილი. ნობელალუმინა XGJB-619AP შტ. ქვედა შემკვრელი შავი,პროფილი. ნობელალუმინა XGJB-619AP შტ. ქვედა შემკვრელი,გალუ4221,შავი,000016292,,,,,,გმქნ4061 - შემაფერხებელიანი მიმმართველი ალუმინის ფასადის.  ნობელალუმინა HB01,000013473
სიმდი,200,2600,500,1100,200-800,2600-2700,"პნლა275386 - გასაგორებელი კარი სიმდი, ინოქსი, 200-800, გალუ4323",პნლა275386,ინოქსი,გალუ4323,000041873,გალუ4323 - პროფილი. ნობელალუმინა ZJB-715 შემკვრელი გვერდი ინოქსი,გალუ4323,პროფილი. ნობელალუმინა ZJB-715 შემკვრელი გვერდი,ინოქსი,000015211,გალუ4349 - პროფილი. ნობელალუმინა XBF-013 თხ. ტიხარი/ზედა შემკვრელი ინოქსი,პროფილი. ნობელალუმინა XBF-013 თხ. ტიხარი/ზედა შემკვრელი,გალუ4349,ინოქსი,000016297,გალუ4337 - პროფილი. ნობელალუმინა XSEK-502 თხ. ქვედა შემკვრელი ინოქსი,პროფილი. ნობელალუმინა XSEK-502 თხ. ქვედა შემკვრელი,გალუ4337,ინოქსი,000016295,,,,,,გმქნ4061 - შემაფერხებელიანი მიმმართველი ალუმინის ფასადის.  ნობელალუმინა HB01,000013473
სიმდი,200,2600,500,1100,801-1400,2600-2700,"პნლა275404 - გასაგორებელი კარი სიმდი, ინოქსი, 801-1400, გალუ4323",პნლა275404,ინოქსი,გალუ4323,000041891,გალუ4323 - პროფილი. ნობელალუმინა ZJB-715 შემკვრელი გვერდი ინოქსი,გალუ4323,პროფილი. ნობელალუმინა ZJB-715 შემკვრელი გვერდი,ინოქსი,000015211,გალუ4349 - პროფილი. ნობელალუმინა XBF-013 თხ. ტიხარი/ზედა შემკვრელი ინოქსი,პროფილი. ნობელალუმინა XBF-013 თხ. ტიხარი/ზედა შემკვრელი,გალუ4349,ინოქსი,000016297,გალუ4337 - პროფილი. ნობელალუმინა XSEK-502 თხ. ქვედა შემკვრელი ინოქსი,პროფილი. ნობელალუმინა XSEK-502 თხ. ქვედა შემკვრელი,გალუ4337,ინოქსი,000016295,,,,,,გმქნ4061 - შემაფერხებელიანი მიმმართველი ალუმინის ფასადის.  ნობელალუმინა HB01,000013473
სიმდი,200,2600,500,1100,1401-2000,2600-2700,"პნლა275422 - გასაგორებელი კარი სიმდი, ინოქსი, 1401-2000, გალუ4323",პნლა275422,ინოქსი,გალუ4323,000041909,გალუ4323 - პროფილი. ნობელალუმინა ZJB-715 შემკვრელი გვერდი ინოქსი,გალუ4323,პროფილი. ნობელალუმინა ZJB-715 შემკვრელი გვერდი,ინოქსი,000015211,გალუ4349 - პროფილი. ნობელალუმინა XBF-013 თხ. ტიხარი/ზედა შემკვრელი ინოქსი,პროფილი. ნობელალუმინა XBF-013 თხ. ტიხარი/ზედა შემკვრელი,გალუ4349,ინოქსი,000016297,გალუ4337 - პროფილი. ნობელალუმინა XSEK-502 თხ. ქვედა შემკვრელი ინოქსი,პროფილი. ნობელალუმინა XSEK-502 თხ. ქვედა შემკვრელი,გალუ4337,ინოქსი,000016295,,,,,,გმქნ4061 - შემაფერხებელიანი მიმმართველი ალუმინის ფასადის.  ნობელალუმინა HB01,000013473
სიმდი,200,2600,500,1100,2001-2600,2600-2700,"პნლა275440 - გასაგორებელი კარი სიმდი, ინოქსი, 2001-2600, გალუ4323",პნლა275440,ინოქსი,გალუ4323,000041927,გალუ4323 - პროფილი. ნობელალუმინა ZJB-715 შემკვრელი გვერდი ინოქსი,გალუ4323,პროფილი. ნობელალუმინა ZJB-715 შემკვრელი გვერდი,ინოქსი,000015211,გალუ4349 - პროფილი. ნობელალუმინა XBF-013 თხ. ტიხარი/ზედა შემკვრელი ინოქსი,პროფილი. ნობელალუმინა XBF-013 თხ. ტიხარი/ზედა შემკვრელი,გალუ4349,ინოქსი,000016297,გალუ4337 - პროფილი. ნობელალუმინა XSEK-502 თხ. ქვედა შემკვრელი ინოქსი,პროფილი. ნობელალუმინა XSEK-502 თხ. ქვედა შემკვრელი,გალუ4337,ინოქსი,000016295,,,,,,გმქნ4061 - შემაფერხებელიანი მიმმართველი ალუმინის ფასადის.  ნობელალუმინა HB01,000013473
სიმდი,200,2600,500,1100,200-800,2600-2700,"პნლა275387 - გასაგორებელი კარი სიმდი, შავი, 200-800, გალუ4323",პნლა275387,ინოქსი,გალუ4323,000041874,გალუ4323 - პროფილი. ნობელალუმინა ZJB-715 შემკვრელი გვერდი შავი,გალუ4323,პროფილი. ნობელალუმინა ZJB-715 შემკვრელი გვერდი,შავი,000015212,გალუ4349 - პროფილი. ნობელალუმინა XBF-013 თხ. ტიხარი/ზედა შემკვრელი შავი,პროფილი. ნობელალუმინა XBF-013 თხ. ტიხარი/ზედა შემკვრელი,გალუ4349,შავი,000016298,გალუ4337 - პროფილი. ნობელალუმინა XSEK-502 თხ. ქვედა შემკვრელი შავი,პროფილი. ნობელალუმინა XSEK-502 თხ. ქვედა შემკვრელი,გალუ4337,შავი,000016296,,,,,,გმქნ4061 - შემაფერხებელიანი მიმმართველი ალუმინის ფასადის.  ნობელალუმინა HB01,000013473
სიმდი,200,2600,500,1100,801-1400,2600-2700,"პნლა275405 - გასაგორებელი კარი სიმდი, შავი, 801-1400, გალუ4323",პნლა275405,ინოქსი,გალუ4323,000041892,გალუ4323 - პროფილი. ნობელალუმინა ZJB-715 შემკვრელი გვერდი შავი,გალუ4323,პროფილი. ნობელალუმინა ZJB-715 შემკვრელი გვერდი,შავი,000015212,გალუ4349 - პროფილი. ნობელალუმინა XBF-013 თხ. ტიხარი/ზედა შემკვრელი შავი,პროფილი. ნობელალუმინა XBF-013 თხ. ტიხარი/ზედა შემკვრელი,გალუ4349,შავი,000016298,გალუ4337 - პროფილი. ნობელალუმინა XSEK-502 თხ. ქვედა შემკვრელი შავი,პროფილი. ნობელალუმინა XSEK-502 თხ. ქვედა შემკვრელი,გალუ4337,შავი,000016296,,,,,,გმქნ4061 - შემაფერხებელიანი მიმმართველი ალუმინის ფასადის.  ნობელალუმინა HB01,000013473
სიმდი,200,2600,500,1100,1401-2000,2600-2700,"პნლა275423 - გასაგორებელი კარი სიმდი, შავი, 1401-2000, გალუ4323",პნლა275423,ინოქსი,გალუ4323,000041910,გალუ4323 - პროფილი. ნობელალუმინა ZJB-715 შემკვრელი გვერდი შავი,გალუ4323,პროფილი. ნობელალუმინა ZJB-715 შემკვრელი გვერდი,შავი,000015212,გალუ4349 - პროფილი. ნობელალუმინა XBF-013 თხ. ტიხარი/ზედა შემკვრელი შავი,პროფილი. ნობელალუმინა XBF-013 თხ. ტიხარი/ზედა შემკვრელი,გალუ4349,შავი,000016298,გალუ4337 - პროფილი. ნობელალუმინა XSEK-502 თხ. ქვედა შემკვრელი შავი,პროფილი. ნობელალუმინა XSEK-502 თხ. ქვედა შემკვრელი,გალუ4337,შავი,000016296,,,,,,გმქნ4061 - შემაფერხებელიანი მიმმართველი ალუმინის ფასადის.  ნობელალუმინა HB01,000013473
სიმდი,200,2600,500,1100,2001-2600,2600-2700,"პნლა275441 - გასაგორებელი კარი სიმდი, შავი, 2001-2600, გალუ4323",პნლა275441,ინოქსი,გალუ4323,000041928,გალუ4323 - პროფილი. ნობელალუმინა ZJB-715 შემკვრელი გვერდი შავი,გალუ4323,პროფილი. ნობელალუმინა ZJB-715 შემკვრელი გვერდი,შავი,000015212,გალუ4349 - პროფილი. ნობელალუმინა XBF-013 თხ. ტიხარი/ზედა შემკვრელი შავი,პროფილი. ნობელალუმინა XBF-013 თხ. ტიხარი/ზედა შემკვრელი,გალუ4349,შავი,000016298,გალუ4337 - პროფილი. ნობელალუმინა XSEK-502 თხ. ქვედა შემკვრელი შავი,პროფილი. ნობელალუმინა XSEK-502 თხ. ქვედა შემკვრელი,გალუ4337,შავი,000016296,,,,,,გმქნ4061 - შემაფერხებელიანი მიმმართველი ალუმინის ფასადის.  ნობელალუმინა HB01,000013473
სიმდი,200,2600,500,1100,200-800,2600-2700,"პნლა275388 - გასაგორებელი კარი სიმდი, ინოქსი, 200-800, გალუ4355",პნლა275388,ინოქსი,გალუ4355,000041875,გალუ4355 - პროფილი. ნობელალუმინა LWY-002 ფასადის გვერდი ინოქსი,გალუ4355,პროფილი. ნობელალუმინა LWY-002 ფასადის გვერდი,ინოქსი,000016300,გალუ4349 - პროფილი. ნობელალუმინა XBF-013 თხ. ტიხარი/ზედა შემკვრელი ინოქსი,პროფილი. ნობელალუმინა XBF-013 თხ. ტიხარი/ზედა შემკვრელი,გალუ4349,ინოქსი,000016297,გალუ4337 - პროფილი. ნობელალუმინა XSEK-502 თხ. ქვედა შემკვრელი ინოქსი,პროფილი. ნობელალუმინა XSEK-502 თხ. ქვედა შემკვრელი,გალუ4337,ინოქსი,000016295,,,,,,გმქნ4061 - შემაფერხებელიანი მიმმართველი ალუმინის ფასადის.  ნობელალუმინა HB01,000013473
სიმდი,200,2600,500,1100,801-1400,2600-2700,"პნლა275406 - გასაგორებელი კარი სიმდი, ინოქსი, 801-1400, გალუ4355",პნლა275406,ინოქსი,გალუ4355,000041893,გალუ4355 - პროფილი. ნობელალუმინა LWY-002 ფასადის გვერდი ინოქსი,გალუ4355,პროფილი. ნობელალუმინა LWY-002 ფასადის გვერდი,ინოქსი,000016300,გალუ4349 - პროფილი. ნობელალუმინა XBF-013 თხ. ტიხარი/ზედა შემკვრელი ინოქსი,პროფილი. ნობელალუმინა XBF-013 თხ. ტიხარი/ზედა შემკვრელი,გალუ4349,ინოქსი,000016297,გალუ4337 - პროფილი. ნობელალუმინა XSEK-502 თხ. ქვედა შემკვრელი ინოქსი,პროფილი. ნობელალუმინა XSEK-502 თხ. ქვედა შემკვრელი,გალუ4337,ინოქსი,000016295,,,,,,გმქნ4061 - შემაფერხებელიანი მიმმართველი ალუმინის ფასადის.  ნობელალუმინა HB01,000013473
სიმდი,200,2600,500,1100,1401-2000,2600-2700,"პნლა275424 - გასაგორებელი კარი სიმდი, ინოქსი, 1401-2000, გალუ4355",პნლა275424,ინოქსი,გალუ4355,000041911,გალუ4355 - პროფილი. ნობელალუმინა LWY-002 ფასადის გვერდი ინოქსი,გალუ4355,პროფილი. ნობელალუმინა LWY-002 ფასადის გვერდი,ინოქსი,000016300,გალუ4349 - პროფილი. ნობელალუმინა XBF-013 თხ. ტიხარი/ზედა შემკვრელი ინოქსი,პროფილი. ნობელალუმინა XBF-013 თხ. ტიხარი/ზედა შემკვრელი,გალუ4349,ინოქსი,000016297,გალუ4337 - პროფილი. ნობელალუმინა XSEK-502 თხ. ქვედა შემკვრელი ინოქსი,პროფილი. ნობელალუმინა XSEK-502 თხ. ქვედა შემკვრელი,გალუ4337,ინოქსი,000016295,,,,,,გმქნ4061 - შემაფერხებელიანი მიმმართველი ალუმინის ფასადის.  ნობელალუმინა HB01,000013473
სიმდი,200,2600,500,1100,2001-2600,2600-2700,"პნლა275442 - გასაგორებელი კარი სიმდი, ინოქსი, 2001-2600, გალუ4355",პნლა275442,ინოქსი,გალუ4355,000041929,გალუ4355 - პროფილი. ნობელალუმინა LWY-002 ფასადის გვერდი ინოქსი,გალუ4355,პროფილი. ნობელალუმინა LWY-002 ფასადის გვერდი,ინოქსი,000016300,გალუ4349 - პროფილი. ნობელალუმინა XBF-013 თხ. ტიხარი/ზედა შემკვრელი ინოქსი,პროფილი. ნობელალუმინა XBF-013 თხ. ტიხარი/ზედა შემკვრელი,გალუ4349,ინოქსი,000016297,გალუ4337 - პროფილი. ნობელალუმინა XSEK-502 თხ. ქვედა შემკვრელი ინოქსი,პროფილი. ნობელალუმინა XSEK-502 თხ. ქვედა შემკვრელი,გალუ4337,ინოქსი,000016295,,,,,,გმქნ4061 - შემაფერხებელიანი მიმმართველი ალუმინის ფასადის.  ნობელალუმინა HB01,000013473
სიმდი,200,2600,500,1100,200-800,2600-2700,"პნლა275389 - გასაგორებელი კარი სიმდი, შავი, 200-800, გალუ4355",პნლა275389,ინოქსი,გალუ4355,000041876,გალუ4355 - პროფილი. ნობელალუმინა LWY-002 ფასადის გვერდი შავი,გალუ4355,პროფილი. ნობელალუმინა LWY-002 ფასადის გვერდი,შავი,000016299,გალუ4349 - პროფილი. ნობელალუმინა XBF-013 თხ. ტიხარი/ზედა შემკვრელი შავი,პროფილი. ნობელალუმინა XBF-013 თხ. ტიხარი/ზედა შემკვრელი,გალუ4349,შავი,000016298,გალუ4337 - პროფილი. ნობელალუმინა XSEK-502 თხ. ქვედა შემკვრელი შავი,პროფილი. ნობელალუმინა XSEK-502 თხ. ქვედა შემკვრელი,გალუ4337,შავი,000016296,,,,,,გმქნ4061 - შემაფერხებელიანი მიმმართველი ალუმინის ფასადის.  ნობელალუმინა HB01,000013473
სიმდი,200,2600,500,1100,801-1400,2600-2700,"პნლა275407 - გასაგორებელი კარი სიმდი, შავი, 801-1400, გალუ4355",პნლა275407,ინოქსი,გალუ4355,000041894,გალუ4355 - პროფილი. ნობელალუმინა LWY-002 ფასადის გვერდი შავი,გალუ4355,პროფილი. ნობელალუმინა LWY-002 ფასადის გვერდი,შავი,000016299,გალუ4349 - პროფილი. ნობელალუმინა XBF-013 თხ. ტიხარი/ზედა შემკვრელი შავი,პროფილი. ნობელალუმინა XBF-013 თხ. ტიხარი/ზედა შემკვრელი,გალუ4349,შავი,000016298,გალუ4337 - პროფილი. ნობელალუმინა XSEK-502 თხ. ქვედა შემკვრელი შავი,პროფილი. ნობელალუმინა XSEK-502 თხ. ქვედა შემკვრელი,გალუ4337,შავი,000016296,,,,,,გმქნ4061 - შემაფერხებელიანი მიმმართველი ალუმინის ფასადის.  ნობელალუმინა HB01,000013473
სიმდი,200,2600,500,1100,1401-2000,2600-2700,"პნლა275425 - გასაგორებელი კარი სიმდი, შავი, 1401-2000, გალუ4355",პნლა275425,ინოქსი,გალუ4355,000041912,გალუ4355 - პროფილი. ნობელალუმინა LWY-002 ფასადის გვერდი შავი,გალუ4355,პროფილი. ნობელალუმინა LWY-002 ფასადის გვერდი,შავი,000016299,გალუ4349 - პროფილი. ნობელალუმინა XBF-013 თხ. ტიხარი/ზედა შემკვრელი შავი,პროფილი. ნობელალუმინა XBF-013 თხ. ტიხარი/ზედა შემკვრელი,გალუ4349,შავი,000016298,გალუ4337 - პროფილი. ნობელალუმინა XSEK-502 თხ. ქვედა შემკვრელი შავი,პროფილი. ნობელალუმინა XSEK-502 თხ. ქვედა შემკვრელი,გალუ4337,შავი,000016296,,,,,,გმქნ4061 - შემაფერხებელიანი მიმმართველი ალუმინის ფასადის.  ნობელალუმინა HB01,000013473
სიმდი,200,2600,500,1100,2001-2600,2600-2700,"პნლა275443 - გასაგორებელი კარი სიმდი, შავი, 2001-2600, გალუ4355",პნლა275443,ინოქსი,გალუ4355,000041930,გალუ4355 - პროფილი. ნობელალუმინა LWY-002 ფასადის გვერდი შავი,გალუ4355,პროფილი. ნობელალუმინა LWY-002 ფასადის გვერდი,შავი,000016299,გალუ4349 - პროფილი. ნობელალუმინა XBF-013 თხ. ტიხარი/ზედა შემკვრელი შავი,პროფილი. ნობელალუმინა XBF-013 თხ. ტიხარი/ზედა შემკვრელი,გალუ4349,შავი,000016298,გალუ4337 - პროფილი. ნობელალუმინა XSEK-502 თხ. ქვედა შემკვრელი შავი,პროფილი. ნობელალუმინა XSEK-502 თხ. ქვედა შემკვრელი,გალუ4337,შავი,000016296,,,,,,გმქნ4061 - შემაფერხებელიანი მიმმართველი ალუმინის ფასადის.  ნობელალუმინა HB01,000013473
სიმდი,200,2600,500,1100,200-800,2600-2700,"პნლა275390 - გასაგორებელი კარი სიმდი, ინოქსი, 200-800, გალუ4111",პნლა275390,ინოქსი,გალუ4111,000041877,გალუ4111 - პროფილი. ნობელალუმინა XGJB-629 ვწ. ფასადის გვერდი ინოქსი,გალუ4111,პროფილი. ნობელალუმინა XGJB-629 ვწ. ფასადის გვერდი,ინოქსი,000015194,გალუ4126 - პროფილი. ნობელალუმინა XGJB-340 ვწ. ზედა შემკვრელი ინოქსი,პროფილი. ნობელალუმინა XGJB-340 ვწ. ზედა შემკვრელი,გალუ4126,ინოქსი,000015198,გალუ4121 - პროფილი. ნობელალუმინა XGJB-339 ვწ. ქვედა შემკვრელი ინოქსი,პროფილი. ნობელალუმინა XGJB-339 ვწ. ქვედა შემკვრელი,გალუ4121,ინოქსი,000015196,,,,,,გმქნ4061 - შემაფერხებელიანი მიმმართველი ალუმინის ფასადის.  ნობელალუმინა HB01,000013473
სიმდი,200,2600,500,1100,801-1400,2600-2700,"პნლა275408 - გასაგორებელი კარი სიმდი, ინოქსი, 801-1400, გალუ4111",პნლა275408,ინოქსი,გალუ4111,000041895,გალუ4111 - პროფილი. ნობელალუმინა XGJB-629 ვწ. ფასადის გვერდი ინოქსი,გალუ4111,პროფილი. ნობელალუმინა XGJB-629 ვწ. ფასადის გვერდი,ინოქსი,000015194,გალუ4126 - პროფილი. ნობელალუმინა XGJB-340 ვწ. ზედა შემკვრელი ინოქსი,პროფილი. ნობელალუმინა XGJB-340 ვწ. ზედა შემკვრელი,გალუ4126,ინოქსი,000015198,გალუ4121 - პროფილი. ნობელალუმინა XGJB-339 ვწ. ქვედა შემკვრელი ინოქსი,პროფილი. ნობელალუმინა XGJB-339 ვწ. ქვედა შემკვრელი,გალუ4121,ინოქსი,000015196,,,,,,გმქნ4061 - შემაფერხებელიანი მიმმართველი ალუმინის ფასადის.  ნობელალუმინა HB01,000013473
სიმდი,200,2600,500,1100,1401-2000,2600-2700,"პნლა275426 - გასაგორებელი კარი სიმდი, ინოქსი, 1401-2000, გალუ4111",პნლა275426,ინოქსი,გალუ4111,000041913,გალუ4111 - პროფილი. ნობელალუმინა XGJB-629 ვწ. ფასადის გვერდი ინოქსი,გალუ4111,პროფილი. ნობელალუმინა XGJB-629 ვწ. ფასადის გვერდი,ინოქსი,000015194,გალუ4126 - პროფილი. ნობელალუმინა XGJB-340 ვწ. ზედა შემკვრელი ინოქსი,პროფილი. ნობელალუმინა XGJB-340 ვწ. ზედა შემკვრელი,გალუ4126,ინოქსი,000015198,გალუ4121 - პროფილი. ნობელალუმინა XGJB-339 ვწ. ქვედა შემკვრელი ინოქსი,პროფილი. ნობელალუმინა XGJB-339 ვწ. ქვედა შემკვრელი,გალუ4121,ინოქსი,000015196,,,,,,გმქნ4061 - შემაფერხებელიანი მიმმართველი ალუმინის ფასადის.  ნობელალუმინა HB01,000013473
სიმდი,200,2600,500,1100,2001-2600,2600-2700,"პნლა275444 - გასაგორებელი კარი სიმდი, ინოქსი, 2001-2600, გალუ4111",პნლა275444,ინოქსი,გალუ4111,000041931,გალუ4111 - პროფილი. ნობელალუმინა XGJB-629 ვწ. ფასადის გვერდი ინოქსი,გალუ4111,პროფილი. ნობელალუმინა XGJB-629 ვწ. ფასადის გვერდი,ინოქსი,000015194,გალუ4126 - პროფილი. ნობელალუმინა XGJB-340 ვწ. ზედა შემკვრელი ინოქსი,პროფილი. ნობელალუმინა XGJB-340 ვწ. ზედა შემკვრელი,გალუ4126,ინოქსი,000015198,გალუ4121 - პროფილი. ნობელალუმინა XGJB-339 ვწ. ქვედა შემკვრელი ინოქსი,პროფილი. ნობელალუმინა XGJB-339 ვწ. ქვედა შემკვრელი,გალუ4121,ინოქსი,000015196,,,,,,გმქნ4061 - შემაფერხებელიანი მიმმართველი ალუმინის ფასადის.  ნობელალუმინა HB01,000013473
სიმდი,200,2600,500,1100,200-800,2600-2700,"პნლა275391 - გასაგორებელი კარი სიმდი, შავი, 200-800, გალუ4111",პნლა275391,ინოქსი,გალუ4111,000041878,გალუ4111 - პროფილი. ნობელალუმინა XGJB-629 ვწ. ფასადის გვერდი შავი,გალუ4111,პროფილი. ნობელალუმინა XGJB-629 ვწ. ფასადის გვერდი,შავი,000015195,გალუ4126 - პროფილი. ნობელალუმინა XGJB-340 ვწ. ზედა შემკვრელი შავი,პროფილი. ნობელალუმინა XGJB-340 ვწ. ზედა შემკვრელი,გალუ4126,შავი,000015199,გალუ4121 - პროფილი. ნობელალუმინა XGJB-339 ვწ. ქვედა შემკვრელი შავი,პროფილი. ნობელალუმინა XGJB-339 ვწ. ქვედა შემკვრელი,გალუ4121,შავი,000015197,,,,,,გმქნ4061 - შემაფერხებელიანი მიმმართველი ალუმინის ფასადის.  ნობელალუმინა HB01,000013473
სიმდი,200,2600,500,1100,801-1400,2600-2700,"პნლა275409 - გასაგორებელი კარი სიმდი, შავი, 801-1400, გალუ4111",პნლა275409,ინოქსი,გალუ4111,000041896,გალუ4111 - პროფილი. ნობელალუმინა XGJB-629 ვწ. ფასადის გვერდი შავი,გალუ4111,პროფილი. ნობელალუმინა XGJB-629 ვწ. ფასადის გვერდი,შავი,000015195,გალუ4126 - პროფილი. ნობელალუმინა XGJB-340 ვწ. ზედა შემკვრელი შავი,პროფილი. ნობელალუმინა XGJB-340 ვწ. ზედა შემკვრელი,გალუ4126,შავი,000015199,გალუ4121 - პროფილი. ნობელალუმინა XGJB-339 ვწ. ქვედა შემკვრელი შავი,პროფილი. ნობელალუმინა XGJB-339 ვწ. ქვედა შემკვრელი,გალუ4121,შავი,000015197,,,,,,გმქნ4061 - შემაფერხებელიანი მიმმართველი ალუმინის ფასადის.  ნობელალუმინა HB01,000013473
სიმდი,200,2600,500,1100,1401-2000,2600-2700,"პნლა275427 - გასაგორებელი კარი სიმდი, შავი, 1401-2000, გალუ4111",პნლა275427,ინოქსი,გალუ4111,000041914,გალუ4111 - პროფილი. ნობელალუმინა XGJB-629 ვწ. ფასადის გვერდი შავი,გალუ4111,პროფილი. ნობელალუმინა XGJB-629 ვწ. ფასადის გვერდი,შავი,000015195,გალუ4126 - პროფილი. ნობელალუმინა XGJB-340 ვწ. ზედა შემკვრელი შავი,პროფილი. ნობელალუმინა XGJB-340 ვწ. ზედა შემკვრელი,გალუ4126,შავი,000015199,გალუ4121 - პროფილი. ნობელალუმინა XGJB-339 ვწ. ქვედა შემკვრელი შავი,პროფილი. ნობელალუმინა XGJB-339 ვწ. ქვედა შემკვრელი,გალუ4121,შავი,000015197,,,,,,გმქნ4061 - შემაფერხებელიანი მიმმართველი ალუმინის ფასადის.  ნობელალუმინა HB01,000013473
სიმდი,200,2600,500,1100,2001-2600,2600-2700,"პნლა275445 - გასაგორებელი კარი სიმდი, შავი, 2001-2600, გალუ4111",პნლა275445,ინოქსი,გალუ4111,000041932,გალუ4111 - პროფილი. ნობელალუმინა XGJB-629 ვწ. ფასადის გვერდი შავი,გალუ4111,პროფილი. ნობელალუმინა XGJB-629 ვწ. ფასადის გვერდი,შავი,000015195,გალუ4126 - პროფილი. ნობელალუმინა XGJB-340 ვწ. ზედა შემკვრელი შავი,პროფილი. ნობელალუმინა XGJB-340 ვწ. ზედა შემკვრელი,გალუ4126,შავი,000015199,გალუ4121 - პროფილი. ნობელალუმინა XGJB-339 ვწ. ქვედა შემკვრელი შავი,პროფილი. ნობელალუმინა XGJB-339 ვწ. ქვედა შემკვრელი,გალუ4121,შავი,000015197,,,,,,გმქნ4061 - შემაფერხებელიანი მიმმართველი ალუმინის ფასადის.  ნობელალუმინა HB01,000013473
სიმდი,200,2600,500,1100,200-800,2600-2700,"პნლა275392 - გასაგორებელი კარი სიმდი, ინოქსი, 200-800, გალუ4171",პნლა275392,ინოქსი,გალუ4171,000041879,გალუ4171 - პროფილი. ნობელალუმინა XGJB-1372 კუბიკი გვერდი ინოქსი,გალუ4171,პროფილი. ნობელალუმინა XGJB-1372 კუბიკი გვერდი,ინოქსი,000015180,გალუ4176 - პროფილი. ნობელალუმინა XGJB-1371 კუბიკი ზედა შემკვრელი ინოქსი,პროფილი. ნობელალუმინა XGJB-1371 კუბიკი ზედა შემკვრელი,გალუ4176,ინოქსი,000015205,გალუ4174 - პროფილი. ნობელალუმინა XGJB-1369 კუბიკი ქვედა შემკვრელი ინოქსი,პროფილი. ნობელალუმინა XGJB-1369 კუბიკი ქვედა შემკვრელი,გალუ4174,ინოქსი,000015203,,,,,,გმქნ4061 - შემაფერხებელიანი მიმმართველი ალუმინის ფასადის.  ნობელალუმინა HB01,000013473
სიმდი,200,2600,500,1100,801-1400,2600-2700,"პნლა275410 - გასაგორებელი კარი სიმდი, ინოქსი, 801-1400, გალუ4171",პნლა275410,ინოქსი,გალუ4171,000041897,გალუ4171 - პროფილი. ნობელალუმინა XGJB-1372 კუბიკი გვერდი ინოქსი,გალუ4171,პროფილი. ნობელალუმინა XGJB-1372 კუბიკი გვერდი,ინოქსი,000015180,გალუ4176 - პროფილი. ნობელალუმინა XGJB-1371 კუბიკი ზედა შემკვრელი ინოქსი,პროფილი. ნობელალუმინა XGJB-1371 კუბიკი ზედა შემკვრელი,გალუ4176,ინოქსი,000015205,გალუ4174 - პროფილი. ნობელალუმინა XGJB-1369 კუბიკი ქვედა შემკვრელი ინოქსი,პროფილი. ნობელალუმინა XGJB-1369 კუბიკი ქვედა შემკვრელი,გალუ4174,ინოქსი,000015203,,,,,,გმქნ4061 - შემაფერხებელიანი მიმმართველი ალუმინის ფასადის.  ნობელალუმინა HB01,000013473
სიმდი,200,2600,500,1100,1401-2000,2600-2700,"პნლა275428 - გასაგორებელი კარი სიმდი, ინოქსი, 1401-2000, გალუ4171",პნლა275428,ინოქსი,გალუ4171,000041915,გალუ4171 - პროფილი. ნობელალუმინა XGJB-1372 კუბიკი გვერდი ინოქსი,გალუ4171,პროფილი. ნობელალუმინა XGJB-1372 კუბიკი გვერდი,ინოქსი,000015180,გალუ4176 - პროფილი. ნობელალუმინა XGJB-1371 კუბიკი ზედა შემკვრელი ინოქსი,პროფილი. ნობელალუმინა XGJB-1371 კუბიკი ზედა შემკვრელი,გალუ4176,ინოქსი,000015205,გალუ4174 - პროფილი. ნობელალუმინა XGJB-1369 კუბიკი ქვედა შემკვრელი ინოქსი,პროფილი. ნობელალუმინა XGJB-1369 კუბიკი ქვედა შემკვრელი,გალუ4174,ინოქსი,000015203,,,,,,გმქნ4061 - შემაფერხებელიანი მიმმართველი ალუმინის ფასადის.  ნობელალუმინა HB01,000013473
სიმდი,200,2600,500,1100,2001-2600,2600-2700,"პნლა275446 - გასაგორებელი კარი სიმდი, ინოქსი, 2001-2600, გალუ4171",პნლა275446,ინოქსი,გალუ4171,000041933,გალუ4171 - პროფილი. ნობელალუმინა XGJB-1372 კუბიკი გვერდი ინოქსი,გალუ4171,პროფილი. ნობელალუმინა XGJB-1372 კუბიკი გვერდი,ინოქსი,000015180,გალუ4176 - პროფილი. ნობელალუმინა XGJB-1371 კუბიკი ზედა შემკვრელი ინოქსი,პროფილი. ნობელალუმინა XGJB-1371 კუბიკი ზედა შემკვრელი,გალუ4176,ინოქსი,000015205,გალუ4174 - პროფილი. ნობელალუმინა XGJB-1369 კუბიკი ქვედა შემკვრელი ინოქსი,პროფილი. ნობელალუმინა XGJB-1369 კუბიკი ქვედა შემკვრელი,გალუ4174,ინოქსი,000015203,,,,,,გმქნ4061 - შემაფერხებელიანი მიმმართველი ალუმინის ფასადის.  ნობელალუმინა HB01,000013473
სიმდი,200,2600,500,1100,200-800,2600-2700,"პნლა275393 - გასაგორებელი კარი სიმდი, შავი, 200-800, გალუ4171",პნლა275393,ინოქსი,გალუ4171,000041880,გალუ4171 - პროფილი. ნობელალუმინა XGJB-1372 კუბიკი გვერდი შავი,გალუ4171,პროფილი. ნობელალუმინა XGJB-1372 კუბიკი გვერდი,შავი,000015202,გალუ4176 - პროფილი. ნობელალუმინა XGJB-1371 კუბიკი ზედა შემკვრელი შავი,პროფილი. ნობელალუმინა XGJB-1371 კუბიკი ზედა შემკვრელი,გალუ4176,შავი,000015206,გალუ4174 - პროფილი. ნობელალუმინა XGJB-1369 კუბიკი ქვედა შემკვრელი შავი,პროფილი. ნობელალუმინა XGJB-1369 კუბიკი ქვედა შემკვრელი,გალუ4174,შავი,000015204,,,,,,გმქნ4061 - შემაფერხებელიანი მიმმართველი ალუმინის ფასადის.  ნობელალუმინა HB01,000013473
სიმდი,200,2600,500,1100,801-1400,2600-2700,"პნლა275411 - გასაგორებელი კარი სიმდი, შავი, 801-1400, გალუ4171",პნლა275411,ინოქსი,გალუ4171,000041898,გალუ4171 - პროფილი. ნობელალუმინა XGJB-1372 კუბიკი გვერდი შავი,გალუ4171,პროფილი. ნობელალუმინა XGJB-1372 კუბიკი გვერდი,შავი,000015202,გალუ4176 - პროფილი. ნობელალუმინა XGJB-1371 კუბიკი ზედა შემკვრელი შავი,პროფილი. ნობელალუმინა XGJB-1371 კუბიკი ზედა შემკვრელი,გალუ4176,შავი,000015206,გალუ4174 - პროფილი. ნობელალუმინა XGJB-1369 კუბიკი ქვედა შემკვრელი შავი,პროფილი. ნობელალუმინა XGJB-1369 კუბიკი ქვედა შემკვრელი,გალუ4174,შავი,000015204,,,,,,გმქნ4061 - შემაფერხებელიანი მიმმართველი ალუმინის ფასადის.  ნობელალუმინა HB01,000013473
სიმდი,200,2600,500,1100,1401-2000,2600-2700,"პნლა275429 - გასაგორებელი კარი სიმდი, შავი, 1401-2000, გალუ4171",პნლა275429,ინოქსი,გალუ4171,000041916,გალუ4171 - პროფილი. ნობელალუმინა XGJB-1372 კუბიკი გვერდი შავი,გალუ4171,პროფილი. ნობელალუმინა XGJB-1372 კუბიკი გვერდი,შავი,000015202,გალუ4176 - პროფილი. ნობელალუმინა XGJB-1371 კუბიკი ზედა შემკვრელი შავი,პროფილი. ნობელალუმინა XGJB-1371 კუბიკი ზედა შემკვრელი,გალუ4176,შავი,000015206,გალუ4174 - პროფილი. ნობელალუმინა XGJB-1369 კუბიკი ქვედა შემკვრელი შავი,პროფილი. ნობელალუმინა XGJB-1369 კუბიკი ქვედა შემკვრელი,გალუ4174,შავი,000015204,,,,,,გმქნ4061 - შემაფერხებელიანი მიმმართველი ალუმინის ფასადის.  ნობელალუმინა HB01,000013473
სიმდი,200,2600,500,1100,2001-2600,2600-2700,"პნლა275447 - გასაგორებელი კარი სიმდი, შავი, 2001-2600, გალუ4171",პნლა275447,ინოქსი,გალუ4171,000041934,გალუ4171 - პროფილი. ნობელალუმინა XGJB-1372 კუბიკი გვერდი შავი,გალუ4171,პროფილი. ნობელალუმინა XGJB-1372 კუბიკი გვერდი,შავი,000015202,გალუ4176 - პროფილი. ნობელალუმინა XGJB-1371 კუბიკი ზედა შემკვრელი შავი,პროფილი. ნობელალუმინა XGJB-1371 კუბიკი ზედა შემკვრელი,გალუ4176,შავი,000015206,გალუ4174 - პროფილი. ნობელალუმინა XGJB-1369 კუბიკი ქვედა შემკვრელი შავი,პროფილი. ნობელალუმინა XGJB-1369 კუბიკი ქვედა შემკვრელი,გალუ4174,შავი,000015204,,,,,,გმქნ4061 - შემაფერხებელიანი მიმმართველი ალუმინის ფასადის.  ნობელალუმინა HB01,000013473
სიმდი,200,2600,500,1100,200-800,2600-2700,"პნლა275394 - გასაგორებელი კარი სიმდი, ინოქს, 200-800, ალდ4722",პნლა275394,ინოქსი,ალდ4722,000041881,"ალდ4722 - პროფილი ალ. შემკვრელი გვერდი, დემსას 4722დპ2 პ/ინოქს",ალდ4722,"პროფილი ალ. შემკვრელი გვერდი, დემსას 4722დპ2",პ/ინოქს,000004465,"ალდ4722 - პროფილი ალ. შემკვრელი გვერდი, დემსას 4722დპ2 პ/ინოქს","პროფილი ალ. შემკვრელი გვერდი, დემსას 4722დპ2",ალდ4722,ინოქსი,000004465,"ალდ4045 - პროფილი ალ. შემკვრელი ქვედა, დემსას 4045დპ2 პ/ინოქს","პროფილი ალ. შემკვრელი ქვედა, დემსას 4045დპ2",ალდ4045,ინოქსი,000004461,,,,,,გმქნ4061 - შემაფერხებელიანი მიმმართველი ალუმინის ფასადის.  ნობელალუმინა HB01,000013473
სიმდი,200,2600,500,1100,801-1400,2600-2700,"პნლა275412 - გასაგორებელი კარი სიმდი, ინოქს, 801-1400, ალდ4722",პნლა275412,ინოქსი,ალდ4722,000041899,"ალდ4722 - პროფილი ალ. შემკვრელი გვერდი, დემსას 4722დპ2 პ/ინოქს",ალდ4722,"პროფილი ალ. შემკვრელი გვერდი, დემსას 4722დპ2",პ/ინოქს,000004465,"ალდ4722 - პროფილი ალ. შემკვრელი გვერდი, დემსას 4722დპ2 პ/ინოქს","პროფილი ალ. შემკვრელი გვერდი, დემსას 4722დპ2",ალდ4722,ინოქსი,000004465,"ალდ4045 - პროფილი ალ. შემკვრელი ქვედა, დემსას 4045დპ2 პ/ინოქს","პროფილი ალ. შემკვრელი ქვედა, დემსას 4045დპ2",ალდ4045,ინოქსი,000004461,,,,,,გმქნ4061 - შემაფერხებელიანი მიმმართველი ალუმინის ფასადის.  ნობელალუმინა HB01,000013473
სიმდი,200,2600,500,1100,1401-2000,2600-2700,"პნლა275430 - გასაგორებელი კარი სიმდი, ინოქს, 1401-2000, ალდ4722",პნლა275430,ინოქსი,ალდ4722,000041917,"ალდ4722 - პროფილი ალ. შემკვრელი გვერდი, დემსას 4722დპ2 პ/ინოქს",ალდ4722,"პროფილი ალ. შემკვრელი გვერდი, დემსას 4722დპ2",პ/ინოქს,000004465,"ალდ4722 - პროფილი ალ. შემკვრელი გვერდი, დემსას 4722დპ2 პ/ინოქს","პროფილი ალ. შემკვრელი გვერდი, დემსას 4722დპ2",ალდ4722,ინოქსი,000004465,"ალდ4045 - პროფილი ალ. შემკვრელი ქვედა, დემსას 4045დპ2 პ/ინოქს","პროფილი ალ. შემკვრელი ქვედა, დემსას 4045დპ2",ალდ4045,ინოქსი,000004461,,,,,,გმქნ4061 - შემაფერხებელიანი მიმმართველი ალუმინის ფასადის.  ნობელალუმინა HB01,000013473
სიმდი,200,2600,500,1100,2001-2600,2600-2700,"პნლა275448 - გასაგორებელი კარი სიმდი, ინოქს, 2001-2600, ალდ4722",პნლა275448,ინოქსი,ალდ4722,000041935,"ალდ4722 - პროფილი ალ. შემკვრელი გვერდი, დემსას 4722დპ2 პ/ინოქს",ალდ4722,"პროფილი ალ. შემკვრელი გვერდი, დემსას 4722დპ2",პ/ინოქს,000004465,"ალდ4722 - პროფილი ალ. შემკვრელი გვერდი, დემსას 4722დპ2 პ/ინოქს","პროფილი ალ. შემკვრელი გვერდი, დემსას 4722დპ2",ალდ4722,ინოქსი,000004465,"ალდ4045 - პროფილი ალ. შემკვრელი ქვედა, დემსას 4045დპ2 პ/ინოქს","პროფილი ალ. შემკვრელი ქვედა, დემსას 4045დპ2",ალდ4045,ინოქსი,000004461,,,,,,გმქნ4061 - შემაფერხებელიანი მიმმართველი ალუმინის ფასადის.  ნობელალუმინა HB01,000013473
სიმდი,200,2600,500,1100,200-800,2600-2700,"პნლა275395 - გასაგორებელი კარი სიმდი, ინოქსი, 200-800, გალუ4312",პნლა275395,ინოქსი,გალუ4312,000041882,გალუ4312 - პროფილი. ნობელალუმინა FSQ-047 შემკვრელი გვერდი ინოქსი,გალუ4312,პროფილი. ნობელალუმინა FSQ-047 შემკვრელი გვერდი,ინოქსი,000015209,გალუ4349 - პროფილი. ნობელალუმინა XBF-013 თხ. ტიხარი/ზედა შემკვრელი ინოქსი,პროფილი. ნობელალუმინა XBF-013 თხ. ტიხარი/ზედა შემკვრელი,გალუ4349,ინოქსი,000016297,გალუ4337 - პროფილი. ნობელალუმინა XSEK-502 თხ. ქვედა შემკვრელი ინოქსი,პროფილი. ნობელალუმინა XSEK-502 თხ. ქვედა შემკვრელი,გალუ4337,ინოქსი,000016295,,,,,,გმქნ4061 - შემაფერხებელიანი მიმმართველი ალუმინის ფასადის.  ნობელალუმინა HB01,000013473
სიმდი,200,2600,500,1100,801-1400,2600-2700,"პნლა275413 - გასაგორებელი კარი სიმდი, ინოქსი, 801-1400, გალუ4312",პნლა275413,ინოქსი,გალუ4312,000041900,გალუ4312 - პროფილი. ნობელალუმინა FSQ-047 შემკვრელი გვერდი ინოქსი,გალუ4312,პროფილი. ნობელალუმინა FSQ-047 შემკვრელი გვერდი,ინოქსი,000015209,გალუ4349 - პროფილი. ნობელალუმინა XBF-013 თხ. ტიხარი/ზედა შემკვრელი ინოქსი,პროფილი. ნობელალუმინა XBF-013 თხ. ტიხარი/ზედა შემკვრელი,გალუ4349,ინოქსი,000016297,გალუ4337 - პროფილი. ნობელალუმინა XSEK-502 თხ. ქვედა შემკვრელი ინოქსი,პროფილი. ნობელალუმინა XSEK-502 თხ. ქვედა შემკვრელი,გალუ4337,ინოქსი,000016295,,,,,,გმქნ4061 - შემაფერხებელიანი მიმმართველი ალუმინის ფასადის.  ნობელალუმინა HB01,000013473
სიმდი,200,2600,500,1100,1401-2000,2600-2700,"პნლა275431 - გასაგორებელი კარი სიმდი, ინოქსი, 1401-2000, გალუ4312",პნლა275431,ინოქსი,გალუ4312,000041918,გალუ4312 - პროფილი. ნობელალუმინა FSQ-047 შემკვრელი გვერდი ინოქსი,გალუ4312,პროფილი. ნობელალუმინა FSQ-047 შემკვრელი გვერდი,ინოქსი,000015209,გალუ4349 - პროფილი. ნობელალუმინა XBF-013 თხ. ტიხარი/ზედა შემკვრელი ინოქსი,პროფილი. ნობელალუმინა XBF-013 თხ. ტიხარი/ზედა შემკვრელი,გალუ4349,ინოქსი,000016297,გალუ4337 - პროფილი. ნობელალუმინა XSEK-502 თხ. ქვედა შემკვრელი ინოქსი,პროფილი. ნობელალუმინა XSEK-502 თხ. ქვედა შემკვრელი,გალუ4337,ინოქსი,000016295,,,,,,გმქნ4061 - შემაფერხებელიანი მიმმართველი ალუმინის ფასადის.  ნობელალუმინა HB01,000013473
სიმდი,200,2600,500,1100,2001-2600,2600-2700,"პნლა275449 - გასაგორებელი კარი სიმდი, ინოქსი, 2001-2600, გალუ4312",პნლა275449,ინოქსი,გალუ4312,000041936,გალუ4312 - პროფილი. ნობელალუმინა FSQ-047 შემკვრელი გვერდი ინოქსი,გალუ4312,პროფილი. ნობელალუმინა FSQ-047 შემკვრელი გვერდი,ინოქსი,000015209,გალუ4349 - პროფილი. ნობელალუმინა XBF-013 თხ. ტიხარი/ზედა შემკვრელი ინოქსი,პროფილი. ნობელალუმინა XBF-013 თხ. ტიხარი/ზედა შემკვრელი,გალუ4349,ინოქსი,000016297,გალუ4337 - პროფილი. ნობელალუმინა XSEK-502 თხ. ქვედა შემკვრელი ინოქსი,პროფილი. ნობელალუმინა XSEK-502 თხ. ქვედა შემკვრელი,გალუ4337,ინოქსი,000016295,,,,,,გმქნ4061 - შემაფერხებელიანი მიმმართველი ალუმინის ფასადის.  ნობელალუმინა HB01,000013473
სიმდი,200,2600,500,1100,200-800,2600-2700,"პნლა275396 - გასაგორებელი კარი სიმდი, შავი, 200-800, გალუ4312",პნლა275396,შავი,გალუ4312,000041883,გალუ4312 - პროფილი. ნობელალუმინა FSQ-047 შემკვრელი გვერდი შავი,გალუ4312,პროფილი. ნობელალუმინა FSQ-047 შემკვრელი გვერდი,შავი,000015210,გალუ4349 - პროფილი. ნობელალუმინა XBF-013 თხ. ტიხარი/ზედა შემკვრელი შავი,პროფილი. ნობელალუმინა XBF-013 თხ. ტიხარი/ზედა შემკვრელი,გალუ4349,შავი,000016298,გალუ4337 - პროფილი. ნობელალუმინა XSEK-502 თხ. ქვედა შემკვრელი შავი,პროფილი. ნობელალუმინა XSEK-502 თხ. ქვედა შემკვრელი,გალუ4337,შავი,000016296,,,,,,გმქნ4061 - შემაფერხებელიანი მიმმართველი ალუმინის ფასადის.  ნობელალუმინა HB01,000013473
სიმდი,200,2600,500,1100,801-1400,2600-2700,"პნლა275414 - გასაგორებელი კარი სიმდი, შავი, 801-1400, გალუ4312",პნლა275414,შავი,გალუ4312,000041901,გალუ4312 - პროფილი. ნობელალუმინა FSQ-047 შემკვრელი გვერდი შავი,გალუ4312,პროფილი. ნობელალუმინა FSQ-047 შემკვრელი გვერდი,შავი,000015210,გალუ4349 - პროფილი. ნობელალუმინა XBF-013 თხ. ტიხარი/ზედა შემკვრელი შავი,პროფილი. ნობელალუმინა XBF-013 თხ. ტიხარი/ზედა შემკვრელი,გალუ4349,შავი,000016298,გალუ4337 - პროფილი. ნობელალუმინა XSEK-502 თხ. ქვედა შემკვრელი შავი,პროფილი. ნობელალუმინა XSEK-502 თხ. ქვედა შემკვრელი,გალუ4337,შავი,000016296,,,,,,გმქნ4061 - შემაფერხებელიანი მიმმართველი ალუმინის ფასადის.  ნობელალუმინა HB01,000013473
სიმდი,200,2600,500,1100,1401-2000,2600-2700,"პნლა275432 - გასაგორებელი კარი სიმდი, შავი, 1401-2000, გალუ4312",პნლა275432,შავი,გალუ4312,000041919,გალუ4312 - პროფილი. ნობელალუმინა FSQ-047 შემკვრელი გვერდი შავი,გალუ4312,პროფილი. ნობელალუმინა FSQ-047 შემკვრელი გვერდი,შავი,000015210,გალუ4349 - პროფილი. ნობელალუმინა XBF-013 თხ. ტიხარი/ზედა შემკვრელი შავი,პროფილი. ნობელალუმინა XBF-013 თხ. ტიხარი/ზედა შემკვრელი,გალუ4349,შავი,000016298,გალუ4337 - პროფილი. ნობელალუმინა XSEK-502 თხ. ქვედა შემკვრელი შავი,პროფილი. ნობელალუმინა XSEK-502 თხ. ქვედა შემკვრელი,გალუ4337,შავი,000016296,,,,,,გმქნ4061 - შემაფერხებელიანი მიმმართველი ალუმინის ფასადის.  ნობელალუმინა HB01,000013473
სიმდი,200,2600,500,1100,2001-2600,2600-2700,"პნლა275450 - გასაგორებელი კარი სიმდი, შავი, 2001-2600, გალუ4312",პნლა275450,შავი,გალუ4312,000041937,გალუ4312 - პროფილი. ნობელალუმინა FSQ-047 შემკვრელი გვერდი შავი,გალუ4312,პროფილი. ნობელალუმინა FSQ-047 შემკვრელი გვერდი,შავი,000015210,გალუ4349 - პროფილი. ნობელალუმინა XBF-013 თხ. ტიხარი/ზედა შემკვრელი შავი,პროფილი. ნობელალუმინა XBF-013 თხ. ტიხარი/ზედა შემკვრელი,გალუ4349,შავი,000016298,გალუ4337 - პროფილი. ნობელალუმინა XSEK-502 თხ. ქვედა შემკვრელი შავი,პროფილი. ნობელალუმინა XSEK-502 თხ. ქვედა შემკვრელი,გალუ4337,შავი,000016296,,,,,,გმქნ4061 - შემაფერხებელიანი მიმმართველი ალუმინის ფასადის.  ნობელალუმინა HB01,000013473
